method,grid_index,seed,selected_native_index,native_validation_loss,native_loss,parameters,elapsed_seconds
arff,0,0,1,9.123239517211914,validation_mse,3072,5.497139781014994
arff,0,1,1,8.815573692321777,validation_mse,3072,1.2331559439189732
arff,0,2,1,8.802627563476562,validation_mse,3072,1.2285411008633673
arff,1,0,1,8.27243423461914,validation_mse,3072,3.074135565198958
arff,1,1,1,8.240673065185547,validation_mse,3072,1.2274811980314553
arff,1,2,1,8.261078834533691,validation_mse,3072,1.2545721919741482
arff,2,0,1,8.07821273803711,validation_mse,3072,3.0921193710528314
arff,2,1,1,8.108283996582031,validation_mse,3072,1.2571667940355837
arff,2,2,1,8.089425086975098,validation_mse,3072,1.2580366630572826
neural,0,0,110,2.8892669677734375,validation_nll,1275,34.98393879807554
neural,0,1,101,2.852409601211548,validation_nll,1275,25.403765159193426
neural,0,2,190,2.877046823501587,validation_nll,1275,25.565083798021078
neural,1,0,43,2.871319532394409,validation_nll,1275,26.946080076973885
neural,1,1,80,2.842240333557129,validation_nll,1275,25.557372705079615
neural,1,2,28,2.8659467697143555,validation_nll,1275,25.30523752910085
neural,2,0,17,2.880382537841797,validation_nll,1275,28.46373970899731
neural,2,1,31,2.8529436588287354,validation_nll,1275,28.12153075193055
neural,2,2,12,2.8626606464385986,validation_nll,1275,27.494822007836774
