split,method,comparator,month,count,mean_nll_difference,median_hour_difference,lower_hours,higher_hours
validation,arff_s0,constant,ALL,8784,88.78588159687874,-0.13217016764331646,4973,3811
validation,arff_s0,constant,2024-01,744,39.288151703373444,-0.1376926571122965,423,321
validation,arff_s0,constant,2024-02,696,229.1316062864675,-0.05745053539655842,366,330
validation,arff_s0,constant,2024-03,744,109.99829246471938,-0.019578867487421547,377,367
validation,arff_s0,constant,2024-04,720,8.125780094500946,-0.06369930320135442,393,327
validation,arff_s0,constant,2024-05,744,265.3116901280601,0.009835051333075384,370,374
validation,arff_s0,constant,2024-06,720,70.54475906783824,-0.09878790577672802,394,326
validation,arff_s0,constant,2024-07,744,11.133217787474196,-0.35629866211051286,504,240
validation,arff_s0,constant,2024-08,744,85.64518485391426,-0.02015973083501077,379,365
validation,arff_s0,constant,2024-09,720,37.448243114613966,-0.23748600262451447,467,253
validation,arff_s0,constant,2024-10,744,20.082408241649706,-0.4502400061915006,528,216
validation,arff_s0,constant,2024-11,720,134.53484193297615,-0.05527490702106874,384,336
validation,arff_s0,constant,2024-12,744,59.87032436442768,-0.020784482630971546,388,356
validation,arff_s0,ewma,ALL,8784,89.06068933385544,0.11141290737914833,3714,5070
validation,arff_s0,ewma,2024-01,744,39.70122502043902,0.0315111584783736,354,390
validation,arff_s0,ewma,2024-02,696,229.3741693968269,0.27529251076275063,213,483
validation,arff_s0,ewma,2024-03,744,110.60167134334228,0.012414166707300112,361,383
validation,arff_s0,ewma,2024-04,720,8.120537928143307,0.03444489885457358,342,378
validation,arff_s0,ewma,2024-05,744,265.3432849120214,0.36904449359652336,265,479
validation,arff_s0,ewma,2024-06,720,70.80117671491826,0.37060290341785773,214,506
validation,arff_s0,ewma,2024-07,744,11.235559344664475,0.06321794451203644,328,416
validation,arff_s0,ewma,2024-08,744,85.99802262023134,0.11932736066556338,318,426
validation,arff_s0,ewma,2024-09,720,37.556549750406816,0.14820639685050097,279,441
validation,arff_s0,ewma,2024-10,744,20.385120243255916,0.19149432707536818,274,470
validation,arff_s0,ewma,2024-11,720,135.02424734521483,-0.04382834941990765,379,341
validation,arff_s0,ewma,2024-12,744,60.26047237161367,-0.011625280873206911,387,357
validation,arff_s0,dcc,ALL,8784,89.17908793327496,0.09060098028061514,3790,4994
validation,arff_s0,dcc,2024-01,744,39.844306606389786,0.14879933333688378,304,440
validation,arff_s0,dcc,2024-02,696,229.5438565952773,0.25850376182488866,246,450
validation,arff_s0,dcc,2024-03,744,110.65336000229279,0.08753667833682588,315,429
validation,arff_s0,dcc,2024-04,720,8.139125974135824,-0.015735575975899252,373,347
validation,arff_s0,dcc,2024-05,744,265.6247849771173,0.27085989553432555,293,451
validation,arff_s0,dcc,2024-06,720,70.98817637512582,0.29967706117217485,243,477
validation,arff_s0,dcc,2024-07,744,11.38445544146639,-0.0034515052555725845,376,368
validation,arff_s0,dcc,2024-08,744,86.11022260455745,0.08499272093880261,326,418
validation,arff_s0,dcc,2024-09,720,37.648753542216646,0.05947143973628499,319,401
validation,arff_s0,dcc,2024-10,744,20.464712000217016,0.0609489242789234,345,399
validation,arff_s0,dcc,2024-11,720,135.0528942924752,0.055465413387018714,321,399
validation,arff_s0,dcc,2024-12,744,60.36673374850749,0.07545320370803665,329,415
validation,arff_s0_diagonal,constant,ALL,8784,52.80369762806486,0.7003128117369641,2184,6600
validation,arff_s0_diagonal,constant,2024-01,744,28.005827102959806,0.5384405318240262,211,533
validation,arff_s0_diagonal,constant,2024-02,696,126.92528134008295,0.611042073658834,190,506
validation,arff_s0_diagonal,constant,2024-03,744,35.17107020006028,0.921145518019741,160,584
validation,arff_s0_diagonal,constant,2024-04,720,2.986665412476149,0.8272845137255258,160,560
validation,arff_s0_diagonal,constant,2024-05,744,197.4838962535695,0.6632586452666338,202,542
validation,arff_s0_diagonal,constant,2024-06,720,72.93321801329756,0.6908604113257191,181,539
validation,arff_s0_diagonal,constant,2024-07,744,1.1992310190194397,0.6075717444598423,200,544
validation,arff_s0_diagonal,constant,2024-08,744,59.27104453807675,0.8279162661309138,163,581
validation,arff_s0_diagonal,constant,2024-09,720,26.269189009767832,0.6196527221432699,182,538
validation,arff_s0_diagonal,constant,2024-10,744,7.936608242670848,0.4120246323682135,217,527
validation,arff_s0_diagonal,constant,2024-11,720,42.58543605066029,0.805126113552741,166,554
validation,arff_s0_diagonal,constant,2024-12,744,35.51570710891043,0.9714549265008889,152,592
validation,arff_s0_diagonal,ewma,ALL,8784,53.07850536504156,1.0615386166526273,1248,7536
validation,arff_s0_diagonal,ewma,2024-01,744,28.41890042002539,0.8186174738973557,118,626
validation,arff_s0_diagonal,ewma,2024-02,696,127.16784445044233,1.1373285561631246,83,613
validation,arff_s0_diagonal,ewma,2024-03,744,35.77444907868317,0.9745788447303347,101,643
validation,arff_s0_diagonal,ewma,2024-04,720,2.9814232461185095,1.0137463045297928,107,613
validation,arff_s0_diagonal,ewma,2024-05,744,197.51549103753084,1.1759686379277436,130,614
validation,arff_s0_diagonal,ewma,2024-06,720,73.18963566037762,1.40111598266083,79,641
validation,arff_s0_diagonal,ewma,2024-07,744,1.301572576209717,1.1654800620546872,97,647
validation,arff_s0_diagonal,ewma,2024-08,744,59.62388230439384,1.0826506086203977,106,638
validation,arff_s0_diagonal,ewma,2024-09,720,26.377495645560682,1.0860267878011607,98,622
validation,arff_s0_diagonal,ewma,2024-10,744,8.239320244277053,1.2977663401614965,95,649
validation,arff_s0_diagonal,ewma,2024-11,720,43.074841462898966,0.8225701567148977,114,606
validation,arff_s0_diagonal,ewma,2024-12,744,35.90585511609641,0.9982512353717699,120,624
validation,arff_s0_diagonal,dcc,ALL,8784,53.1969039644611,1.079530990625317,1175,7609
validation,arff_s0_diagonal,dcc,2024-01,744,28.56198200597615,0.9323998842660695,122,622
validation,arff_s0_diagonal,dcc,2024-02,696,127.33753164889272,1.0540243091559374,93,603
validation,arff_s0_diagonal,dcc,2024-03,744,35.826137737633694,1.0959453376030899,100,644
validation,arff_s0_diagonal,dcc,2024-04,720,3.0000112921110276,0.9804856308846972,103,617
validation,arff_s0_diagonal,dcc,2024-05,744,197.79699110262666,1.123827080740675,110,634
validation,arff_s0_diagonal,dcc,2024-06,720,73.37663532058515,1.3223204214393522,66,654
validation,arff_s0_diagonal,dcc,2024-07,744,1.4504686730116307,1.1108473357914823,93,651
validation,arff_s0_diagonal,dcc,2024-08,744,59.73608228871996,1.0988124792640006,88,656
validation,arff_s0_diagonal,dcc,2024-09,720,26.46969943737051,1.0727811581797893,96,624
validation,arff_s0_diagonal,dcc,2024-10,744,8.318912001238155,1.1400935228156595,82,662
validation,arff_s0_diagonal,dcc,2024-11,720,43.10348841015936,0.9296984890293922,103,617
validation,arff_s0_diagonal,dcc,2024-12,744,36.01211649299025,1.0681575970562402,119,625
validation,arff_s1,constant,ALL,8784,254.78513972807303,-0.1280975140848719,4959,3825
validation,arff_s1,constant,2024-01,744,759.5821703348084,-0.03948865098485932,385,359
validation,arff_s1,constant,2024-02,696,193.31085611377276,-0.13957260109923908,407,289
validation,arff_s1,constant,2024-03,744,211.27984740012468,-0.006733257150247418,376,368
validation,arff_s1,constant,2024-04,720,6.4732037211992965,-0.05705525338761408,393,327
validation,arff_s1,constant,2024-05,744,630.0499341575044,-0.07370360954030808,389,355
validation,arff_s1,constant,2024-06,720,50.70497543282385,-0.17828503206170332,411,309
validation,arff_s1,constant,2024-07,744,88.4314811469828,-0.26694078665131116,444,300
validation,arff_s1,constant,2024-08,744,28.322837084304805,-0.05859203411974345,396,348
validation,arff_s1,constant,2024-09,720,13.54902597198178,-0.2642549947115116,480,240
validation,arff_s1,constant,2024-10,744,13.871164201719361,-0.5246164933070592,545,199
validation,arff_s1,constant,2024-11,720,942.650157955751,-0.017047384394103915,364,356
validation,arff_s1,constant,2024-12,744,115.04403085915737,0.007041605209574087,369,375
validation,arff_s1,ewma,ALL,8784,255.05994746504982,0.1252727711681425,3593,5191
validation,arff_s1,ewma,2024-01,744,759.9952436518739,0.18830894055801028,293,451
validation,arff_s1,ewma,2024-02,696,193.5534192241321,0.27420592486307616,214,482
validation,arff_s1,ewma,2024-03,744,211.88322627874754,-0.0018897237085324647,374,370
validation,arff_s1,ewma,2024-04,720,6.467961554841654,0.09506581469390518,297,423
validation,arff_s1,ewma,2024-05,744,630.0815289414658,0.3181140706858221,251,493
validation,arff_s1,ewma,2024-06,720,50.96139307990387,0.32019318503377114,219,501
validation,arff_s1,ewma,2024-07,744,88.53382270417308,0.09896963708423812,313,431
validation,arff_s1,ewma,2024-08,744,28.67567485062188,0.12194854779644881,301,443
validation,arff_s1,ewma,2024-09,720,13.65733260777463,0.10187212014548397,292,428
validation,arff_s1,ewma,2024-10,744,14.17387620332557,0.13893672572987192,289,455
validation,arff_s1,ewma,2024-11,720,943.1395633679897,-0.012659223342339487,369,351
validation,arff_s1,ewma,2024-12,744,115.43417886634337,-0.026713371208082926,381,363
validation,arff_s1,dcc,ALL,8784,255.1783460644693,0.08513877044504525,3801,4983
validation,arff_s1,dcc,2024-01,744,760.1383252378246,0.20222160861112748,278,466
validation,arff_s1,dcc,2024-02,696,193.7231064225825,0.21598473930808382,245,451
validation,arff_s1,dcc,2024-03,744,211.9349149376981,0.05081250312924457,344,400
validation,arff_s1,dcc,2024-04,720,6.486549600834172,0.02663844254428316,339,381
validation,arff_s1,dcc,2024-05,744,630.3630290065615,0.2559210972738999,285,459
validation,arff_s1,dcc,2024-06,720,51.148392740111426,0.2707535890217434,254,466
validation,arff_s1,dcc,2024-07,744,88.682718800975,0.008535832350845318,370,374
validation,arff_s1,dcc,2024-08,744,28.787874834948006,0.10452584850952462,304,440
validation,arff_s1,dcc,2024-09,720,13.749536399584462,0.026528947180214146,337,383
validation,arff_s1,dcc,2024-10,744,14.253467960286669,0.017475800909121375,358,386
validation,arff_s1,dcc,2024-11,720,943.1682103152501,0.04094748813307003,346,374
validation,arff_s1,dcc,2024-12,744,115.54044024323719,0.046761872225784096,341,403
validation,arff_s1_diagonal,constant,ALL,8784,200.49597173699178,0.6923528144566529,2200,6584
validation,arff_s1_diagonal,constant,2024-01,744,659.9310861077205,0.7018512046127112,195,549
validation,arff_s1_diagonal,constant,2024-02,696,136.64107689190604,0.45892415964209743,204,492
validation,arff_s1_diagonal,constant,2024-03,744,100.0131895188314,0.8747476159738712,189,555
validation,arff_s1_diagonal,constant,2024-04,720,1.1648555402178102,0.920699786250819,112,608
validation,arff_s1_diagonal,constant,2024-05,744,475.8078311971296,0.7391768543893367,193,551
validation,arff_s1_diagonal,constant,2024-06,720,29.14089876936015,0.5135752543064251,218,502
validation,arff_s1_diagonal,constant,2024-07,744,96.5110044232541,0.6872672792180605,188,556
validation,arff_s1_diagonal,constant,2024-08,744,0.8078376270273215,0.8887264359743687,126,618
validation,arff_s1_diagonal,constant,2024-09,720,0.967576493363408,0.6829661875963051,138,582
validation,arff_s1_diagonal,constant,2024-10,744,1.303590460081859,0.3755844936222674,236,508
validation,arff_s1_diagonal,constant,2024-11,720,855.0024785492197,0.6760201466651425,218,502
validation,arff_s1_diagonal,constant,2024-12,744,47.25965890172539,0.8829777622973518,183,561
validation,arff_s1_diagonal,ewma,ALL,8784,200.77077947396845,1.0951387656187572,1343,7441
validation,arff_s1_diagonal,ewma,2024-01,744,660.3441594247862,0.9642204408587061,119,625
validation,arff_s1_diagonal,ewma,2024-02,696,136.8836400022654,1.0950898958352555,97,599
validation,arff_s1_diagonal,ewma,2024-03,744,100.6165683974543,0.944909735512816,136,608
validation,arff_s1_diagonal,ewma,2024-04,720,1.15961337386017,1.1685110017862481,86,634
validation,arff_s1_diagonal,ewma,2024-05,744,475.839425981091,1.2871861626765542,106,638
validation,arff_s1_diagonal,ewma,2024-06,720,29.397316416440166,1.2047112574340995,100,620
validation,arff_s1_diagonal,ewma,2024-07,744,96.61334598044435,1.2176864313073086,95,649
validation,arff_s1_diagonal,ewma,2024-08,744,1.1606753933443998,1.1396839220222992,88,656
validation,arff_s1_diagonal,ewma,2024-09,720,1.0758831291562565,1.200223708719311,86,634
validation,arff_s1_diagonal,ewma,2024-10,744,1.606302461688065,1.25512916037259,87,657
validation,arff_s1_diagonal,ewma,2024-11,720,855.4918839614585,0.5653850573257095,192,528
validation,arff_s1_diagonal,ewma,2024-12,744,47.649806908911394,0.8536976675510308,151,593
validation,arff_s1_diagonal,dcc,ALL,8784,200.889178073388,1.0728749468052587,1209,7575
validation,arff_s1_diagonal,dcc,2024-01,744,660.487241010737,1.0281542569486843,121,623
validation,arff_s1_diagonal,dcc,2024-02,696,137.05332720071576,0.9807658540530939,101,595
validation,arff_s1_diagonal,dcc,2024-03,744,100.66825705640481,1.021791092408467,125,619
validation,arff_s1_diagonal,dcc,2024-04,720,1.1782014198526878,1.1522340720946538,85,635
validation,arff_s1_diagonal,dcc,2024-05,744,476.1209260461869,1.2291653574023966,95,649
validation,arff_s1_diagonal,dcc,2024-06,720,29.584316076647728,1.0955928393864225,85,635
validation,arff_s1_diagonal,dcc,2024-07,744,96.76224207724627,1.1308454483730692,84,660
validation,arff_s1_diagonal,dcc,2024-08,744,1.2728753776705217,1.1706270394958178,70,674
validation,arff_s1_diagonal,dcc,2024-09,720,1.1680869209660885,1.1467370492695999,77,643
validation,arff_s1_diagonal,dcc,2024-10,744,1.685894218649166,1.1135263071365582,66,678
validation,arff_s1_diagonal,dcc,2024-11,720,855.5205309087188,0.6889321178363561,161,559
validation,arff_s1_diagonal,dcc,2024-12,744,47.756068285805206,0.9553423222574837,139,605
validation,arff_s2,constant,ALL,8784,205.71193615580037,-0.13474842619508376,4997,3787
validation,arff_s2,constant,2024-01,744,724.6029287252005,-0.03785646844960322,380,364
validation,arff_s2,constant,2024-02,696,379.57215472464713,-0.07736740670236486,376,320
validation,arff_s2,constant,2024-03,744,304.54223995907256,0.013288924049909667,367,377
validation,arff_s2,constant,2024-04,720,0.26263168281947324,-0.12463206074667621,416,304
validation,arff_s2,constant,2024-05,744,95.5086073403349,-0.11445777135389612,406,338
validation,arff_s2,constant,2024-06,720,66.13325915723821,-0.1908380397303464,438,282
validation,arff_s2,constant,2024-07,744,0.1704955216797076,-0.3631014709328726,517,227
validation,arff_s2,constant,2024-08,744,55.08125715770392,-0.006165337135704441,373,371
validation,arff_s2,constant,2024-09,720,27.0289053004413,-0.25304013637075684,483,237
validation,arff_s2,constant,2024-10,744,35.98798253600687,-0.3946764627539796,510,234
validation,arff_s2,constant,2024-11,720,334.1501425233959,0.02125555620566999,354,366
validation,arff_s2,constant,2024-12,744,443.9686818597213,-0.011154774776299448,377,367
validation,arff_s2,ewma,ALL,8784,205.98674389277707,0.1208519740527576,3632,5152
validation,arff_s2,ewma,2024-01,744,725.0160020422663,0.17857212377881826,300,444
validation,arff_s2,ewma,2024-02,696,379.8147178350065,0.32269854243487384,218,478
validation,arff_s2,ewma,2024-03,744,305.1456188376954,0.03271743364242763,353,391
validation,arff_s2,ewma,2024-04,720,0.2573895164618325,0.02580026887754361,342,378
validation,arff_s2,ewma,2024-05,744,95.54020212429624,0.30835045866899335,270,474
validation,arff_s2,ewma,2024-06,720,66.38967680431823,0.3296604297482215,245,475
validation,arff_s2,ewma,2024-07,744,0.27283707886998493,0.08259247321582208,331,413
validation,arff_s2,ewma,2024-08,744,55.43409492402098,0.0910590094352024,315,429
validation,arff_s2,ewma,2024-09,720,27.137211936234152,0.09416196698208879,302,418
validation,arff_s2,ewma,2024-10,744,36.29069453761308,0.253855381672345,252,492
validation,arff_s2,ewma,2024-11,720,334.6395479356346,0.06347394581599364,331,389
validation,arff_s2,ewma,2024-12,744,444.3588298669073,-0.002164902010720837,373,371
validation,arff_s2,dcc,ALL,8784,206.10514249219662,0.1000964902677497,3728,5056
validation,arff_s2,dcc,2024-01,744,725.159083628217,0.2559136915098241,270,474
validation,arff_s2,dcc,2024-02,696,379.9844050334569,0.2623122273746743,232,464
validation,arff_s2,dcc,2024-03,744,305.197307496646,0.12159335350017386,311,433
validation,arff_s2,dcc,2024-04,720,0.2759775624543506,-0.022862222001904797,373,347
validation,arff_s2,dcc,2024-05,744,95.82170218939208,0.22067728351990645,276,468
validation,arff_s2,dcc,2024-06,720,66.57667646452579,0.26268693978641977,257,463
validation,arff_s2,dcc,2024-07,744,0.4217331756718991,0.010460266561484133,365,379
validation,arff_s2,dcc,2024-08,744,55.54629490834712,0.08418389620085431,320,424
validation,arff_s2,dcc,2024-09,720,27.22941572804398,-0.0049591491205127625,362,358
validation,arff_s2,dcc,2024-10,744,36.37028629457418,0.10651827465373742,316,428
validation,arff_s2,dcc,2024-11,720,334.66819488289497,0.09147592265802196,315,405
validation,arff_s2,dcc,2024-12,744,444.4650912438012,0.05256565986814188,331,413
validation,arff_s2_diagonal,constant,ALL,8784,142.55025520987994,0.7305725959143956,2047,6737
validation,arff_s2_diagonal,constant,2024-01,744,681.8216942953502,0.6731195048119192,177,567
validation,arff_s2_diagonal,constant,2024-02,696,219.71664936135,0.5672896882701588,180,516
validation,arff_s2_diagonal,constant,2024-03,744,182.9467800786543,1.0250475385792273,162,582
validation,arff_s2_diagonal,constant,2024-04,720,1.1407425885494529,0.8384087125554398,128,592
validation,arff_s2_diagonal,constant,2024-05,744,105.07603817592005,0.6360500347640174,175,569
validation,arff_s2_diagonal,constant,2024-06,720,45.062884420002966,0.5476737348781677,198,522
validation,arff_s2_diagonal,constant,2024-07,744,1.0446942268914234,0.7724898397405422,129,615
validation,arff_s2_diagonal,constant,2024-08,744,0.868169012427612,0.8651801380690491,142,602
validation,arff_s2_diagonal,constant,2024-09,720,4.867805240500883,0.6489310438342928,173,547
validation,arff_s2_diagonal,constant,2024-10,744,7.074798019919737,0.4696884385565383,221,523
validation,arff_s2_diagonal,constant,2024-11,720,214.0602907183496,0.7698405757705586,192,528
validation,arff_s2_diagonal,constant,2024-12,744,242.06004833002436,0.9963107086410492,170,574
validation,arff_s2_diagonal,ewma,ALL,8784,142.82506294685666,1.098817172849187,1266,7518
validation,arff_s2_diagonal,ewma,2024-01,744,682.2347676124159,0.8864014743869486,119,625
validation,arff_s2_diagonal,ewma,2024-02,696,219.95921247170935,1.181531933100029,95,601
validation,arff_s2_diagonal,ewma,2024-03,744,183.5501589572772,0.9957910708390365,112,632
validation,arff_s2_diagonal,ewma,2024-04,720,1.1355004221918121,1.0638360273022895,91,629
validation,arff_s2_diagonal,ewma,2024-05,744,105.10763295988139,1.2061022656493092,91,653
validation,arff_s2_diagonal,ewma,2024-06,720,45.319302067082994,1.28834979086057,90,630
validation,arff_s2_diagonal,ewma,2024-07,744,1.1470357840817007,1.3213717093378223,78,666
validation,arff_s2_diagonal,ewma,2024-08,744,1.2210067787446903,1.0668012257688346,87,657
validation,arff_s2_diagonal,ewma,2024-09,720,4.976111876293732,1.1017155106050867,97,623
validation,arff_s2_diagonal,ewma,2024-10,744,7.377510021525943,1.3329553384095503,100,644
validation,arff_s2_diagonal,ewma,2024-11,720,214.54969613058827,0.7207205048943361,171,549
validation,arff_s2_diagonal,ewma,2024-12,744,242.45019633721034,0.9541161243010059,135,609
validation,arff_s2_diagonal,dcc,ALL,8784,142.94346154627615,1.10695599215597,1175,7609
validation,arff_s2_diagonal,dcc,2024-01,744,682.3778491983667,1.0169645260998275,127,617
validation,arff_s2_diagonal,dcc,2024-02,696,220.12889967015977,1.1322926235923054,92,604
validation,arff_s2_diagonal,dcc,2024-03,744,183.60184761622773,1.0794597615997548,98,646
validation,arff_s2_diagonal,dcc,2024-04,720,1.1540884681843302,1.0694261750372709,90,630
validation,arff_s2_diagonal,dcc,2024-05,744,105.38913302497724,1.2192883835682666,82,662
validation,arff_s2_diagonal,dcc,2024-06,720,45.50630172729054,1.2337233703393649,86,634
validation,arff_s2_diagonal,dcc,2024-07,744,1.295931880883615,1.2476105294315705,68,676
validation,arff_s2_diagonal,dcc,2024-08,744,1.3332067630708124,1.1424167403281045,80,664
validation,arff_s2_diagonal,dcc,2024-09,720,5.068315668103563,1.0662697144459194,92,628
validation,arff_s2_diagonal,dcc,2024-10,744,7.457101778487045,1.145345280219499,84,660
validation,arff_s2_diagonal,dcc,2024-11,720,214.5783430778487,0.8903289195528714,154,566
validation,arff_s2_diagonal,dcc,2024-12,744,242.55645771410417,1.0253420291919797,122,622
validation,neural_s0,constant,ALL,8784,-0.3476183436800916,-0.23003232687716135,5829,2955
validation,neural_s0,constant,2024-01,744,-0.331812679349981,-0.25188845772792234,504,240
validation,neural_s0,constant,2024-02,696,-0.3916885333813894,-0.2795152915227819,511,185
validation,neural_s0,constant,2024-03,744,-0.5359636527464987,-0.022546993760227174,387,357
validation,neural_s0,constant,2024-04,720,-0.06123685364975037,-0.05417048331090424,396,324
validation,neural_s0,constant,2024-05,744,-0.46841021133898403,-0.3425939749662419,543,201
validation,neural_s0,constant,2024-06,720,-0.35194562754642883,-0.4690664829062925,522,198
validation,neural_s0,constant,2024-07,744,-0.22181548380535634,-0.32760638476004544,542,202
validation,neural_s0,constant,2024-08,744,-0.4485489033011601,-0.14108499508350913,452,292
validation,neural_s0,constant,2024-09,720,-0.18329752393304627,-0.2879496049357675,519,201
validation,neural_s0,constant,2024-10,744,-0.39209053673795075,-0.5471995044647153,592,152
validation,neural_s0,constant,2024-11,720,-0.3468064472988083,-0.10701572295219552,423,297
validation,neural_s0,constant,2024-12,744,-0.4262215245269154,-0.0887279328772026,438,306
validation,neural_s0,ewma,ALL,8784,-0.07281060670339969,0.051657575862403604,4007,4777
validation,neural_s0,ewma,2024-01,744,0.08126063771560334,0.03419020240149706,359,385
validation,neural_s0,ewma,2024-02,696,-0.14912542302202544,0.15599538116243306,257,439
validation,neural_s0,ewma,2024-03,744,0.06741522587639467,-0.014412059852579873,379,365
validation,neural_s0,ewma,2024-04,720,-0.06647902000739109,0.05128215326507313,310,410
validation,neural_s0,ewma,2024-05,744,-0.4368154273776381,0.07660202677104166,316,428
validation,neural_s0,ewma,2024-06,720,-0.09552798046640854,0.1984076969456856,254,466
validation,neural_s0,ewma,2024-07,744,-0.11947392661507904,0.0882301715546081,318,426
validation,neural_s0,ewma,2024-08,744,-0.09571113698408185,0.008874459422038683,365,379
validation,neural_s0,ewma,2024-09,720,-0.07499088814019786,0.044497046596994494,328,392
validation,neural_s0,ewma,2024-10,744,-0.08937853513174489,0.10517539494610162,280,464
validation,neural_s0,ewma,2024-11,720,0.14259896493986118,-0.12933948851746457,425,295
validation,neural_s0,ewma,2024-12,744,-0.036073517340920694,-0.05804235152597226,416,328
validation,neural_s0,dcc,ALL,8784,0.0455879927161457,0.05105352652696027,3947,4837
validation,neural_s0,dcc,2024-01,744,0.2243422236663598,0.06855210104787357,320,424
validation,neural_s0,dcc,2024-02,696,0.020561775428357437,0.09124314703567826,288,408
validation,neural_s0,dcc,2024-03,744,0.11910388482692846,0.09648849090272726,321,423
validation,neural_s0,dcc,2024-04,720,-0.04789097401487299,0.017548451112638475,348,372
validation,neural_s0,dcc,2024-05,744,-0.1553153622817831,0.1055141965500157,309,435
validation,neural_s0,dcc,2024-06,720,0.09147167974115206,0.12923273165455118,256,464
validation,neural_s0,dcc,2024-07,744,0.02942217018683517,-0.001863297339028236,373,371
validation,neural_s0,dcc,2024-08,744,0.016488847342040255,0.07205363967837997,324,420
validation,neural_s0,dcc,2024-09,720,0.01721290366963427,9.838950112595057e-05,360,360
validation,neural_s0,dcc,2024-10,744,-0.009786778170643533,0.027692541387841274,348,396
validation,neural_s0,dcc,2024-11,720,0.17124591220024873,-0.0011429045748885258,360,360
validation,neural_s0,dcc,2024-12,744,0.07018785955291124,0.0465777732558168,340,404
validation,neural_s1,constant,ALL,8784,-0.3766987659282673,-0.2446371055353067,5740,3044
validation,neural_s1,constant,2024-01,744,-0.47425450653618795,-0.2208614290007187,488,256
validation,neural_s1,constant,2024-02,696,-0.35619016689907235,-0.2905240828378739,496,200
validation,neural_s1,constant,2024-03,744,-0.5482492841715713,-0.061116043948995724,397,347
validation,neural_s1,constant,2024-04,720,-0.12469253739669257,-0.058878919861442114,388,332
validation,neural_s1,constant,2024-05,744,-0.5147436953820888,-0.3997458944885297,544,200
validation,neural_s1,constant,2024-06,720,-0.38997083587366116,-0.4661907469948101,528,192
validation,neural_s1,constant,2024-07,744,-0.20861338262865597,-0.40509064922652094,550,194
validation,neural_s1,constant,2024-08,744,-0.4457604896689524,-0.2064843562213401,484,260
validation,neural_s1,constant,2024-09,720,-0.17402636080576012,-0.3494164298994562,530,190
validation,neural_s1,constant,2024-10,744,-0.388093115583071,-0.5979010130124074,587,157
validation,neural_s1,constant,2024-11,720,-0.4729223674759571,-0.03014312346086534,378,342
validation,neural_s1,constant,2024-12,744,-0.41041037903304006,0.00241381336120039,370,374
validation,neural_s1,ewma,ALL,8784,-0.10189102895157529,0.03455175406798894,4083,4701
validation,neural_s1,ewma,2024-01,744,-0.061181189470603574,0.03437769449179395,352,392
validation,neural_s1,ewma,2024-02,696,-0.11362705653970838,0.17449514214066042,233,463
validation,neural_s1,ewma,2024-03,744,0.055129594451322185,-0.024248677931146823,387,357
validation,neural_s1,ewma,2024-04,720,-0.12993470375433328,0.008119650535369338,351,369
validation,neural_s1,ewma,2024-05,744,-0.4831489114207429,0.0455837399792518,343,401
validation,neural_s1,ewma,2024-06,720,-0.13355318879364075,0.12110670026160442,268,452
validation,neural_s1,ewma,2024-07,744,-0.10627182543837865,0.03588303036909224,337,407
validation,neural_s1,ewma,2024-08,744,-0.09292272335187411,-0.04279749667704813,401,343
validation,neural_s1,ewma,2024-09,720,-0.06571972501291169,0.04116559376213935,334,386
validation,neural_s1,ewma,2024-10,744,-0.08538111397686517,0.07276143810229563,315,429
validation,neural_s1,ewma,2024-11,720,0.01648304476271237,-0.0684933005336692,400,320
validation,neural_s1,ewma,2024-12,744,-0.020262371847045404,0.015719043854699244,362,382
validation,neural_s1,dcc,ALL,8784,0.016507570467970106,0.04783735094444452,3990,4794
validation,neural_s1,dcc,2024-01,744,0.08190039648015295,0.09087002691460633,308,436
validation,neural_s1,dcc,2024-02,696,0.05606014191067446,0.08958991467026678,278,418
validation,neural_s1,dcc,2024-03,744,0.10681825340185595,0.10694085729765224,323,421
validation,neural_s1,dcc,2024-04,720,-0.1113466577618152,-0.019276834146003452,376,344
validation,neural_s1,dcc,2024-05,744,-0.20164884632488775,0.10502336304078774,295,449
validation,neural_s1,dcc,2024-06,720,0.05344647141391984,0.1473270083834528,292,428
validation,neural_s1,dcc,2024-07,744,0.04262427136353556,-0.01741025608453306,386,358
validation,neural_s1,dcc,2024-08,744,0.01927726097424802,0.02808635276862237,357,387
validation,neural_s1,dcc,2024-09,720,0.02648406679692044,0.002522427976678898,358,362
validation,neural_s1,dcc,2024-10,744,-0.005789357015763783,0.009727705970574263,361,383
validation,neural_s1,dcc,2024-11,720,0.04512999202309995,0.015422054633130067,347,373
validation,neural_s1,dcc,2024-12,744,0.08599900504678654,0.11587556369304597,309,435
validation,neural_s2,constant,ALL,8784,-0.3529916013891754,-0.21434459764092217,5793,2991
validation,neural_s2,constant,2024-01,744,-0.3345906580479405,-0.16385893703799947,479,265
validation,neural_s2,constant,2024-02,696,-0.33823490674969003,-0.23777434527051788,511,185
validation,neural_s2,constant,2024-03,744,-0.49794961029377605,-0.022298618902989453,380,364
validation,neural_s2,constant,2024-04,720,-0.08872327725255515,-0.048244680599011325,404,316
validation,neural_s2,constant,2024-05,744,-0.43731756400447797,-0.3752334782779112,531,213
validation,neural_s2,constant,2024-06,720,-0.3618159757649496,-0.4175665136263129,532,188
validation,neural_s2,constant,2024-07,744,-0.23160069891713023,-0.37325239701490354,570,174
validation,neural_s2,constant,2024-08,744,-0.4639452848785282,-0.13282776631338855,473,271
validation,neural_s2,constant,2024-09,720,-0.18179711078599917,-0.29865226298948233,532,188
validation,neural_s2,constant,2024-10,744,-0.437162581037459,-0.5438709885535706,609,135
validation,neural_s2,constant,2024-11,720,-0.46280648911986333,-0.03195374502966786,375,345
validation,neural_s2,constant,2024-12,744,-0.3887829004012092,-0.029396405184998642,397,347
validation,neural_s2,ewma,ALL,8784,-0.0781838644124834,0.055179034862180565,3925,4859
validation,neural_s2,ewma,2024-01,744,0.0784826590176438,0.03645309856275336,349,395
validation,neural_s2,ewma,2024-02,696,-0.09567179639032612,0.1810560791344047,230,466
validation,neural_s2,ewma,2024-03,744,0.10542926832911738,-0.004551456668201226,378,366
validation,neural_s2,ewma,2024-04,720,-0.09396544361019586,0.05549764998316675,316,404
validation,neural_s2,ewma,2024-05,744,-0.40572278004313206,0.07215266026254774,314,430
validation,neural_s2,ewma,2024-06,720,-0.10539832868492921,0.21545017053021365,236,484
validation,neural_s2,ewma,2024-07,744,-0.1292591417268529,0.06396065761304826,315,429
validation,neural_s2,ewma,2024-08,744,-0.11110751856144989,-0.014277276908678083,377,367
validation,neural_s2,ewma,2024-09,720,-0.07349047499315076,0.0734303189145411,305,415
validation,neural_s2,ewma,2024-10,744,-0.1344505794312532,0.09845716645737213,296,448
validation,neural_s2,ewma,2024-11,720,0.026598923118806173,-0.09846301934248913,416,304
validation,neural_s2,ewma,2024-12,744,0.0013651067847854834,-0.029632651667971466,393,351
validation,neural_s2,dcc,ALL,8784,0.04021473500706199,0.051962318417535514,3940,4844
validation,neural_s2,dcc,2024-01,744,0.22156424496840027,0.11037998020515172,302,442
validation,neural_s2,dcc,2024-02,696,0.07401540206005676,0.09415528120424099,286,410
validation,neural_s2,dcc,2024-03,744,0.15711792727965115,0.1008778433137012,309,435
validation,neural_s2,dcc,2024-04,720,-0.07537739761767778,-0.0017570819482548572,361,359
validation,neural_s2,dcc,2024-05,744,-0.12422271494727706,0.086921333529423,304,440
validation,neural_s2,dcc,2024-06,720,0.08160133152263137,0.15711037544761908,252,468
validation,neural_s2,dcc,2024-07,744,0.0196369550750613,-0.012138881546489344,383,361
validation,neural_s2,dcc,2024-08,744,0.0010924657646722259,0.05262709443892977,331,413
validation,neural_s2,dcc,2024-09,720,0.01871331681668139,0.013817085001470275,346,374
validation,neural_s2,dcc,2024-10,744,-0.054858822470151794,-0.004542301521281544,375,369
validation,neural_s2,dcc,2024-11,720,0.055245870379193755,0.0060363348319754095,355,365
validation,neural_s2,dcc,2024-12,744,0.10762648367861741,0.05884598302766797,336,408
test,arff_s0,constant,ALL,8760,148.59493162034545,-0.013983271520288554,4432,4328
test,arff_s0,constant,2025-01,744,91.6524304302808,0.025357793966499287,364,380
test,arff_s0,constant,2025-02,672,64.36058218737267,0.0373605721889847,327,345
test,arff_s0,constant,2025-03,744,71.61618778156087,0.08218459348536111,323,421
test,arff_s0,constant,2025-04,720,168.9092272050884,0.9110283812648952,257,463
test,arff_s0,constant,2025-05,744,230.05974845852347,0.06076064787640689,354,390
test,arff_s0,constant,2025-06,720,104.66392800791489,-0.028894116953691373,366,354
test,arff_s0,constant,2025-07,744,191.6869133745343,0.1060174189497598,348,396
test,arff_s0,constant,2025-08,744,267.33167987552866,-0.05178193672256004,388,356
test,arff_s0,constant,2025-09,720,569.8733896044707,0.2935762233469985,318,402
test,arff_s0,constant,2025-10,744,20.5092547298531,-0.08696336765270729,414,330
test,arff_s0,constant,2025-11,720,0.7856710243033819,-0.1121945263112849,425,295
test,arff_s0,constant,2025-12,744,1.598213250568154,-0.52832768539559,548,196
test,arff_s0,ewma,ALL,8760,149.17833693658963,0.2894094080399574,2934,5826
test,arff_s0,ewma,2025-01,744,92.15858758725356,0.276892705329562,260,484
test,arff_s0,ewma,2025-02,672,65.34140940876095,0.09247024175313356,285,387
test,arff_s0,ewma,2025-03,744,72.18184220558739,0.24484629909846856,270,474
test,arff_s0,ewma,2025-04,720,169.58437864158256,1.0934016535879003,200,520
test,arff_s0,ewma,2025-05,744,230.92355812851693,0.5604755582819569,217,527
test,arff_s0,ewma,2025-06,720,105.39995985471141,0.6905523026051812,201,519
test,arff_s0,ewma,2025-07,744,192.2460767534607,0.6369055129041081,202,542
test,arff_s0,ewma,2025-08,744,267.86839757626,0.4340301197904717,206,538
test,arff_s0,ewma,2025-09,720,570.3349900024303,0.8511645025141403,161,559
test,arff_s0,ewma,2025-10,744,21.211169886075773,0.02972756655551123,357,387
test,arff_s0,ewma,2025-11,720,0.9367263988216519,0.12526690959162945,279,441
test,arff_s0,ewma,2025-12,744,1.8894604913463304,0.11763588205040243,296,448
test,arff_s0,dcc,ALL,8760,149.20855751312885,0.2287198990839352,3260,5500
test,arff_s0,dcc,2025-01,744,92.24308549350394,0.2457789471987235,297,447
test,arff_s0,dcc,2025-02,672,65.4980180678499,0.17980376240602158,264,408
test,arff_s0,dcc,2025-03,744,72.19905302530657,0.20732925466386298,283,461
test,arff_s0,dcc,2025-04,720,169.62286888364346,1.1338506828053863,232,488
test,arff_s0,dcc,2025-05,744,230.9289100976637,0.4533155820030679,250,494
test,arff_s0,dcc,2025-06,720,105.30004234938468,0.37867439946223147,238,482
test,arff_s0,dcc,2025-07,744,192.24154333074046,0.4006362371639236,256,488
test,arff_s0,dcc,2025-08,744,267.85844751785527,0.3179059986686461,218,526
test,arff_s0,dcc,2025-09,720,570.3278746489474,0.6188235293512117,214,506
test,arff_s0,dcc,2025-10,744,21.30159231258132,0.018241354065576587,356,388
test,arff_s0,dcc,2025-11,720,1.013259449584045,0.07834859542923311,293,427
test,arff_s0,dcc,2025-12,744,1.913098107685665,0.03195745082242585,359,385
test,arff_s0_diagonal,constant,ALL,8760,103.59700208918461,0.7262538792330977,2062,6698
test,arff_s0_diagonal,constant,2025-01,744,21.53054366098379,0.6522345394841036,208,536
test,arff_s0_diagonal,constant,2025-02,672,3.7530407695932166,1.005271531369412,170,502
test,arff_s0_diagonal,constant,2025-03,744,51.57939169619053,0.8782562905716711,157,587
test,arff_s0_diagonal,constant,2025-04,720,77.92150956841091,0.5153837326216397,185,535
test,arff_s0_diagonal,constant,2025-05,744,47.692435537656664,0.4435072607146049,256,488
test,arff_s0_diagonal,constant,2025-06,720,7.168991419622945,0.5708695095842984,172,548
test,arff_s0_diagonal,constant,2025-07,744,88.65622356869582,0.33188104992614953,245,499
test,arff_s0_diagonal,constant,2025-08,744,211.49328395118036,0.7624018987172239,153,591
test,arff_s0_diagonal,constant,2025-09,720,642.5896372096867,0.5692493406177048,207,513
test,arff_s0_diagonal,constant,2025-10,744,88.93809607787688,0.8665861560529864,152,592
test,arff_s0_diagonal,constant,2025-11,720,1.3057119577637148,1.2379311976764908,68,652
test,arff_s0_diagonal,constant,2025-12,744,1.0211582925529283,0.7717643868227784,89,655
test,arff_s0_diagonal,ewma,ALL,8760,104.18040740542878,1.2435596048898265,1085,7675
test,arff_s0_diagonal,ewma,2025-01,744,22.036700817956564,1.1089436315044479,102,642
test,arff_s0_diagonal,ewma,2025-02,672,4.733867990981496,1.0770356364855047,95,577
test,arff_s0_diagonal,ewma,2025-03,744,52.145046120217046,1.0185711561282123,97,647
test,arff_s0_diagonal,ewma,2025-04,720,78.59666100490507,1.21014763127888,88,632
test,arff_s0_diagonal,ewma,2025-05,744,48.556245207650115,1.0411097172642663,117,627
test,arff_s0_diagonal,ewma,2025-06,720,7.9050232664194775,1.5078608415212829,79,641
test,arff_s0_diagonal,ewma,2025-07,744,89.21538694762228,1.1727551425579659,100,644
test,arff_s0_diagonal,ewma,2025-08,744,212.0300016519117,1.2828580299414405,86,658
test,arff_s0_diagonal,ewma,2025-09,720,643.0512376076463,1.3732177300863766,82,638
test,arff_s0_diagonal,ewma,2025-10,744,89.64001123409956,1.0244074673437584,118,626
test,arff_s0_diagonal,ewma,2025-11,720,1.4567673322819845,1.5502455459064137,52,668
test,arff_s0_diagonal,ewma,2025-12,744,1.3124055333311047,1.621108624773929,69,675
test,arff_s0_diagonal,dcc,ALL,8760,104.21062798196802,1.186664701679085,1080,7680
test,arff_s0_diagonal,dcc,2025-01,744,22.121198724206938,1.0897841519592868,102,642
test,arff_s0_diagonal,dcc,2025-02,672,4.890476650070444,1.1186004871860238,100,572
test,arff_s0_diagonal,dcc,2025-03,744,52.16225693993623,1.0835905118670954,108,636
test,arff_s0_diagonal,dcc,2025-04,720,78.63515124696596,1.1375735896198558,79,641
test,arff_s0_diagonal,dcc,2025-05,744,48.561597176796845,0.9352642175690331,134,610
test,arff_s0_diagonal,dcc,2025-06,720,7.805105761092749,1.3324784194604753,66,654
test,arff_s0_diagonal,dcc,2025-07,744,89.210853524902,1.0340975161643673,116,628
test,arff_s0_diagonal,dcc,2025-08,744,212.02005159350696,1.2249267708794083,84,660
test,arff_s0_diagonal,dcc,2025-09,720,643.0441222541634,1.182044698332894,93,627
test,arff_s0_diagonal,dcc,2025-10,744,89.73043366060513,1.0611906381575125,114,630
test,arff_s0_diagonal,dcc,2025-11,720,1.5333003830443779,1.4802486046871453,41,679
test,arff_s0_diagonal,dcc,2025-12,744,1.3360431496704388,1.4725292286365317,43,701
test,arff_s1,constant,ALL,8760,236.41293199139324,0.03932996412299872,4259,4501
test,arff_s1,constant,2025-01,744,321.2064180349474,0.27838745268446274,312,432
test,arff_s1,constant,2025-02,672,94.87148336383987,0.1036920994161532,310,362
test,arff_s1,constant,2025-03,744,216.63487867208872,0.04004713824473605,357,387
test,arff_s1,constant,2025-04,720,182.49224184956563,0.8895161907904399,268,452
test,arff_s1,constant,2025-05,744,1064.3202799738117,0.7180256339824638,318,426
test,arff_s1,constant,2025-06,720,160.25636854182352,1.488599740154493,275,445
test,arff_s1,constant,2025-07,744,156.13581375096462,-0.173622286721673,413,331
test,arff_s1,constant,2025-08,744,304.20165784289145,0.30371789194268217,319,425
test,arff_s1,constant,2025-09,720,140.64667613704373,0.10364159694922659,350,370
test,arff_s1,constant,2025-10,744,126.25188951791719,-0.04366545751693529,394,350
test,arff_s1,constant,2025-11,720,13.25926245630884,-0.10374625401169801,419,301
test,arff_s1,constant,2025-12,744,28.496874243790923,-0.4639107324506089,524,220
test,arff_s1,ewma,ALL,8760,236.9963373076374,0.3772165652071182,2818,5942
test,arff_s1,ewma,2025-01,744,321.7125751919201,0.46277278508190633,203,541
test,arff_s1,ewma,2025-02,672,95.85231058522815,0.14154066711986601,278,394
test,arff_s1,ewma,2025-03,744,217.20053309611518,0.26741133081171675,270,474
test,arff_s1,ewma,2025-04,720,183.16739328605982,1.0404315226591967,197,523
test,arff_s1,ewma,2025-05,744,1065.1840896438052,1.1913288260779975,160,584
test,arff_s1,ewma,2025-06,720,160.99240038862004,2.263934615251242,161,559
test,arff_s1,ewma,2025-07,744,156.69497712989107,0.5628477204582527,220,524
test,arff_s1,ewma,2025-08,744,304.7383755436228,0.7511492359131946,196,548
test,arff_s1,ewma,2025-09,720,141.1082765350033,0.7502262141167231,163,557
test,arff_s1,ewma,2025-10,744,126.95380467413986,0.03900861637623798,354,390
test,arff_s1,ewma,2025-11,720,13.410317830827108,0.12503827579334104,291,429
test,arff_s1,ewma,2025-12,744,28.788121484569103,0.08287289543783505,325,419
test,arff_s1,dcc,ALL,8760,237.02655788417664,0.2715747979059371,3152,5608
test,arff_s1,dcc,2025-01,744,321.7970730981705,0.5101772490675867,230,514
test,arff_s1,dcc,2025-02,672,96.0089192443171,0.2208835810326546,250,422
test,arff_s1,dcc,2025-03,744,217.21774391583435,0.2455160517459536,290,454
test,arff_s1,dcc,2025-04,720,183.20588352812072,1.2761692570642502,237,483
test,arff_s1,dcc,2025-05,744,1065.1894416129521,1.1255899338964337,197,547
test,arff_s1,dcc,2025-06,720,160.8924828832933,2.3355148678625177,205,515
test,arff_s1,dcc,2025-07,744,156.69044370717077,0.31705591449945647,271,473
test,arff_s1,dcc,2025-08,744,304.728425485218,0.6031634683680442,224,520
test,arff_s1,dcc,2025-09,720,141.10116118152033,0.5478113742314346,202,518
test,arff_s1,dcc,2025-10,744,127.04422710064541,0.015322073838004435,360,384
test,arff_s1,dcc,2025-11,720,13.4868508815895,0.08261942630043428,299,421
test,arff_s1,dcc,2025-12,744,28.811759100908436,-0.02817312161239549,387,357
test,arff_s1_diagonal,constant,ALL,8760,159.1267897648411,0.6132796319637146,2410,6350
test,arff_s1_diagonal,constant,2025-01,744,323.00451406778524,0.8771839151309049,180,564
test,arff_s1_diagonal,constant,2025-02,672,14.627521620727723,0.8811179685329718,164,508
test,arff_s1_diagonal,constant,2025-03,744,199.08974073820022,0.8017692766536211,166,578
test,arff_s1_diagonal,constant,2025-04,720,112.24171265389174,0.5826371569421438,235,485
test,arff_s1_diagonal,constant,2025-05,744,901.4678199385219,0.6368136190148315,199,545
test,arff_s1_diagonal,constant,2025-06,720,37.025169662964544,0.1862293568647999,288,432
test,arff_s1_diagonal,constant,2025-07,744,44.609582545532454,0.3698752837132213,233,511
test,arff_s1_diagonal,constant,2025-08,744,65.88043764244198,0.5248890270276299,219,525
test,arff_s1_diagonal,constant,2025-09,720,56.319869457165716,0.38011837696291284,209,511
test,arff_s1_diagonal,constant,2025-10,744,113.28212470165926,0.7755737924251624,181,563
test,arff_s1_diagonal,constant,2025-11,720,1.2935894899323408,1.161142860848157,98,622
test,arff_s1_diagonal,constant,2025-12,744,12.836664909987869,0.46193302997203567,238,506
test,arff_s1_diagonal,ewma,ALL,8760,159.71019508108526,1.163052798823526,1279,7481
test,arff_s1_diagonal,ewma,2025-01,744,323.51067122475797,1.3147884234274132,97,647
test,arff_s1_diagonal,ewma,2025-02,672,15.608348842116001,0.9556791536855567,98,574
test,arff_s1_diagonal,ewma,2025-03,744,199.65539516222668,0.9805372778238794,135,609
test,arff_s1_diagonal,ewma,2025-04,720,112.9168640903859,1.166810320632388,104,616
test,arff_s1_diagonal,ewma,2025-05,744,902.3316296085153,1.520891880226853,112,632
test,arff_s1_diagonal,ewma,2025-06,720,37.76120150976108,1.1928300910917997,94,626
test,arff_s1_diagonal,ewma,2025-07,744,45.168745924458904,1.1158585720655116,120,624
test,arff_s1_diagonal,ewma,2025-08,744,66.41715534317332,1.081265193409859,117,627
test,arff_s1_diagonal,ewma,2025-09,720,56.781469855125316,1.2722548771988045,95,625
test,arff_s1_diagonal,ewma,2025-10,744,113.98403985788194,0.9307315933834106,158,586
test,arff_s1_diagonal,ewma,2025-11,720,1.4446448644506107,1.3897424965441196,55,665
test,arff_s1_diagonal,ewma,2025-12,744,13.127912150766049,1.231767409298092,94,650
test,arff_s1_diagonal,dcc,ALL,8760,159.7404156576245,1.0734832594479746,1231,7529
test,arff_s1_diagonal,dcc,2025-01,744,323.5951691310084,1.1824599025561904,91,653
test,arff_s1_diagonal,dcc,2025-02,672,15.764957501204957,0.9987354799999242,94,578
test,arff_s1_diagonal,dcc,2025-03,744,199.6726059819459,0.97337366607257,137,607
test,arff_s1_diagonal,dcc,2025-04,720,112.9553543324468,1.016434573609529,105,615
test,arff_s1_diagonal,dcc,2025-05,744,902.3369815776618,1.2654454171287464,116,628
test,arff_s1_diagonal,dcc,2025-06,720,37.66128400443434,0.9972347345122508,90,630
test,arff_s1_diagonal,dcc,2025-07,744,45.164212501738625,1.0177546782175835,133,611
test,arff_s1_diagonal,dcc,2025-08,744,66.40720528476854,0.9873709766952743,120,624
test,arff_s1_diagonal,dcc,2025-09,720,56.77435450164234,1.0693316354905091,96,624
test,arff_s1_diagonal,dcc,2025-10,744,114.07446228438747,0.9473181949346925,131,613
test,arff_s1_diagonal,dcc,2025-11,720,1.521177915213004,1.3791276647750994,42,678
test,arff_s1_diagonal,dcc,2025-12,744,13.151549767105388,1.1125462356229345,76,668
test,arff_s2,constant,ALL,8760,206.3146774583924,0.19357755762474937,3791,4969
test,arff_s2,constant,2025-01,744,218.03125020286328,0.15173069666783423,340,404
test,arff_s2,constant,2025-02,672,122.71322699140352,0.054781643907924504,318,354
test,arff_s2,constant,2025-03,744,246.88936182261202,0.24570426911421617,265,479
test,arff_s2,constant,2025-04,720,295.1014245821298,4.006913246865903,223,497
test,arff_s2,constant,2025-05,744,250.99020878015074,0.5672833299515245,266,478
test,arff_s2,constant,2025-06,720,268.1089342826967,39.02980790031425,168,552
test,arff_s2,constant,2025-07,744,350.3290876356947,8.882513899402674,234,510
test,arff_s2,constant,2025-08,744,178.64219945757358,-0.07165583422522737,397,347
test,arff_s2,constant,2025-09,720,511.60805092919554,1.2106240504168326,278,442
test,arff_s2,constant,2025-10,744,0.4433956485771788,-0.07189210792867762,411,333
test,arff_s2,constant,2025-11,720,13.719211188295521,-0.0934281593708981,408,312
test,arff_s2,constant,2025-12,744,19.602183132670476,-0.366935142891875,483,261
test,arff_s2,ewma,ALL,8760,206.89808277463658,0.40667205574042775,2724,6036
test,arff_s2,ewma,2025-01,744,218.5374073598361,0.3456315448864291,244,500
test,arff_s2,ewma,2025-02,672,123.69405421279177,0.1226876188330559,288,384
test,arff_s2,ewma,2025-03,744,247.45501624663854,0.3385026322292104,253,491
test,arff_s2,ewma,2025-04,720,295.776576018624,4.0958290825399395,183,537
test,arff_s2,ewma,2025-05,744,251.85401845014422,1.0682454258944212,201,543
test,arff_s2,ewma,2025-06,720,268.84496612949323,40.67574592279251,102,618
test,arff_s2,ewma,2025-07,744,350.8882510146211,10.239324946771793,145,599
test,arff_s2,ewma,2025-08,744,179.17891715830493,0.38860702609082143,213,531
test,arff_s2,ewma,2025-09,720,512.0696513271553,1.6908887386294182,149,571
test,arff_s2,ewma,2025-10,744,1.1453108047998497,0.01586465751962951,359,385
test,arff_s2,ewma,2025-11,720,13.870266562813786,0.11540816333628268,297,423
test,arff_s2,ewma,2025-12,744,19.893430373448652,0.16221062299579447,290,454
test,arff_s2,dcc,ALL,8760,206.92830335117583,0.3427160836002887,2942,5818
test,arff_s2,dcc,2025-01,744,218.62190526608643,0.3129584359285662,277,467
test,arff_s2,dcc,2025-02,672,123.85066287188073,0.21133096859771694,266,406
test,arff_s2,dcc,2025-03,744,247.4722270663577,0.2974300827091456,261,483
test,arff_s2,dcc,2025-04,720,295.81506626068494,4.274503340849013,209,511
test,arff_s2,dcc,2025-05,744,251.85937041929094,0.9837426747520226,208,536
test,arff_s2,dcc,2025-06,720,268.7450486241665,40.218051743486384,117,603
test,arff_s2,dcc,2025-07,744,350.88371759190085,9.446018416388853,167,577
test,arff_s2,dcc,2025-08,744,179.16896709990013,0.2848401739071731,248,496
test,arff_s2,dcc,2025-09,720,512.0625359736722,1.3851914638568088,196,524
test,arff_s2,dcc,2025-10,744,1.2357332313053973,0.034714201040735304,335,409
test,arff_s2,dcc,2025-11,720,13.94679961357618,0.0823518426603922,306,414
test,arff_s2,dcc,2025-12,744,19.917067989787988,0.03053246644362062,352,392
test,arff_s2_diagonal,constant,ALL,8760,148.05162614832136,0.8330597699829463,2212,6548
test,arff_s2_diagonal,constant,2025-01,744,57.81108005526512,0.5361819931565659,220,524
test,arff_s2_diagonal,constant,2025-02,672,47.45942785036632,0.9923940379223701,178,494
test,arff_s2_diagonal,constant,2025-03,744,291.36658044251345,1.0961748980915056,139,605
test,arff_s2_diagonal,constant,2025-04,720,311.5479618443917,1.2925013302487383,178,542
test,arff_s2_diagonal,constant,2025-05,744,200.04531444616188,0.9035815991612619,224,520
test,arff_s2_diagonal,constant,2025-06,720,199.12772694250367,0.7077644335421462,217,503
test,arff_s2_diagonal,constant,2025-07,744,246.75038615511474,0.976020203813535,200,544
test,arff_s2_diagonal,constant,2025-08,744,71.24696660380415,0.5924857995708006,190,554
test,arff_s2_diagonal,constant,2025-09,720,338.44736406214776,0.5360604994866387,232,488
test,arff_s2_diagonal,constant,2025-10,744,0.11226255852045543,0.8359275187460415,159,585
test,arff_s2_diagonal,constant,2025-11,720,1.2913377531964123,1.1937410377658386,79,641
test,arff_s2_diagonal,constant,2025-12,744,10.00766284377683,0.587688779602054,196,548
test,arff_s2_diagonal,ewma,ALL,8760,148.63503146456554,1.2635413478200546,1116,7644
test,arff_s2_diagonal,ewma,2025-01,744,58.317237212237906,1.0749682162442653,102,642
test,arff_s2_diagonal,ewma,2025-02,672,48.44025507175458,1.0259233569661648,94,578
test,arff_s2_diagonal,ewma,2025-03,744,291.9322348665399,1.1666430132657366,114,630
test,arff_s2_diagonal,ewma,2025-04,720,312.22311328088585,1.563285547291847,102,618
test,arff_s2_diagonal,ewma,2025-05,744,200.90912411615528,1.3383341937344087,88,656
test,arff_s2_diagonal,ewma,2025-06,720,199.86375878930025,1.6431351154181186,77,643
test,arff_s2_diagonal,ewma,2025-07,744,247.3095495340412,1.4153861055970278,113,631
test,arff_s2_diagonal,ewma,2025-08,744,71.78368430453547,1.169199116201992,98,646
test,arff_s2_diagonal,ewma,2025-09,720,338.90896446010737,1.3995110404523858,85,635
test,arff_s2_diagonal,ewma,2025-10,744,0.8141777147431263,0.9961115445870474,104,640
test,arff_s2_diagonal,ewma,2025-11,720,1.4423931277146822,1.4391541227556726,55,665
test,arff_s2_diagonal,ewma,2025-12,744,10.298910084555008,1.4088679427033508,84,660
test,arff_s2_diagonal,dcc,ALL,8760,148.6652520411047,1.2081721741400866,1092,7668
test,arff_s2_diagonal,dcc,2025-01,744,58.401735118488276,1.0267771651637023,87,657
test,arff_s2_diagonal,dcc,2025-02,672,48.59686373084354,1.1226728407654294,90,582
test,arff_s2_diagonal,dcc,2025-03,744,291.949445686259,1.1123482137375253,104,640
test,arff_s2_diagonal,dcc,2025-04,720,312.26160352294676,1.4927262171522724,98,622
test,arff_s2_diagonal,dcc,2025-05,744,200.91447608530203,1.241901636542953,102,642
test,arff_s2_diagonal,dcc,2025-06,720,199.76384128397348,1.4607232920690194,90,630
test,arff_s2_diagonal,dcc,2025-07,744,247.30501611132092,1.3342427772845022,124,620
test,arff_s2_diagonal,dcc,2025-08,744,71.77373424613072,1.0896021691546087,100,644
test,arff_s2_diagonal,dcc,2025-09,720,338.9018491066244,1.1786659217252629,99,621
test,arff_s2_diagonal,dcc,2025-10,744,0.9046001412486738,1.0357996298019794,91,653
test,arff_s2_diagonal,dcc,2025-11,720,1.5189261784770756,1.4206046633006828,45,675
test,arff_s2_diagonal,dcc,2025-12,744,10.322547700894342,1.212829414892667,62,682
test,neural_s0,constant,ALL,8760,-0.6164346899376436,-0.33452572520197155,6081,2679
test,neural_s0,constant,2025-01,744,-0.5852908722399748,-0.3316656496235897,536,208
test,neural_s0,constant,2025-02,672,-1.0441953776739037,-0.10976346288711536,392,280
test,neural_s0,constant,2025-03,744,-0.5917791830956671,0.04749626539937868,344,400
test,neural_s0,constant,2025-04,720,-0.6205070540884418,-0.33284780709133344,511,209
test,neural_s0,constant,2025-05,744,-0.8648477151071773,-0.33868046670492813,511,233
test,neural_s0,constant,2025-06,720,-0.7371862980459913,-0.6701281381367838,605,115
test,neural_s0,constant,2025-07,744,-0.6096285587156245,-0.4763579952794883,617,127
test,neural_s0,constant,2025-08,744,-0.4642258033040689,-0.3777576317008764,556,188
test,neural_s0,constant,2025-09,720,-0.470419710073078,-0.6145254935412607,614,106
test,neural_s0,constant,2025-10,744,-0.7630668106248164,-0.08723129030470389,409,335
test,neural_s0,constant,2025-11,720,-0.2162544709765397,-0.10533237529051132,424,296
test,neural_s0,constant,2025-12,744,-0.4576180006819963,-0.5453940388311223,562,182
test,neural_s0,ewma,ALL,8760,-0.03302937369347495,0.128731447842231,3384,5376
test,neural_s0,ewma,2025-01,744,-0.07913371526719505,0.05446247319924247,333,411
test,neural_s0,ewma,2025-02,672,-0.06336815628562464,0.015574455590529723,328,344
test,neural_s0,ewma,2025-03,744,-0.026124759069149815,0.08163843200840848,330,414
test,neural_s0,ewma,2025-04,720,0.054644382405723314,0.16403564362584255,262,458
test,neural_s0,ewma,2025-05,744,-0.0010380451137266434,0.23110523565706576,224,520
test,neural_s0,ewma,2025-06,720,-0.0011544512494577664,0.3010931463417137,210,510
test,neural_s0,ewma,2025-07,744,-0.050465179789175967,0.19957996282214197,251,493
test,neural_s0,ewma,2025-08,744,0.07249189742726363,0.1779529841936922,238,506
test,neural_s0,ewma,2025-09,720,-0.008819312113476781,0.24815821240813118,216,504
test,neural_s0,ewma,2025-10,744,-0.06115165440214548,0.009800728948692772,364,380
test,neural_s0,ewma,2025-11,720,-0.06519909645826982,0.08346094294534723,294,426
test,neural_s0,ewma,2025-12,744,-0.16637075990382022,0.0450760746050598,334,410
test,neural_s0,dcc,ALL,8760,-0.002808797154249634,0.08453016325517293,3640,5120
test,neural_s0,dcc,2025-01,744,0.005364190983172105,0.05490113296852517,319,425
test,neural_s0,dcc,2025-02,672,0.09324050280332319,0.08785110878700486,268,404
test,neural_s0,dcc,2025-03,744,-0.008913939349976493,0.24029926245468136,267,477
test,neural_s0,dcc,2025-04,720,0.0931346244666228,0.10815287954169506,278,442
test,neural_s0,dcc,2025-05,744,0.0043139240330034795,0.1381356984940254,290,454
test,neural_s0,dcc,2025-06,720,-0.10107195657618537,0.1604654951451705,247,473
test,neural_s0,dcc,2025-07,744,-0.05499860250945512,0.08325603450688845,317,427
test,neural_s0,dcc,2025-08,744,0.06254183902249297,0.10616019022418755,279,465
test,neural_s0,dcc,2025-09,720,-0.015934665596457946,0.07056155986968982,313,407
test,neural_s0,dcc,2025-10,744,0.029270772103401985,0.01927822527558476,357,387
test,neural_s0,dcc,2025-11,720,0.011333954304123504,0.0852628240549258,293,427
test,neural_s0,dcc,2025-12,744,-0.1427331435644859,-0.04165481756959544,412,332
test,neural_s1,constant,ALL,8760,-0.5741076409687521,-0.30746055166356,6113,2647
test,neural_s1,constant,2025-01,744,-0.5507032034934164,-0.3012660496937567,522,222
test,neural_s1,constant,2025-02,672,-0.8930301388124567,-0.06458865911180922,363,309
test,neural_s1,constant,2025-03,744,-0.5962236348330251,0.0027356857976839066,370,374
test,neural_s1,constant,2025-04,720,-0.6182157620859329,-0.29701567483324354,537,183
test,neural_s1,constant,2025-05,744,-0.8221245689805188,-0.2951472008745579,504,240
test,neural_s1,constant,2025-06,720,-0.6218277621644579,-0.51955859247402,619,101
test,neural_s1,constant,2025-07,744,-0.4850177109154361,-0.37948206096767123,601,143
test,neural_s1,constant,2025-08,744,-0.4349423675142156,-0.328876624653736,547,197
test,neural_s1,constant,2025-09,720,-0.3975578434217622,-0.5038453020610341,612,108
test,neural_s1,constant,2025-10,744,-0.750769075621004,-0.09296196738897322,415,329
test,neural_s1,constant,2025-11,720,-0.23924343670049272,-0.20716176432615363,447,273
test,neural_s1,constant,2025-12,744,-0.49696463011549247,-0.6332120307301494,576,168
test,neural_s1,ewma,ALL,8760,0.009297675275416546,0.15817311322734895,3265,5495
test,neural_s1,ewma,2025-01,744,-0.04454604652063648,0.13154349381458275,287,457
test,neural_s1,ewma,2025-02,672,0.08779708257582228,0.07651556495624945,288,384
test,neural_s1,ewma,2025-03,744,-0.03056921080650784,0.04778656723743424,344,400
test,neural_s1,ewma,2025-04,720,0.05693567440823232,0.23129621743563344,244,476
test,neural_s1,ewma,2025-05,744,0.041685101012931866,0.29365218399586546,199,545
test,neural_s1,ewma,2025-06,720,0.1142040846320756,0.4201351380552598,188,532
test,neural_s1,ewma,2025-07,744,0.0741456680110123,0.3257851936281,234,510
test,neural_s1,ewma,2025-08,744,0.10177533321711692,0.22093574477208033,226,518
test,neural_s1,ewma,2025-09,720,0.06404255453783911,0.32382693391350426,202,518
test,neural_s1,ewma,2025-10,744,-0.048853919398333036,0.03801009067545458,345,399
test,neural_s1,ewma,2025-11,720,-0.08818806218222283,0.028575315668893708,335,385
test,neural_s1,ewma,2025-12,744,-0.2057173893373164,-0.005962969163057608,373,371
test,neural_s1,dcc,ALL,8760,0.03951825181464187,0.12510625156777966,3417,5343
test,neural_s1,dcc,2025-01,744,0.039951859729730664,0.09534553851900363,304,440
test,neural_s1,dcc,2025-02,672,0.24440574166477017,0.14630106748367222,252,420
test,neural_s1,dcc,2025-03,744,-0.01335839108733451,0.1586646319361833,279,465
test,neural_s1,dcc,2025-04,720,0.09542591646913182,0.17691462173605998,269,451
test,neural_s1,dcc,2025-05,744,0.047037070159661985,0.20742176145427837,254,490
test,neural_s1,dcc,2025-06,720,0.014286579305348053,0.2714982281493512,179,541
test,neural_s1,dcc,2025-07,744,0.06961224529073315,0.18547943528929167,249,495
test,neural_s1,dcc,2025-08,744,0.09182527481234627,0.1651452873066317,280,464
test,neural_s1,dcc,2025-09,720,0.05692720105485793,0.1448084417549671,253,467
test,neural_s1,dcc,2025-10,744,0.041568507107214436,0.07262565389691833,313,431
test,neural_s1,dcc,2025-11,720,-0.011655011419829497,0.04503832556266918,326,394
test,neural_s1,dcc,2025-12,744,-0.18207977299798203,-0.11711315144300372,459,285
test,neural_s2,constant,ALL,8760,-0.6068143540521401,-0.31978033381458726,6167,2593
test,neural_s2,constant,2025-01,744,-0.5546165849246659,-0.28760044911822913,519,225
test,neural_s2,constant,2025-02,672,-1.0409785503930467,-0.08724077071133252,375,297
test,neural_s2,constant,2025-03,744,-0.5990327218394612,-0.0155354966427117,387,357
test,neural_s2,constant,2025-04,720,-0.6745956714955029,-0.35477935501066327,542,178
test,neural_s2,constant,2025-05,744,-0.8443835775134162,-0.3453081347553324,512,232
test,neural_s2,constant,2025-06,720,-0.7422186933029403,-0.693658490066305,612,108
test,neural_s2,constant,2025-07,744,-0.5491516863506312,-0.4163237318729962,606,138
test,neural_s2,constant,2025-08,744,-0.4743394135545499,-0.3230809302491062,558,186
test,neural_s2,constant,2025-09,720,-0.43975172625594017,-0.5528035553155739,623,97
test,neural_s2,constant,2025-10,744,-0.7128732436974279,-0.09771060205338244,421,323
test,neural_s2,constant,2025-11,720,-0.23268723616681095,-0.16258747670531193,442,278
test,neural_s2,constant,2025-12,744,-0.4482556753904928,-0.5764710816373437,570,174
test,neural_s2,ewma,ALL,8760,-0.02340903780797146,0.14575939340352395,3292,5468
test,neural_s2,ewma,2025-01,744,-0.04845942795188601,0.10332113315079283,300,444
test,neural_s2,ewma,2025-02,672,-0.06015132900476788,0.028190060134720696,313,359
test,neural_s2,ewma,2025-03,744,-0.03337829781294382,0.0461304274427512,345,399
test,neural_s2,ewma,2025-04,720,0.0005557649986621967,0.17456661257875794,258,462
test,neural_s2,ewma,2025-05,744,0.0194260924800346,0.22765231893238713,228,516
test,neural_s2,ewma,2025-06,720,-0.006186846506406971,0.3033953987866491,216,504
test,neural_s2,ewma,2025-07,744,0.010011692575817185,0.254888402039537,215,529
test,neural_s2,ewma,2025-08,744,0.06237828717678255,0.21197698561894196,213,531
test,neural_s2,ewma,2025-09,720,0.021848671703661067,0.2735888621665641,200,520
test,neural_s2,ewma,2025-10,744,-0.010958087474756888,0.033354719721220505,351,393
test,neural_s2,ewma,2025-11,720,-0.081631861648541,0.06541509297212578,311,409
test,neural_s2,ewma,2025-12,744,-0.15700843461231678,0.04601943238243855,342,402
test,neural_s2,dcc,ALL,8760,0.006811538731253855,0.08769775285640957,3605,5155
test,neural_s2,dcc,2025-01,744,0.03603847829848112,0.05464625182126159,332,412
test,neural_s2,dcc,2025-02,672,0.09645733008417993,0.08864974136428128,270,402
test,neural_s2,dcc,2025-03,744,-0.016167478093770497,0.1636068452344368,282,462
test,neural_s2,dcc,2025-04,720,0.039046007059561676,0.08058319131593183,301,419
test,neural_s2,dcc,2025-05,744,0.02477806162676471,0.13452518929868518,282,462
test,neural_s2,dcc,2025-06,720,-0.10610435183313448,0.16708708422562424,241,479
test,neural_s2,dcc,2025-07,744,0.005478269855538076,0.14860668219930595,269,475
test,neural_s2,dcc,2025-08,744,0.05242822877201191,0.12303634387226658,253,491
test,neural_s2,dcc,2025-09,720,0.014733318220679909,0.10704472865084558,273,447
test,neural_s2,dcc,2025-10,744,0.07946433903079056,0.03806720878323677,344,400
test,neural_s2,dcc,2025-11,720,-0.005098810886147697,0.03234916563083612,333,387
test,neural_s2,dcc,2025-12,744,-0.13337081827298244,-0.057725485769571705,425,319
