split,method,count,nll,raw_spd_violation_rate,min_raw_eigenvalue,projection_frequency,mean_projection_frobenius,max_projection_frobenius,mean_mahalanobis_squared,coverage50,coverage90,coverage95
validation,constant,8784,-11.827965744343057,0.0,0.11688131221417176,0.0,0.0,0.0,3.4463658888386903,0.6893214936247724,0.8787568306010929,0.9069899817850637
validation,ewma,8784,-12.10277348131975,0.0,0.019692105480249873,0.0,0.0,0.0,3.668216189726535,0.6493624772313297,0.8711293260473588,0.9030054644808743
validation,dcc,8784,-12.221172080739294,0.0,0.023644633936396584,0.0,0.0,0.0,3.245354087306314,0.6722449908925319,0.8886612021857924,0.914275956284153
validation,arff_s0,8784,76.95791585253569,0.08709016393442623,-2.604574732862072,0.08709016393442623,0.012539872972546454,2.604674732862072,182.40262482558973,0.5833333333333334,0.7897313296903461,0.817964480874317
validation,arff_s0_diagonal,8784,40.9757318837218,0.03210382513661202,-1.5981664657592773,0.03210382513661202,0.007522124627395981,1.680947802402984,107.80410862904063,0.6970628415300546,0.8545081967213115,0.8777322404371585
validation,arff_s1,8784,242.95717398373,0.10837887067395265,-3.752577461722682,0.10849271402550091,0.020775840124230487,3.759297162703939,514.7094662491622,0.5620446265938069,0.7670765027322405,0.7953096539162113
validation,arff_s1_diagonal,8784,188.66800599264874,0.05122950819672131,-1.9827494621276855,0.05122950819672131,0.01200091563876041,2.3920875258014673,403.64520738260967,0.6722449908925319,0.8348132969034608,0.855988160291439
validation,arff_s2,8784,193.8839704114573,0.10336976320582877,-8.260371915912138,0.10336976320582877,0.016253959216680703,8.260471915912138,416.3654936964577,0.5703551912568307,0.7724271402550091,0.8019125683060109
validation,arff_s2_diagonal,8784,130.7222894655369,0.037340619307832425,-3.387697696685791,0.037340619307832425,0.008533206799543523,4.568756086690278,287.3284026648648,0.6941029143897997,0.848816029143898,0.8726092896174863
validation,neural_s0,8784,-12.175584088023149,0.0,0.02707415621207103,0.0,0.0,0.0,3.3089378039128094,0.6682604735883424,0.8816029143897997,0.912568306010929
validation,neural_s1,8784,-12.204664510271327,0.0,0.023938266203145542,0.0,0.0,0.0,3.227895185792879,0.6696265938069217,0.8845628415300546,0.9133652094717668
validation,neural_s2,8784,-12.180957345732233,0.0,0.02202780569809155,0.0,0.0,0.0,3.2755642280260804,0.6691712204007286,0.8822859744990893,0.9116575591985429
test,constant,8760,-11.805733079022822,0.0,0.11688131221417176,0.0,0.0,0.0,3.4908312194791606,0.6850456621004566,0.8845890410958904,0.9101598173515981
test,ewma,8760,-12.389138395266992,0.0,0.01610178680019303,0.0,0.0,0.0,3.5367089546900403,0.6318493150684932,0.8752283105022831,0.9074200913242009
test,dcc,8760,-12.419358971806217,0.0,0.022295830765015897,0.0,0.0,0.0,3.079846206177627,0.6746575342465754,0.8986301369863013,0.9277397260273973
test,arff_s0,8760,136.7891985413226,0.21541095890410958,-3.600230961066341,0.2158675799086758,0.021322782933829512,3.600330961066341,303.21940147145943,0.49212328767123287,0.6776255707762557,0.7067351598173516
test,arff_s0_diagonal,8760,91.7912690101618,0.04486301369863014,-1.2323111295700073,0.04486301369863014,0.007545668448199238,1.7699867982487414,209.50935008487664,0.7212328767123287,0.8658675799086758,0.8876712328767123
test,arff_s1,8760,224.60719891237042,0.26952054794520547,-1.722066429377224,0.2697488584474886,0.03313753255190412,1.722166429377224,479.3774307718189,0.4430365296803653,0.6247716894977169,0.6551369863013699
test,arff_s1_diagonal,8760,147.32105668581823,0.0817351598173516,-0.8809120655059814,0.08184931506849315,0.016581731057897647,0.9402289068478474,321.3891702640031,0.6607305936073059,0.8151826484018265,0.8385844748858448
test,arff_s2,8760,194.50894437936958,0.30833333333333335,-3.2397340503131855,0.30856164383561646,0.03397687498897748,3.2398340503131857,419.2235127380334,0.4386986301369863,0.6091324200913242,0.6374429223744292
test,arff_s2_diagonal,8760,136.24589306929855,0.1295662100456621,-1.277675747871399,0.1295662100456621,0.015090497932236798,1.4351432822712715,299.3620152923256,0.6331050228310502,0.779337899543379,0.8007990867579908
test,neural_s0,8760,-12.422167768960467,0.0,0.02100257943604828,0.0,0.0,0.0,2.7469315930742653,0.7097031963470319,0.9084474885844749,0.9368721461187215
test,neural_s1,8760,-12.379840719991574,0.0,0.021030899100372296,0.0,0.0,0.0,2.7923021980312717,0.7067351598173516,0.9084474885844749,0.9342465753424658
test,neural_s2,8760,-12.412547433074964,0.0,0.022972860230687273,0.0,0.0,0.0,2.7981188463344373,0.7011415525114155,0.9087899543378996,0.9343607305936074
