split,month,method,count,nll,coverage50,coverage90,coverage95,raw_spd_rate,projection_frequency
validation,2024-01,constant,744,-11.567258654804887,0.6733870967741935,0.8682795698924731,0.8938172043010753,0.0,0.0
validation,2024-02,constant,696,-12.116888959790275,0.7068965517241379,0.8994252873563219,0.9267241379310345,0.0,0.0
validation,2024-03,constant,744,-10.714396746147367,0.5,0.7701612903225806,0.8225806451612904,0.0,0.0
validation,2024-04,constant,720,-11.93712266316375,0.6361111111111111,0.8847222222222222,0.9152777777777777,0.0,0.0
validation,2024-05,constant,744,-11.916996353884185,0.7782258064516129,0.9032258064516129,0.9354838709677419,0.0,0.0
validation,2024-06,constant,720,-12.545241873685953,0.7930555555555555,0.9361111111111111,0.9541666666666667,0.0,0.0
validation,2024-07,constant,744,-12.321607817306564,0.7553763440860215,0.918010752688172,0.9422043010752689,0.0,0.0
validation,2024-08,constant,744,-11.495610042784385,0.6935483870967742,0.8682795698924731,0.8938172043010753,0.0,0.0
validation,2024-09,constant,720,-12.591668821922362,0.7902777777777777,0.9375,0.9472222222222222,0.0,0.0
validation,2024-10,constant,744,-12.746591764489533,0.8306451612903226,0.9489247311827957,0.9650537634408602,0.0,0.0
validation,2024-11,constant,720,-10.848370025973013,0.5513888888888889,0.7902777777777777,0.8319444444444445,0.0,0.0
validation,2024-12,constant,744,-11.172170267463361,0.5645161290322581,0.8225806451612904,0.8575268817204301,0.0,0.0
validation,2024-01,ewma,744,-11.980331971870472,0.6518817204301075,0.8763440860215054,0.9018817204301075,0.0,0.0
validation,2024-02,ewma,696,-12.35945207014964,0.6163793103448276,0.8620689655172413,0.9066091954022989,0.0,0.0
validation,2024-03,ewma,744,-11.31777562477026,0.6559139784946236,0.8763440860215054,0.9126344086021505,0.0,0.0
validation,2024-04,ewma,720,-11.93188049680611,0.6152777777777778,0.8763888888888889,0.8986111111111111,0.0,0.0
validation,2024-05,ewma,744,-11.948591137845533,0.6989247311827957,0.8951612903225806,0.9139784946236559,0.0,0.0
validation,2024-06,ewma,720,-12.801659520765972,0.6666666666666666,0.8736111111111111,0.9,0.0,0.0
validation,2024-07,ewma,744,-12.423949374496843,0.6330645161290323,0.8655913978494624,0.9045698924731183,0.0,0.0
validation,2024-08,ewma,744,-11.848447809101463,0.6666666666666666,0.8629032258064516,0.9032258064516129,0.0,0.0
validation,2024-09,ewma,720,-12.699975457715212,0.6305555555555555,0.8722222222222222,0.9,0.0,0.0
validation,2024-10,ewma,744,-13.04930376609574,0.6491935483870968,0.8655913978494624,0.8991935483870968,0.0,0.0
validation,2024-11,ewma,720,-11.337775438211683,0.6569444444444444,0.8583333333333333,0.8958333333333334,0.0,0.0
validation,2024-12,ewma,744,-11.562318274649353,0.6478494623655914,0.8682795698924731,0.8991935483870968,0.0,0.0
validation,2024-01,dcc,744,-12.123413557821227,0.657258064516129,0.885752688172043,0.9099462365591398,0.0,0.0
validation,2024-02,dcc,696,-12.52913926860002,0.6609195402298851,0.889367816091954,0.9137931034482759,0.0,0.0
validation,2024-03,dcc,744,-11.369464283720792,0.6330645161290323,0.8655913978494624,0.8991935483870968,0.0,0.0
validation,2024-04,dcc,720,-11.950468542798626,0.6486111111111111,0.8805555555555555,0.9111111111111111,0.0,0.0
validation,2024-05,dcc,744,-12.230091202941386,0.7150537634408602,0.907258064516129,0.9301075268817204,0.0,0.0
validation,2024-06,dcc,720,-12.988659180973533,0.7083333333333334,0.9083333333333333,0.9277777777777778,0.0,0.0
validation,2024-07,dcc,744,-12.572845471298757,0.6774193548387096,0.8938172043010753,0.9153225806451613,0.0,0.0
validation,2024-08,dcc,744,-11.960647793427585,0.6935483870967742,0.8911290322580645,0.9166666666666666,0.0,0.0
validation,2024-09,dcc,720,-12.792179249525043,0.6666666666666666,0.8986111111111111,0.9263888888888889,0.0,0.0
validation,2024-10,dcc,744,-13.12889552305684,0.7325268817204301,0.9126344086021505,0.9327956989247311,0.0,0.0
validation,2024-11,dcc,720,-11.36642238547207,0.6444444444444445,0.8652777777777778,0.8972222222222223,0.0,0.0
validation,2024-12,dcc,744,-11.668579651543189,0.6276881720430108,0.8655913978494624,0.8911290322580645,0.0,0.0
validation,2024-01,arff_s0,744,27.720893048568552,0.543010752688172,0.7634408602150538,0.7903225806451613,0.09005376344086022,0.09005376344086022
validation,2024-02,arff_s0,696,217.01471732667724,0.521551724137931,0.7083333333333334,0.7385057471264368,0.1781609195402299,0.1781609195402299
validation,2024-03,arff_s0,744,99.28389571857203,0.6290322580645161,0.8481182795698925,0.8830645161290323,0.01881720430107527,0.01881720430107527
validation,2024-04,arff_s0,720,-3.811342568662805,0.6263888888888889,0.8333333333333334,0.875,0.02361111111111111,0.02361111111111111
validation,2024-05,arff_s0,744,253.39469377417586,0.4798387096774194,0.6223118279569892,0.6438172043010753,0.2728494623655914,0.2728494623655914
validation,2024-06,arff_s0,720,57.99951719415228,0.6680555555555555,0.8222222222222222,0.85,0.09444444444444444,0.09444444444444444
validation,2024-07,arff_s0,744,-1.1883900298323649,0.6008064516129032,0.8467741935483871,0.8736559139784946,0.025537634408602152,0.025537634408602152
validation,2024-08,arff_s0,744,74.14957481112985,0.5604838709677419,0.7526881720430108,0.7836021505376344,0.12365591397849462,0.12365591397849462
validation,2024-09,arff_s0,720,24.8565742926916,0.5888888888888889,0.8125,0.8388888888888889,0.059722222222222225,0.059722222222222225
validation,2024-10,arff_s0,744,7.335816477160174,0.6223118279569892,0.8185483870967742,0.8360215053763441,0.0846774193548387,0.0846774193548387
validation,2024-11,arff_s0,720,123.68647190700315,0.5555555555555556,0.7986111111111112,0.8319444444444445,0.05138888888888889,0.05138888888888889
validation,2024-12,arff_s0,744,48.698154096964316,0.603494623655914,0.8481182795698925,0.8696236559139785,0.024193548387096774,0.024193548387096774
validation,2024-01,arff_s0_diagonal,744,16.43856844815492,0.7298387096774194,0.8494623655913979,0.885752688172043,0.024193548387096774,0.024193548387096774
validation,2024-02,arff_s0_diagonal,696,114.80839238029267,0.6839080459770115,0.8304597701149425,0.8477011494252874,0.07758620689655173,0.07758620689655173
validation,2024-03,arff_s0_diagonal,744,24.45667345391291,0.7163978494623656,0.8723118279569892,0.8897849462365591,0.009408602150537635,0.009408602150537635
validation,2024-04,arff_s0_diagonal,720,-8.950457250687602,0.6777777777777778,0.8694444444444445,0.8902777777777777,0.002777777777777778,0.002777777777777778
validation,2024-05,arff_s0_diagonal,744,185.5668998996853,0.5739247311827957,0.7379032258064516,0.7526881720430108,0.16263440860215053,0.16263440860215053
validation,2024-06,arff_s0_diagonal,720,60.387976139611624,0.8013888888888889,0.8972222222222223,0.9111111111111111,0.029166666666666667,0.029166666666666667
validation,2024-07,arff_s0_diagonal,744,-11.122376798287126,0.7002688172043011,0.8615591397849462,0.896505376344086,0.0,0.0
validation,2024-08,arff_s0_diagonal,744,47.77543449529237,0.678763440860215,0.8360215053763441,0.8615591397849462,0.03225806451612903,0.03225806451612903
validation,2024-09,arff_s0_diagonal,720,13.67752018784547,0.6791666666666667,0.8680555555555556,0.9,0.0125,0.0125
validation,2024-10,arff_s0_diagonal,744,-4.809983521818688,0.7123655913978495,0.8897849462365591,0.9112903225806451,0.01478494623655914,0.01478494623655914
validation,2024-11,arff_s0_diagonal,720,31.737066024687284,0.6944444444444444,0.8625,0.8861111111111111,0.015277777777777777,0.015277777777777777
validation,2024-12,arff_s0_diagonal,744,24.34353684144706,0.717741935483871,0.8803763440860215,0.9005376344086021,0.005376344086021506,0.005376344086021506
validation,2024-01,arff_s1,744,748.0149116800034,0.48118279569892475,0.6801075268817204,0.7029569892473119,0.19623655913978494,0.19623655913978494
validation,2024-02,arff_s1,696,181.19396715398247,0.5646551724137931,0.7629310344827587,0.7931034482758621,0.12643678160919541,0.12643678160919541
validation,2024-03,arff_s1,744,200.5654506539773,0.5779569892473119,0.7970430107526881,0.8293010752688172,0.05779569892473118,0.05913978494623656
validation,2024-04,arff_s1,720,-5.463918941964455,0.6597222222222222,0.8819444444444444,0.9097222222222222,0.004166666666666667,0.004166666666666667
validation,2024-05,arff_s1,744,618.1329378036202,0.4422043010752688,0.5954301075268817,0.6182795698924731,0.32526881720430106,0.32526881720430106
validation,2024-06,arff_s1,720,38.15973355913789,0.575,0.7583333333333333,0.7875,0.14027777777777778,0.14027777777777778
validation,2024-07,arff_s1,744,76.10987332967623,0.5255376344086021,0.7473118279569892,0.771505376344086,0.12903225806451613,0.12903225806451613
validation,2024-08,arff_s1,744,16.827227041520416,0.6317204301075269,0.8064516129032258,0.8279569892473119,0.06317204301075269,0.06317204301075269
validation,2024-09,arff_s1,720,0.9573571500594179,0.6361111111111111,0.85,0.8819444444444444,0.02638888888888889,0.02638888888888889
validation,2024-10,arff_s1,744,1.1245724372298265,0.6330645161290323,0.8360215053763441,0.8655913978494624,0.04704301075268817,0.04704301075268817
validation,2024-11,arff_s1,720,931.801787929778,0.4486111111111111,0.6791666666666667,0.7208333333333333,0.1375,0.1375
validation,2024-12,arff_s1,744,103.871860591694,0.571236559139785,0.8131720430107527,0.8387096774193549,0.04435483870967742,0.04435483870967742
validation,2024-01,arff_s1_diagonal,744,648.3638274529159,0.5940860215053764,0.7446236559139785,0.7674731182795699,0.13844086021505375,0.13844086021505375
validation,2024-02,arff_s1_diagonal,696,124.52418793211575,0.6810344827586207,0.8433908045977011,0.8663793103448276,0.04310344827586207,0.04310344827586207
validation,2024-03,arff_s1_diagonal,744,89.29879277268404,0.635752688172043,0.8279569892473119,0.8413978494623656,0.03225806451612903,0.03225806451612903
validation,2024-04,arff_s1_diagonal,720,-10.77226712294594,0.7444444444444445,0.8958333333333334,0.9180555555555555,0.0,0.0
validation,2024-05,arff_s1_diagonal,744,463.89083484324544,0.603494623655914,0.7190860215053764,0.7379032258064516,0.20026881720430106,0.20026881720430106
validation,2024-06,arff_s1_diagonal,720,16.59565689567419,0.725,0.8527777777777777,0.8694444444444445,0.05,0.05
validation,2024-07,arff_s1_diagonal,744,84.18939660594751,0.6706989247311828,0.8360215053763441,0.8575268817204301,0.043010752688172046,0.043010752688172046
validation,2024-08,arff_s1_diagonal,744,-10.687772415757063,0.7419354838709677,0.8911290322580645,0.9086021505376344,0.0,0.0
validation,2024-09,arff_s1_diagonal,720,-11.624092328558953,0.7402777777777778,0.9069444444444444,0.9305555555555556,0.0,0.0
validation,2024-10,arff_s1_diagonal,744,-11.443001304407678,0.728494623655914,0.9045698924731183,0.9314516129032258,0.0013440860215053765,0.0013440860215053765
validation,2024-11,arff_s1_diagonal,720,844.1541085232467,0.5388888888888889,0.7611111111111111,0.7763888888888889,0.0875,0.0875
validation,2024-12,arff_s1_diagonal,744,36.08748863426203,0.6653225806451613,0.8373655913978495,0.8696236559139785,0.016129032258064516,0.016129032258064516
validation,2024-01,arff_s2,744,713.0356700703959,0.478494623655914,0.6720430107526881,0.7096774193548387,0.19623655913978494,0.19623655913978494
validation,2024-02,arff_s2,696,367.4552657648569,0.5028735632183908,0.6853448275862069,0.7097701149425287,0.21264367816091953,0.21264367816091953
validation,2024-03,arff_s2,744,293.8278432129252,0.581989247311828,0.7903225806451613,0.8185483870967742,0.09005376344086022,0.09005376344086022
validation,2024-04,arff_s2,720,-11.674490980344277,0.6333333333333333,0.8638888888888889,0.9041666666666667,0.001388888888888889,0.001388888888888889
validation,2024-05,arff_s2,744,83.5916109864507,0.5362903225806451,0.6989247311827957,0.7204301075268817,0.20295698924731181,0.20295698924731181
validation,2024-06,arff_s2,720,53.58801728355226,0.6222222222222222,0.7958333333333333,0.8194444444444444,0.11944444444444445,0.11944444444444445
validation,2024-07,arff_s2,744,-12.151112295626856,0.6411290322580645,0.8790322580645161,0.9099462365591398,0.0013440860215053765,0.0013440860215053765
validation,2024-08,arff_s2,744,43.585647114919524,0.5752688172043011,0.7688172043010753,0.7956989247311828,0.09408602150537634,0.09408602150537634
validation,2024-09,arff_s2,720,14.43723647851894,0.6,0.8305555555555556,0.8597222222222223,0.041666666666666664,0.041666666666666664
validation,2024-10,arff_s2,744,23.241390771517338,0.6182795698924731,0.7983870967741935,0.8225806451612904,0.11290322580645161,0.11290322580645161
validation,2024-11,arff_s2,720,323.3017724974229,0.475,0.6569444444444444,0.6902777777777778,0.1361111111111111,0.1361111111111111
validation,2024-12,arff_s2,744,432.79651159225796,0.5766129032258065,0.8252688172043011,0.8588709677419355,0.03494623655913978,0.03494623655913978
validation,2024-01,arff_s2_diagonal,744,670.2544356405456,0.6599462365591398,0.7903225806451613,0.8279569892473119,0.08736559139784947,0.08736559139784947
validation,2024-02,arff_s2_diagonal,696,207.59976040155976,0.6221264367816092,0.7672413793103449,0.7844827586206896,0.12931034482758622,0.12931034482758622
validation,2024-03,arff_s2_diagonal,744,172.23238333250694,0.6384408602150538,0.8024193548387096,0.8266129032258065,0.07661290322580645,0.07661290322580645
validation,2024-04,arff_s2_diagonal,720,-10.7963800746143,0.7208333333333333,0.8847222222222222,0.9125,0.0,0.0
validation,2024-05,arff_s2_diagonal,744,93.15904182203585,0.7473118279569892,0.8669354838709677,0.8951612903225806,0.036290322580645164,0.036290322580645164
validation,2024-06,arff_s2_diagonal,720,32.517642546317006,0.7861111111111111,0.9,0.9180555555555555,0.02361111111111111,0.02361111111111111
validation,2024-07,arff_s2_diagonal,744,-11.276913590415141,0.7473118279569892,0.896505376344086,0.9166666666666666,0.0,0.0
validation,2024-08,arff_s2_diagonal,744,-10.627441030356774,0.7271505376344086,0.8776881720430108,0.8978494623655914,0.0,0.0
validation,2024-09,arff_s2_diagonal,720,-7.7238635814214796,0.6916666666666667,0.8833333333333333,0.9041666666666667,0.005555555555555556,0.005555555555555556
validation,2024-10,arff_s2_diagonal,744,-5.6717937445698,0.7016129032258065,0.8736559139784946,0.9045698924731183,0.01747311827956989,0.01747311827956989
validation,2024-11,arff_s2_diagonal,720,203.2119206923766,0.6041666666666666,0.7902777777777777,0.8083333333333333,0.05555555555555555,0.05555555555555555
validation,2024-12,arff_s2_diagonal,744,230.887878062561,0.678763440860215,0.8494623655913979,0.8709677419354839,0.020161290322580645,0.020161290322580645
validation,2024-01,neural_s0,744,-11.899071334154867,0.6411290322580645,0.8629032258064516,0.8938172043010753,0.0,0.0
validation,2024-02,neural_s0,696,-12.508577493171664,0.6925287356321839,0.8951149425287356,0.9339080459770115,0.0,0.0
validation,2024-03,neural_s0,744,-11.250360398893864,0.6169354838709677,0.8508064516129032,0.8897849462365591,0.0,0.0
validation,2024-04,neural_s0,720,-11.9983595168135,0.6472222222222223,0.8763888888888889,0.9194444444444444,0.0,0.0
validation,2024-05,neural_s0,744,-12.385406565223166,0.7338709677419355,0.9126344086021505,0.9341397849462365,0.0,0.0
validation,2024-06,neural_s0,720,-12.897187501232384,0.7333333333333333,0.9083333333333333,0.9486111111111111,0.0,0.0
validation,2024-07,neural_s0,744,-12.543423301111918,0.6693548387096774,0.8924731182795699,0.9206989247311828,0.0,0.0
validation,2024-08,neural_s0,744,-11.944158946085546,0.7002688172043011,0.8924731182795699,0.9139784946236559,0.0,0.0
validation,2024-09,neural_s0,720,-12.77496634585541,0.6777777777777778,0.8944444444444445,0.9194444444444444,0.0,0.0
validation,2024-10,neural_s0,744,-13.138682301227487,0.7217741935483871,0.9099462365591398,0.9314516129032258,0.0,0.0
validation,2024-11,neural_s0,720,-11.195176473271822,0.5680555555555555,0.8236111111111111,0.8569444444444444,0.0,0.0
validation,2024-12,neural_s0,744,-11.598391791990277,0.6169354838709677,0.8602150537634409,0.8897849462365591,0.0,0.0
validation,2024-01,neural_s1,744,-12.041513161341074,0.6666666666666666,0.8803763440860215,0.9045698924731183,0.0,0.0
validation,2024-02,neural_s1,696,-12.473079126689345,0.6982758620689655,0.9037356321839081,0.9295977011494253,0.0,0.0
validation,2024-03,neural_s1,744,-11.262646030318939,0.6196236559139785,0.8588709677419355,0.8897849462365591,0.0,0.0
validation,2024-04,neural_s1,720,-12.061815200560448,0.6444444444444445,0.8777777777777778,0.9097222222222222,0.0,0.0
validation,2024-05,neural_s1,744,-12.431740049266274,0.739247311827957,0.907258064516129,0.9368279569892473,0.0,0.0
validation,2024-06,neural_s1,720,-12.935212709559615,0.7319444444444444,0.9138888888888889,0.9458333333333333,0.0,0.0
validation,2024-07,neural_s1,744,-12.530221199935218,0.6424731182795699,0.8830645161290323,0.9112903225806451,0.0,0.0
validation,2024-08,neural_s1,744,-11.941370532453337,0.6720430107526881,0.8803763440860215,0.9018817204301075,0.0,0.0
validation,2024-09,neural_s1,720,-12.765695182728122,0.6611111111111111,0.8861111111111111,0.9208333333333333,0.0,0.0
validation,2024-10,neural_s1,744,-13.134684880072605,0.706989247311828,0.9032258064516129,0.9274193548387096,0.0,0.0
validation,2024-11,neural_s1,720,-11.32129239344897,0.6125,0.8597222222222223,0.8861111111111111,0.0,0.0
validation,2024-12,neural_s1,744,-11.582580646496398,0.6411290322580645,0.8615591397849462,0.8978494623655914,0.0,0.0
validation,2024-01,neural_s2,744,-11.901849312852827,0.6545698924731183,0.8709677419354839,0.9045698924731183,0.0,0.0
validation,2024-02,neural_s2,696,-12.455123866539964,0.6824712643678161,0.896551724137931,0.9281609195402298,0.0,0.0
validation,2024-03,neural_s2,744,-11.212346356441142,0.6303763440860215,0.8575268817204301,0.8884408602150538,0.0,0.0
validation,2024-04,neural_s2,720,-12.025845940416305,0.6402777777777777,0.8763888888888889,0.9111111111111111,0.0,0.0
validation,2024-05,neural_s2,744,-12.354313917888664,0.7365591397849462,0.9126344086021505,0.9274193548387096,0.0,0.0
validation,2024-06,neural_s2,720,-12.907057849450904,0.7277777777777777,0.9069444444444444,0.9486111111111111,0.0,0.0
validation,2024-07,neural_s2,744,-12.553208516223696,0.6666666666666666,0.8924731182795699,0.9166666666666666,0.0,0.0
validation,2024-08,neural_s2,744,-11.959555327662914,0.6854838709677419,0.885752688172043,0.9045698924731183,0.0,0.0
validation,2024-09,neural_s2,720,-12.773465932708362,0.6819444444444445,0.8902777777777777,0.9208333333333333,0.0,0.0
validation,2024-10,neural_s2,744,-13.183754345526994,0.7204301075268817,0.9139784946236559,0.9341397849462365,0.0,0.0
validation,2024-11,neural_s2,720,-11.311176515092876,0.5875,0.8333333333333334,0.875,0.0,0.0
validation,2024-12,neural_s2,744,-11.56095316786457,0.6155913978494624,0.8508064516129032,0.8817204301075269,0.0,0.0
test,2025-01,constant,744,-11.86079314261324,0.6774193548387096,0.875,0.9045698924731183,0.0,0.0
test,2025-02,constant,672,-10.380864103382603,0.5282738095238095,0.8035714285714286,0.8407738095238095,0.0,0.0
test,2025-03,constant,744,-11.087555588308396,0.5698924731182796,0.8440860215053764,0.8790322580645161,0.0,0.0
test,2025-04,constant,720,-11.81757684211817,0.7180555555555556,0.8736111111111111,0.9069444444444444,0.0,0.0
test,2025-05,constant,744,-11.629710711044197,0.6653225806451613,0.8629032258064516,0.8924731182795699,0.0,0.0
test,2025-06,constant,720,-12.351705854687093,0.7986111111111112,0.9361111111111111,0.9541666666666667,0.0,0.0
test,2025-07,constant,744,-12.175981532896277,0.7016129032258065,0.8991935483870968,0.9247311827956989,0.0,0.0
test,2025-08,constant,744,-11.902545755090374,0.6599462365591398,0.8938172043010753,0.918010752688172,0.0,0.0
test,2025-09,constant,720,-12.63778154769908,0.8013888888888889,0.9486111111111111,0.9652777777777778,0.0,0.0
test,2025-10,constant,744,-10.942079014716935,0.6061827956989247,0.8225806451612904,0.8521505376344086,0.0,0.0
test,2025-11,constant,720,-12.149611337512367,0.6486111111111111,0.8930555555555556,0.9152777777777777,0.0,0.0
test,2025-12,constant,744,-12.650628174302067,0.8373655913978495,0.9583333333333334,0.9650537634408602,0.0,0.0
test,2025-01,ewma,744,-12.36695029958602,0.6518817204301075,0.8682795698924731,0.8938172043010753,0.0,0.0
test,2025-02,ewma,672,-11.36169132477088,0.6235119047619048,0.8586309523809523,0.8988095238095238,0.0,0.0
test,2025-03,ewma,744,-11.653210012334913,0.6478494623655914,0.8844086021505376,0.9126344086021505,0.0,0.0
test,2025-04,ewma,720,-12.492728278612336,0.6388888888888888,0.8694444444444445,0.9055555555555556,0.0,0.0
test,2025-05,ewma,744,-12.493520381037648,0.6182795698924731,0.8669354838709677,0.9018817204301075,0.0,0.0
test,2025-06,ewma,720,-13.087737701483626,0.6222222222222222,0.8902777777777777,0.9166666666666666,0.0,0.0
test,2025-07,ewma,744,-12.735144911822722,0.603494623655914,0.8655913978494624,0.9018817204301075,0.0,0.0
test,2025-08,ewma,744,-12.439263455821708,0.635752688172043,0.8817204301075269,0.918010752688172,0.0,0.0
test,2025-09,ewma,720,-13.099381945658681,0.6111111111111112,0.8819444444444444,0.9097222222222222,0.0,0.0
test,2025-10,ewma,744,-11.643994170939608,0.6370967741935484,0.8709677419354839,0.8991935483870968,0.0,0.0
test,2025-11,ewma,720,-12.300666712030637,0.6097222222222223,0.8875,0.925,0.0,0.0
test,2025-12,ewma,744,-12.941875415080245,0.6801075268817204,0.8763440860215054,0.9059139784946236,0.0,0.0
test,2025-01,dcc,744,-12.451448205836387,0.6854838709677419,0.8924731182795699,0.9139784946236559,0.0,0.0
test,2025-02,dcc,672,-11.51829998385983,0.6339285714285714,0.8779761904761905,0.90625,0.0,0.0
test,2025-03,dcc,744,-11.670420832054086,0.6155913978494624,0.8830645161290323,0.9193548387096774,0.0,0.0
test,2025-04,dcc,720,-12.531218520673237,0.7055555555555556,0.9,0.9263888888888889,0.0,0.0
test,2025-05,dcc,744,-12.498872350184378,0.6706989247311828,0.8911290322580645,0.928763440860215,0.0,0.0
test,2025-06,dcc,720,-12.9878201961569,0.7361111111111112,0.9222222222222223,0.95,0.0,0.0
test,2025-07,dcc,744,-12.730611489102445,0.6760752688172043,0.8991935483870968,0.9314516129032258,0.0,0.0
test,2025-08,dcc,744,-12.429313397416939,0.6532258064516129,0.9032258064516129,0.9354838709677419,0.0,0.0
test,2025-09,dcc,720,-13.092266592175699,0.6736111111111112,0.9152777777777777,0.9375,0.0,0.0
test,2025-10,dcc,744,-11.734416597445152,0.6424731182795699,0.8790322580645161,0.9099462365591398,0.0,0.0
test,2025-11,dcc,720,-12.37719976279303,0.6583333333333333,0.9041666666666667,0.9333333333333333,0.0,0.0
test,2025-12,dcc,744,-12.965513031419578,0.7432795698924731,0.9153225806451613,0.9395161290322581,0.0,0.0
test,2025-01,arff_s0,744,79.79163728766756,0.43548387096774194,0.614247311827957,0.6451612903225806,0.26344086021505375,0.2647849462365591
test,2025-02,arff_s0,672,53.97971808399008,0.5416666666666666,0.7767857142857143,0.8110119047619048,0.08630952380952381,0.08630952380952381
test,2025-03,arff_s0,744,60.52863219325247,0.5752688172043011,0.7782258064516129,0.8131720430107527,0.10887096774193548,0.10887096774193548
test,2025-04,arff_s0,720,157.09165036297023,0.30972222222222223,0.4513888888888889,0.48055555555555557,0.4791666666666667,0.4791666666666667
test,2025-05,arff_s0,744,218.4300377474793,0.38306451612903225,0.5604838709677419,0.592741935483871,0.28225806451612906,0.28360215053763443
test,2025-06,arff_s0,720,92.3122221532278,0.4305555555555556,0.5666666666666667,0.5958333333333333,0.33055555555555555,0.33194444444444443
test,2025-07,arff_s0,744,179.51093184163798,0.3682795698924731,0.5362903225806451,0.5658602150537635,0.36693548387096775,0.36693548387096775
test,2025-08,arff_s0,744,255.4291341204383,0.4798387096774194,0.6706989247311828,0.7056451612903226,0.1989247311827957,0.20026881720430106
test,2025-09,arff_s0,720,557.2356080567716,0.3597222222222222,0.49722222222222223,0.5236111111111111,0.44305555555555554,0.44305555555555554
test,2025-10,arff_s0,744,9.567175715136166,0.6263440860215054,0.864247311827957,0.8938172043010753,0.008064516129032258,0.008064516129032258
test,2025-11,arff_s0,720,-11.363940313208985,0.6875,0.9166666666666666,0.9402777777777778,0.001388888888888889,0.001388888888888889
test,2025-12,arff_s0,744,-11.052414923733913,0.706989247311828,0.8991935483870968,0.9139784946236559,0.016129032258064516,0.016129032258064516
test,2025-01,arff_s0_diagonal,744,9.669750518370547,0.717741935483871,0.8588709677419355,0.8763440860215054,0.021505376344086023,0.021505376344086023
test,2025-02,arff_s0_diagonal,672,-6.627823333789384,0.7366071428571429,0.9002976190476191,0.9255952380952381,0.001488095238095238,0.001488095238095238
test,2025-03,arff_s0_diagonal,744,40.491836107882136,0.7163978494623656,0.8709677419354839,0.9059139784946236,0.036290322580645164,0.036290322580645164
test,2025-04,arff_s0_diagonal,720,66.10393272629274,0.6805555555555556,0.8291666666666667,0.8472222222222222,0.07361111111111111,0.07361111111111111
test,2025-05,arff_s0_diagonal,744,36.062724826612474,0.6317204301075269,0.8198924731182796,0.8454301075268817,0.053763440860215055,0.053763440860215055
test,2025-06,arff_s0_diagonal,720,-5.182714435064148,0.8208333333333333,0.925,0.9472222222222222,0.009722222222222222,0.009722222222222222
test,2025-07,arff_s0_diagonal,744,76.48024203579956,0.6747311827956989,0.8333333333333334,0.8588709677419355,0.07795698924731183,0.07795698924731183
test,2025-08,arff_s0_diagonal,744,199.59073819609,0.7634408602150538,0.885752688172043,0.907258064516129,0.030913978494623656,0.030913978494623656
test,2025-09,arff_s0_diagonal,720,629.9518556619877,0.6,0.7166666666666667,0.7347222222222223,0.23055555555555557,0.23055555555555557
test,2025-10,arff_s0_diagonal,744,77.99601706315997,0.7190860215053764,0.8951612903225806,0.9206989247311828,0.002688172043010753,0.002688172043010753
test,2025-11,arff_s0_diagonal,720,-10.843899379748652,0.7666666666666667,0.9111111111111111,0.9319444444444445,0.0,0.0
test,2025-12,arff_s0_diagonal,744,-11.62946988174914,0.8279569892473119,0.9448924731182796,0.9516129032258065,0.0,0.0
test,2025-01,arff_s1,744,309.3456248923341,0.3575268817204301,0.5188172043010753,0.5524193548387096,0.3817204301075269,0.3817204301075269
test,2025-02,arff_s1,672,84.49061926045727,0.4642857142857143,0.6979166666666666,0.7306547619047619,0.15029761904761904,0.15178571428571427
test,2025-03,arff_s1,744,205.54732308378027,0.4879032258064516,0.7056451612903226,0.7432795698924731,0.1586021505376344,0.1586021505376344
test,2025-04,arff_s1,720,170.67466500744746,0.30416666666666664,0.44583333333333336,0.4736111111111111,0.46805555555555556,0.46805555555555556
test,2025-05,arff_s1,744,1052.6905692627677,0.33064516129032256,0.4637096774193548,0.48118279569892475,0.44489247311827956,0.44623655913978494
test,2025-06,arff_s1,720,147.9046626871364,0.3,0.44027777777777777,0.46805555555555556,0.48194444444444445,0.48194444444444445
test,2025-07,arff_s1,744,143.95983221806833,0.44489247311827956,0.6370967741935484,0.6733870967741935,0.26344086021505375,0.26344086021505375
test,2025-08,arff_s1,744,292.29911208780106,0.385752688172043,0.5241935483870968,0.5591397849462365,0.3817204301075269,0.3817204301075269
test,2025-09,arff_s1,720,128.00889458934464,0.3902777777777778,0.5388888888888889,0.5652777777777778,0.3819444444444444,0.3819444444444444
test,2025-10,arff_s1,744,115.30981050320027,0.5510752688172043,0.8077956989247311,0.8454301075268817,0.043010752688172046,0.043010752688172046
test,2025-11,arff_s1,720,1.1096511187964728,0.65,0.8791666666666667,0.9069444444444444,0.025,0.025
test,2025-12,arff_s1,744,15.846246069488858,0.6478494623655914,0.8387096774193549,0.8629032258064516,0.051075268817204304,0.051075268817204304
test,2025-01,arff_s1_diagonal,744,311.143720925172,0.5497311827956989,0.6653225806451613,0.6827956989247311,0.23118279569892472,0.23118279569892472
test,2025-02,arff_s1_diagonal,672,4.246657517345122,0.6770833333333334,0.8601190476190477,0.9017857142857143,0.010416666666666666,0.010416666666666666
test,2025-03,arff_s1_diagonal,744,188.00218514989177,0.635752688172043,0.8198924731182796,0.853494623655914,0.06720430107526881,0.06720430107526881
test,2025-04,arff_s1_diagonal,720,100.42413581177357,0.5902777777777778,0.7402777777777778,0.7652777777777777,0.14444444444444443,0.14444444444444443
test,2025-05,arff_s1_diagonal,744,889.8381092274775,0.5080645161290323,0.6505376344086021,0.6653225806451613,0.239247311827957,0.239247311827957
test,2025-06,arff_s1_diagonal,720,24.673463808277443,0.6833333333333333,0.8416666666666667,0.8625,0.08333333333333333,0.08333333333333333
test,2025-07,arff_s1_diagonal,744,32.433601012636174,0.6814516129032258,0.8400537634408602,0.864247311827957,0.051075268817204304,0.051075268817204304
test,2025-08,arff_s1_diagonal,744,53.9778918873516,0.6626344086021505,0.831989247311828,0.8548387096774194,0.05913978494623656,0.05913978494623656
test,2025-09,arff_s1_diagonal,720,43.68208790946664,0.7541666666666667,0.8736111111111111,0.8916666666666667,0.06805555555555555,0.06805555555555555
test,2025-10,arff_s1_diagonal,744,102.34004568694232,0.6854838709677419,0.8709677419354839,0.8951612903225806,0.006720430107526882,0.006720430107526882
test,2025-11,arff_s1_diagonal,720,-10.856021847580026,0.7458333333333333,0.8986111111111111,0.9166666666666666,0.0,0.0
test,2025-12,arff_s1_diagonal,744,0.1860367356858044,0.760752688172043,0.896505376344086,0.918010752688172,0.012096774193548387,0.013440860215053764
test,2025-01,arff_s2,744,206.17045706025002,0.3951612903225806,0.5618279569892473,0.5967741935483871,0.34408602150537637,0.34408602150537637
test,2025-02,arff_s2,672,112.33236288802092,0.5163690476190477,0.7648809523809523,0.7961309523809523,0.11904761904761904,0.11904761904761904
test,2025-03,arff_s2,744,235.8018062343036,0.5698924731182796,0.7674731182795699,0.7970430107526881,0.12634408602150538,0.12634408602150538
test,2025-04,arff_s2,720,283.2838477400117,0.28194444444444444,0.4097222222222222,0.42916666666666664,0.5541666666666667,0.5541666666666667
test,2025-05,arff_s2,744,239.3604980691066,0.3400537634408602,0.478494623655914,0.5161290322580645,0.4274193548387097,0.4274193548387097
test,2025-06,arff_s2,720,255.75722842800963,0.20277777777777778,0.2708333333333333,0.2902777777777778,0.7208333333333333,0.7208333333333333
test,2025-07,arff_s2,744,338.1531061027984,0.24193548387096775,0.375,0.4032258064516129,0.5887096774193549,0.5900537634408602
test,2025-08,arff_s2,744,166.7396537024832,0.4905913978494624,0.6653225806451613,0.7110215053763441,0.1881720430107527,0.1881720430107527
test,2025-09,arff_s2,720,498.97026938149645,0.31666666666666665,0.45694444444444443,0.4708333333333333,0.5013888888888889,0.5013888888888889
test,2025-10,arff_s2,744,-10.498683366139757,0.635752688172043,0.8655913978494624,0.8911290322580645,0.012096774193548387,0.012096774193548387
test,2025-11,arff_s2,720,1.569599850783153,0.6347222222222222,0.8763888888888889,0.9055555555555556,0.029166666666666667,0.030555555555555555
test,2025-12,arff_s2,744,6.9515549583684075,0.635752688172043,0.8185483870967742,0.842741935483871,0.08870967741935484,0.08870967741935484
test,2025-01,arff_s2_diagonal,744,45.95028691265189,0.6868279569892473,0.842741935483871,0.8655913978494624,0.028225806451612902,0.028225806451612902
test,2025-02,arff_s2_diagonal,672,37.078563746983704,0.6875,0.8616071428571429,0.8854166666666666,0.03125,0.03125
test,2025-03,arff_s2_diagonal,744,280.279024854205,0.717741935483871,0.8682795698924731,0.8938172043010753,0.041666666666666664,0.041666666666666664
test,2025-04,arff_s2_diagonal,720,299.7303850022735,0.46944444444444444,0.5916666666666667,0.6166666666666667,0.31527777777777777,0.31527777777777777
test,2025-05,arff_s2_diagonal,744,188.41560373511766,0.5268817204301075,0.6989247311827957,0.7244623655913979,0.20430107526881722,0.20430107526881722
test,2025-06,arff_s2_diagonal,720,186.77602108781656,0.5166666666666667,0.6236111111111111,0.6375,0.28888888888888886,0.28888888888888886
test,2025-07,arff_s2_diagonal,744,234.57440462221848,0.45026881720430106,0.592741935483871,0.6115591397849462,0.34139784946236557,0.34139784946236557
test,2025-08,arff_s2_diagonal,744,59.34442084871377,0.7352150537634409,0.8817204301075269,0.9032258064516129,0.021505376344086023,0.021505376344086023
test,2025-09,arff_s2_diagonal,720,325.80958251444866,0.5694444444444444,0.6736111111111112,0.6986111111111111,0.26666666666666666,0.26666666666666666
test,2025-10,arff_s2_diagonal,744,-10.829816456196479,0.7258064516129032,0.9005376344086021,0.9233870967741935,0.0,0.0
test,2025-11,arff_s2_diagonal,720,-10.858273584315954,0.7541666666666667,0.9097222222222222,0.9263888888888889,0.0,0.0
test,2025-12,arff_s2_diagonal,744,-2.642965330525234,0.7553763440860215,0.9045698924731183,0.9206989247311828,0.01747311827956989,0.01747311827956989
test,2025-01,neural_s0,744,-12.446084014853216,0.6626344086021505,0.8911290322580645,0.9166666666666666,0.0,0.0
test,2025-02,neural_s0,672,-11.425059481056506,0.6651785714285714,0.8764880952380952,0.9181547619047619,0.0,0.0
test,2025-03,neural_s0,744,-11.679334771404061,0.7110215053763441,0.907258064516129,0.9435483870967742,0.0,0.0
test,2025-04,neural_s0,720,-12.438083896206617,0.7402777777777778,0.9069444444444444,0.9361111111111111,0.0,0.0
test,2025-05,neural_s0,744,-12.494558426151375,0.7231182795698925,0.9206989247311828,0.946236559139785,0.0,0.0
test,2025-06,neural_s0,720,-13.088892152733084,0.8069444444444445,0.95,0.9680555555555556,0.0,0.0
test,2025-07,neural_s0,744,-12.785610091611899,0.7204301075268817,0.9099462365591398,0.9408602150537635,0.0,0.0
test,2025-08,neural_s0,744,-12.366771558394445,0.6774193548387096,0.9045698924731183,0.928763440860215,0.0,0.0
test,2025-09,neural_s0,720,-13.108201257772157,0.7236111111111111,0.9263888888888889,0.9513888888888888,0.0,0.0
test,2025-10,neural_s0,744,-11.705145825341754,0.6653225806451613,0.875,0.9099462365591398,0.0,0.0
test,2025-11,neural_s0,720,-12.365865808488905,0.6888888888888889,0.9222222222222223,0.9472222222222222,0.0,0.0
test,2025-12,neural_s0,744,-13.108246174984062,0.7311827956989247,0.9099462365591398,0.9354838709677419,0.0,0.0
test,2025-01,neural_s1,744,-12.411496346106658,0.7056451612903226,0.8991935483870968,0.9206989247311828,0.0,0.0
test,2025-02,neural_s1,672,-11.273894242195059,0.6532738095238095,0.875,0.9226190476190477,0.0,0.0
test,2025-03,neural_s1,744,-11.683779223141418,0.6814516129032258,0.9166666666666666,0.9301075268817204,0.0,0.0
test,2025-04,neural_s1,720,-12.435792604204106,0.7319444444444444,0.9069444444444444,0.9277777777777778,0.0,0.0
test,2025-05,neural_s1,744,-12.451835280024715,0.728494623655914,0.9126344086021505,0.9475806451612904,0.0,0.0
test,2025-06,neural_s1,720,-12.973533616851551,0.8152777777777778,0.9513888888888888,0.9638888888888889,0.0,0.0
test,2025-07,neural_s1,744,-12.660999243811712,0.7311827956989247,0.9139784946236559,0.9475806451612904,0.0,0.0
test,2025-08,neural_s1,744,-12.337488122604594,0.6639784946236559,0.896505376344086,0.9274193548387096,0.0,0.0
test,2025-09,neural_s1,720,-13.035339391120841,0.7291666666666666,0.9263888888888889,0.9472222222222222,0.0,0.0
test,2025-10,neural_s1,744,-11.692848090337938,0.678763440860215,0.8817204301075269,0.9099462365591398,0.0,0.0
test,2025-11,neural_s1,720,-12.38885477421286,0.6486111111111111,0.9138888888888889,0.9402777777777778,0.0,0.0
test,2025-12,neural_s1,744,-13.147592804417561,0.7110215053763441,0.9059139784946236,0.9260752688172043,0.0,0.0
test,2025-01,neural_s2,744,-12.415409727537906,0.6801075268817204,0.8870967741935484,0.9112903225806451,0.0,0.0
test,2025-02,neural_s2,672,-11.421842653775649,0.6428571428571429,0.875,0.9092261904761905,0.0,0.0
test,2025-03,neural_s2,744,-11.686588310147856,0.6814516129032258,0.9059139784946236,0.9327956989247311,0.0,0.0
test,2025-04,neural_s2,720,-12.492172513613676,0.7180555555555556,0.9125,0.9388888888888889,0.0,0.0
test,2025-05,neural_s2,744,-12.474094288557612,0.717741935483871,0.9112903225806451,0.9395161290322581,0.0,0.0
test,2025-06,neural_s2,720,-13.093924547990031,0.8069444444444445,0.9513888888888888,0.9666666666666667,0.0,0.0
test,2025-07,neural_s2,744,-12.725133219246908,0.7231182795698925,0.9099462365591398,0.9435483870967742,0.0,0.0
test,2025-08,neural_s2,744,-12.376885168644925,0.6854838709677419,0.9166666666666666,0.9381720430107527,0.0,0.0
test,2025-09,neural_s2,720,-13.077533273955018,0.7111111111111111,0.925,0.9527777777777777,0.0,0.0
test,2025-10,neural_s2,744,-11.654952258414363,0.6518817204301075,0.8723118279569892,0.9032258064516129,0.0,0.0
test,2025-11,neural_s2,720,-12.382298573679178,0.6680555555555555,0.9208333333333333,0.9402777777777778,0.0,0.0
test,2025-12,neural_s2,744,-13.098883849692562,0.7244623655913979,0.9166666666666666,0.9354838709677419,0.0,0.0
