split,method,portfolio,month,count,scalar_nll,mean_forecast_variance,mean_observed_squared_return,mean_squared_standardized_return,coverage95
validation,constant,equal_weight,ALL,8784,-3.724152770455572,3.8831489918818474e-05,3.378714103475606e-05,0.87009643733454,0.9536657559198543
validation,constant,equal_weight,2024-01,744,-3.8054847861034875,3.8831489918818474e-05,2.7470654343337607e-05,0.7074324060387085,0.9556451612903226
validation,constant,equal_weight,2024-02,696,-3.8981040217884,3.8831489918818474e-05,2.027756850976301e-05,0.5221939346688863,0.9727011494252874
validation,constant,equal_weight,2024-03,744,-3.417747193232672,3.8831489918818474e-05,5.758351120075769e-05,1.4829075917803411,0.9126344086021505
validation,constant,equal_weight,2024-04,720,-3.5707601345375184,3.8831489918818474e-05,4.5700070225301905e-05,1.176881709170649,0.9444444444444444
validation,constant,equal_weight,2024-05,744,-3.844195571826858,3.8831489918818474e-05,2.446425937220441e-05,0.6300108345919678,0.9744623655913979
validation,constant,equal_weight,2024-06,720,-3.9508501918430423,3.8831489918818474e-05,1.6181143768296685e-05,0.4167015945596,0.9819444444444444
validation,constant,equal_weight,2024-07,744,-3.7662068791083905,3.8831489918818474e-05,3.0521093642362495e-05,0.7859882200289049,0.956989247311828
validation,constant,equal_weight,2024-08,744,-3.396433521673297,3.8831489918818474e-05,5.923879444533944e-05,1.525534934899091,0.9301075268817204
validation,constant,equal_weight,2024-09,720,-3.8675627215888047,3.8831489918818474e-05,2.2649496891379353e-05,0.5832765350680759,0.9736111111111111
validation,constant,equal_weight,2024-10,744,-3.9153957138628597,3.8831489918818474e-05,1.8934644176825595e-05,0.48761055051996627,0.978494623655914
validation,constant,equal_weight,2024-11,720,-3.677987644210397,3.8831489918818474e-05,3.737246230353708e-05,0.962426689824891,0.9388888888888889
validation,constant,equal_weight,2024-12,744,-3.595829127401567,3.8831489918818474e-05,4.375313753795146e-05,1.1267437234425524,0.9260752688172043
validation,constant,BTC_ETH_spread,ALL,8784,-4.087709571732812,1.2591376877374713e-05,1.598100251904044e-05,1.2692021432347482,0.9414845173041895
validation,constant,BTC_ETH_spread,2024-01,744,-3.908799930872842,1.2591376877374713e-05,2.0486439949167676e-05,1.627021424954685,0.9314516129032258
validation,constant,BTC_ETH_spread,2024-02,696,-4.233131768692012,1.2591376877374715e-05,1.231887114254222e-05,0.978357749316347,0.9482758620689655
validation,constant,BTC_ETH_spread,2024-03,744,-4.086583310023177,1.2591376877374713e-05,1.6009364890337555e-05,1.271454666654016,0.9341397849462365
validation,constant,BTC_ETH_spread,2024-04,720,-4.238852119801151,1.2591376877374713e-05,1.2174816949170062e-05,0.9669170470980688,0.9472222222222222
validation,constant,BTC_ETH_spread,2024-05,744,-3.87270276265588,1.2591376877374713e-05,2.139546604761922e-05,1.6992157613886103,0.9489247311827957
validation,constant,BTC_ETH_spread,2024-06,720,-4.4405335151165675,1.2591376877374713e-05,7.095924034027662e-06,0.5635542564672366,0.9805555555555555
validation,constant,BTC_ETH_spread,2024-07,744,-4.31490368496041,1.2591376877374713e-05,1.0259629111101146e-05,0.8148139167795494,0.9623655913978495
validation,constant,BTC_ETH_spread,2024-08,744,-3.9012052690707555,1.2591376877374713e-05,2.0677694447180244e-05,1.6422107485588597,0.9247311827956989
validation,constant,BTC_ETH_spread,2024-09,720,-4.39199817139712,1.2591376877374713e-05,8.318177643316634e-06,0.6606249439061317,0.975
validation,constant,BTC_ETH_spread,2024-10,744,-4.386537023245607,1.2591376877374713e-05,8.455704392434366e-06,0.6715472402091557,0.9663978494623656
validation,constant,BTC_ETH_spread,2024-11,720,-3.4523837350745277,1.2591376877374713e-05,3.1980256617636146e-05,2.539853816551315,0.8666666666666667
validation,constant,BTC_ETH_spread,2024-12,744,-3.8398440101538935,1.2591376877374713e-05,2.2222939920564982e-05,1.764933266392582,0.9126344086021505
validation,ewma,equal_weight,ALL,8784,-3.808206158219477,3.374609882301471e-05,3.378714103475606e-05,1.1052398786938629,0.9360200364298725
validation,ewma,equal_weight,2024-01,744,-3.864224916531526,2.7247489630059894e-05,2.7470654343337607e-05,1.098105442356348,0.9301075268817204
validation,ewma,equal_weight,2024-02,696,-4.030084865881047,1.9041239388927575e-05,2.027756850976301e-05,1.1065170142724916,0.9324712643678161
validation,ewma,equal_weight,2024-03,744,-3.5539714911493876,5.9265848387055584e-05,5.758351120075769e-05,1.0209389146807761,0.9381720430107527
validation,ewma,equal_weight,2024-04,720,-3.611195232868753,4.3855847500235144e-05,4.5700070225301905e-05,1.2175555410448027,0.9319444444444445
validation,ewma,equal_weight,2024-05,744,-3.89652990598644,2.616978149003737e-05,2.446425937220441e-05,1.1044062575193396,0.9448924731182796
validation,ewma,equal_weight,2024-06,720,-4.10097306591658,1.620114773930257e-05,1.6181143768296685e-05,1.0988564016641387,0.9375
validation,ewma,equal_weight,2024-07,744,-3.799599328602913,2.9989667252255907e-05,3.0521093642362495e-05,1.1592758486526522,0.9341397849462365
validation,ewma,equal_weight,2024-08,744,-3.575461184767483,5.9156895297675596e-05,5.923879444533944e-05,1.1321093496811383,0.9327956989247311
validation,ewma,equal_weight,2024-09,720,-3.943382630830336,2.3102723179574086e-05,2.2649496891379353e-05,1.0403398139154045,0.9444444444444444
validation,ewma,equal_weight,2024-10,744,-4.018850780176883,1.881843735336152e-05,1.8934644176825595e-05,1.1160245607341843,0.9395161290322581
validation,ewma,equal_weight,2024-11,720,-3.6963313238923217,3.7389670360222143e-05,3.737246230353708e-05,1.065104389910206,0.9305555555555556
validation,ewma,equal_weight,2024-12,744,-3.6260244957704786,4.330009231744015e-05,4.375313753795146e-05,1.1037563293437864,0.9354838709677419
validation,ewma,BTC_ETH_spread,ALL,8784,-4.174330931831158,1.596700899924511e-05,1.598100251904044e-05,1.2012968529228873,0.9462659380692168
validation,ewma,BTC_ETH_spread,2024-01,744,-4.127955513753684,2.0338873841570383e-05,2.0486439949167676e-05,1.3009804612206095,0.956989247311828
validation,ewma,BTC_ETH_spread,2024-02,696,-4.318885169598391,1.0604675813480451e-05,1.231887114254222e-05,1.1753439905434853,0.9439655172413793
validation,ewma,BTC_ETH_spread,2024-03,744,-4.170880853314717,1.7655955919155277e-05,1.6009364890337555e-05,0.9953465251836369,0.9516129032258065
validation,ewma,BTC_ETH_spread,2024-04,720,-4.228732426060277,1.2056840735190462e-05,1.2174816949170062e-05,1.147804626721567,0.9416666666666667
validation,ewma,BTC_ETH_spread,2024-05,744,-3.8454340975641306,2.1509449313609658e-05,2.139546604761922e-05,1.8332432126715212,0.9502688172043011
validation,ewma,BTC_ETH_spread,2024-06,720,-4.5152918655061445,7.268219160886158e-06,7.095924034027662e-06,1.0653128190674863,0.9361111111111111
validation,ewma,BTC_ETH_spread,2024-07,744,-4.329708619221725,1.008906343029424e-05,1.0259629111101146e-05,1.173221661392871,0.9475806451612904
validation,ewma,BTC_ETH_spread,2024-08,744,-4.065881766079242,2.0697982502086323e-05,2.0677694447180244e-05,1.185450298725278,0.9516129032258065
validation,ewma,BTC_ETH_spread,2024-09,720,-4.427255588832689,8.410739050919605e-06,8.318177643316634e-06,1.0584972145504337,0.9430555555555555
validation,ewma,BTC_ETH_spread,2024-10,744,-4.3736038136797815,8.06396203028185e-06,8.455704392434366e-06,1.202998041356488,0.9368279569892473
validation,ewma,BTC_ETH_spread,2024-11,720,-3.7439305127173257,3.182163681908349e-05,3.1980256617636146e-05,1.1956176597860244,0.9472222222222222
validation,ewma,BTC_ETH_spread,2024-12,744,-3.9607656376240628,2.260170077430504e-05,2.2222939920564982e-05,1.0691695684899278,0.9475806451612904
validation,dcc,equal_weight,ALL,8784,-3.841184726329485,3.8546483958613324e-05,3.378714103475606e-05,0.9267770320323345,0.9487704918032787
validation,dcc,equal_weight,2024-01,744,-3.912568470349739,3.260921406654284e-05,2.7470654343337607e-05,0.8797223487491111,0.946236559139785
validation,dcc,equal_weight,2024-02,696,-4.03993790664357,2.6093055721290547e-05,2.027756850976301e-05,0.7915992232166021,0.9568965517241379
validation,dcc,equal_weight,2024-03,744,-3.6133710469253306,6.139068003541733e-05,5.758351120075769e-05,0.9504730000574116,0.9395161290322581
validation,dcc,equal_weight,2024-04,720,-3.6506093758613147,4.842127061585172e-05,4.5700070225301905e-05,1.0781803322170596,0.9444444444444444
validation,dcc,equal_weight,2024-05,744,-3.934299826245818,3.065294220307782e-05,2.446425937220441e-05,0.919981324216237,0.956989247311828
validation,dcc,equal_weight,2024-06,720,-4.131915021813053,2.1620330653133054e-05,1.6181143768296685e-05,0.7792213218879888,0.9652777777777778
validation,dcc,equal_weight,2024-07,744,-3.834344328895826,3.508979061641681e-05,3.0521093642362495e-05,0.9806898709722305,0.9422043010752689
validation,dcc,equal_weight,2024-08,744,-3.618195557344937,6.179263670124688e-05,5.923879444533944e-05,1.0827372681012861,0.9381720430107527
validation,dcc,equal_weight,2024-09,720,-3.953111912462255,2.7667870423293244e-05,2.2649496891379353e-05,0.8769882723692679,0.9541666666666667
validation,dcc,equal_weight,2024-10,744,-4.0539805676300436,2.4238957417602922e-05,1.8934644176825595e-05,0.8290958267121219,0.9583333333333334
validation,dcc,equal_weight,2024-11,720,-3.706241669653584,4.317937119562337e-05,3.737246230353708e-05,0.946956568768467,0.9388888888888889
validation,dcc,equal_weight,2024-12,744,-3.6609521751961003,4.856930238866343e-05,4.375313753795146e-05,0.9961268577486818,0.9448924731182796
validation,dcc,BTC_ETH_spread,ALL,8784,-4.214965687031497,1.6931536480643988e-05,1.598100251904044e-05,1.106632224841265,0.9519581056466302
validation,dcc,BTC_ETH_spread,2024-01,744,-4.190914291499679,1.9454201846323175e-05,2.0486439949167676e-05,1.2171978033492015,0.9529569892473119
validation,dcc,BTC_ETH_spread,2024-02,696,-4.371184876449129,1.1498638570896733e-05,1.231887114254222e-05,1.009885081023278,0.9568965517241379
validation,dcc,BTC_ETH_spread,2024-03,744,-4.184885708937977,2.144574941403173e-05,1.6009364890337555e-05,0.9280386669068196,0.9529569892473119
validation,dcc,BTC_ETH_spread,2024-04,720,-4.225573472976901,1.602719368233035e-05,1.2174816949170062e-05,0.9781616408212168,0.9569444444444445
validation,dcc,BTC_ETH_spread,2024-05,744,-3.9684893746508565,2.163962593303216e-05,2.139546604761922e-05,1.628225252275648,0.9583333333333334
validation,dcc,BTC_ETH_spread,2024-06,720,-4.545943552394682,7.857481955821185e-06,7.095924034027662e-06,0.9516985754029272,0.95
validation,dcc,BTC_ETH_spread,2024-07,744,-4.385554924366027,1.1785620246432007e-05,1.0259629111101146e-05,0.9537445062519476,0.9543010752688172
validation,dcc,BTC_ETH_spread,2024-08,744,-4.131045918627014,2.4243177816631724e-05,2.0677694447180244e-05,1.0520513855913693,0.9543010752688172
validation,dcc,BTC_ETH_spread,2024-09,720,-4.4560799440621475,9.82851394424726e-06,8.318177643316634e-06,0.9185512234443188,0.9597222222222223
validation,dcc,BTC_ETH_spread,2024-10,744,-4.4164456131773875,9.625079900710704e-06,8.455704392434366e-06,1.020255810286496,0.9502688172043011
validation,dcc,BTC_ETH_spread,2024-11,720,-3.726942341721962,2.773012873042123e-05,3.1980256617636146e-05,1.4329246673135265,0.9361111111111111
validation,dcc,BTC_ETH_spread,2024-12,744,-3.9896609655743576,2.1489844325906036e-05,2.2222939920564982e-05,1.1779266957503969,0.9408602150537635
validation,arff_s0,equal_weight,ALL,8784,-3.3859711825349144,3.603196754298723e-05,3.378714103475606e-05,1.9072256527224836,0.9360200364298725
validation,arff_s0,equal_weight,2024-01,744,-3.8240842291053188,3.243002301852387e-05,2.7470654343337607e-05,1.0868849946453831,0.9381720430107527
validation,arff_s0,equal_weight,2024-02,696,-3.8965300067568256,2.5985876966773376e-05,2.027756850976301e-05,1.1043945047557973,0.9324712643678161
validation,arff_s0,equal_weight,2024-03,744,0.5220013618320163,5.762591334335334e-05,5.758351120075769e-05,9.20611336321521,0.9301075268817204
validation,arff_s0,equal_weight,2024-04,720,-3.6599622022918576,4.157888363992117e-05,4.5700070225301905e-05,1.2454493983262684,0.9305555555555556
validation,arff_s0,equal_weight,2024-05,744,-3.515677833001657,2.2826222889738345e-05,2.446425937220441e-05,2.146399843069233,0.9206989247311828
validation,arff_s0,equal_weight,2024-06,720,-3.7956943808640364,3.0788062617963885e-05,1.6181143768296685e-05,1.2003091309687672,0.9541666666666667
validation,arff_s0,equal_weight,2024-07,744,-3.770211507847336,2.948075052246821e-05,3.0521093642362495e-05,1.2754836145411446,0.9341397849462365
validation,arff_s0,equal_weight,2024-08,744,-3.5952034046946046,5.0311908424882e-05,5.923879444533944e-05,1.303724134922808,0.9260752688172043
validation,arff_s0,equal_weight,2024-09,720,-3.935852248685288,2.3960582367386944e-05,2.2649496891379353e-05,1.0875862119067996,0.9416666666666667
validation,arff_s0,equal_weight,2024-10,744,-3.9946140515962223,2.1561555840608315e-05,1.8934644176825595e-05,1.0266722949291942,0.9489247311827957
validation,arff_s0,equal_weight,2024-11,720,-3.664287857274979,4.5187223718247845e-05,3.737246230353708e-05,0.982255822956017,0.9402777777777778
validation,arff_s0,equal_weight,2024-12,744,-3.583248462630289,4.991417816659706e-05,4.375313753795146e-05,1.0692098622181698,0.9354838709677419
validation,arff_s0,BTC_ETH_spread,ALL,8784,-4.134237230284274,1.3305726037415676e-05,1.598100251904044e-05,1.3285937338950595,0.9412568306010929
validation,arff_s0,BTC_ETH_spread,2024-01,744,-4.065975179957565,1.1654581878424664e-05,2.0486439949167676e-05,1.5736567966933424,0.9233870967741935
validation,arff_s0,BTC_ETH_spread,2024-02,696,-4.339381305297914,1.0984654907334914e-05,1.231887114254222e-05,1.047667874329795,0.9482758620689655
validation,arff_s0,BTC_ETH_spread,2024-03,744,-4.103931804503825,1.78346167452569e-05,1.6009364890337555e-05,1.0725606985845626,0.9475806451612904
validation,arff_s0,BTC_ETH_spread,2024-04,720,-4.254088317817888,1.3979791646852414e-05,1.2174816949170062e-05,1.0461965562673348,0.9513888888888888
validation,arff_s0,BTC_ETH_spread,2024-05,744,-3.6622749971555693,1.10916456084238e-05,2.139546604761922e-05,2.436285542604637,0.9341397849462365
validation,arff_s0,BTC_ETH_spread,2024-06,720,-4.453980727916799,1.1210546924341693e-05,7.095924034027662e-06,0.8082935445523516,0.9638888888888889
validation,arff_s0,BTC_ETH_spread,2024-07,744,-4.243846088600614,1.005593699611246e-05,1.0259629111101146e-05,1.401376426411346,0.9422043010752689
validation,arff_s0,BTC_ETH_spread,2024-08,744,-4.135917698853134,1.7798063114542016e-05,2.0677694447180244e-05,1.1139629878122794,0.9422043010752689
validation,arff_s0,BTC_ETH_spread,2024-09,720,-4.262439224321209,9.319329790312284e-06,8.318177643316634e-06,1.38843486700295,0.9361111111111111
validation,arff_s0,BTC_ETH_spread,2024-10,744,-4.385232446728042,9.087003331989447e-06,8.455704392434366e-06,1.1288889046077706,0.946236559139785
validation,arff_s0,BTC_ETH_spread,2024-11,720,-3.7130633181598114,1.8723411687147978e-05,3.1980256617636146e-05,1.6971541093125675,0.9236111111111112
validation,arff_s0,BTC_ETH_spread,2024-12,744,-4.008680519166843,1.777971154853439e-05,2.2222939920564982e-05,1.198448189607725,0.9368279569892473
validation,arff_s0_diagonal,equal_weight,ALL,8784,1.2591811876408179,1.4246607448388823e-05,3.378714103475606e-05,12.095427215841534,0.8494990892531876
validation,arff_s0_diagonal,equal_weight,2024-01,744,-3.6337109233524414,1.2846206797883624e-05,2.7470654343337607e-05,2.3479587021020207,0.8588709677419355
validation,arff_s0_diagonal,equal_weight,2024-02,696,-3.7407856620986584,1.0677808173225736e-05,2.027756850976301e-05,2.287115626721689,0.8692528735632183
validation,arff_s0_diagonal,equal_weight,2024-03,744,-3.18447823178691,2.2989459775074224e-05,5.758351120075769e-05,2.672283413015196,0.8440860215053764
validation,arff_s0_diagonal,equal_weight,2024-04,720,-3.2342430316477486,1.6440801588747133e-05,4.5700070225301905e-05,2.9836814783221777,0.8347222222222223
validation,arff_s0_diagonal,equal_weight,2024-05,744,45.77522775005083,9.18570053034113e-06,2.446425937220441e-05,101.59863801494093,0.8494623655913979
validation,arff_s0_diagonal,equal_weight,2024-06,720,3.096085192334364,1.2473955613522997e-05,1.6181143768296685e-05,15.895706249343402,0.8861111111111111
validation,arff_s0_diagonal,equal_weight,2024-07,744,-3.2576057210198455,1.1404039561132568e-05,3.0521093642362495e-05,3.240945056001405,0.8266129032258065
validation,arff_s0_diagonal,equal_weight,2024-08,744,-3.175205463875755,1.9268093124804772e-05,5.923879444533944e-05,3.038611543674358,0.8333333333333334
validation,arff_s0_diagonal,equal_weight,2024-09,720,-3.635018127706656,9.57813093151505e-06,2.2649496891379353e-05,2.5818327062828113,0.8222222222222222
validation,arff_s0_diagonal,equal_weight,2024-10,744,-3.7785054576918453,8.456464843162433e-06,1.8934644176825595e-05,2.3824362533280183,0.8602150537634409
validation,arff_s0_diagonal,equal_weight,2024-11,720,-3.4759933596851598,1.7800450048383386e-05,3.737246230353708e-05,2.2665353688425065,0.8555555555555555
validation,arff_s0_diagonal,equal_weight,2024-12,744,-3.3644903820480234,1.9585575484430475e-05,4.375313753795146e-05,2.4212990730460158,0.8548387096774194
validation,arff_s0_diagonal,BTC_ETH_spread,ALL,8784,-3.00507153739945,8.28737935718748e-05,1.598100251904044e-05,1.7823521800114226,0.9929417122040073
validation,arff_s0_diagonal,BTC_ETH_spread,2024-01,744,-3.811928975892392,7.423577454142725e-05,2.0486439949167676e-05,0.2415504223722186,0.9946236559139785
validation,arff_s0_diagonal,BTC_ETH_spread,2024-02,696,-3.880057910647711,6.174194145406047e-05,1.231887114254222e-05,0.20324612317127205,0.9942528735632183
validation,arff_s0_diagonal,BTC_ETH_spread,2024-03,744,-0.9900131968631902,0.00012160503451781096,1.6009364890337555e-05,5.43436639655527,0.989247311827957
validation,arff_s0_diagonal,BTC_ETH_spread,2024-04,720,-3.775938211935674,9.228755352080172e-05,1.2174816949170062e-05,0.17159664405678615,0.9972222222222222
validation,arff_s0_diagonal,BTC_ETH_spread,2024-05,744,1.310833905952525,6.009969842074055e-05,2.139546604761922e-05,10.721611002073573,0.9838709677419355
validation,arff_s0_diagonal,BTC_ETH_spread,2024-06,720,-2.396545223828003,6.769012426850687e-05,7.095924034027662e-06,3.1743044538327285,0.9916666666666667
validation,arff_s0_diagonal,BTC_ETH_spread,2024-07,744,-3.874306297499434,6.868535500645201e-05,1.0259629111101146e-05,0.17464220601671512,0.9946236559139785
validation,arff_s0_diagonal,BTC_ETH_spread,2024-08,744,-3.699278126807738,0.00011892612400601128,2.0677694447180244e-05,0.19017745881724396,0.9946236559139785
validation,arff_s0_diagonal,BTC_ETH_spread,2024-09,720,-3.951003170266794,5.6994298512152636e-05,8.318177643316634e-06,0.17206343771039445,0.9972222222222222
validation,arff_s0_diagonal,BTC_ETH_spread,2024-10,744,-3.9547947050808436,5.440429393342344e-05,8.455704392434366e-06,0.1608477916617455,0.9946236559139785
validation,arff_s0_diagonal,BTC_ETH_spread,2024-11,720,-3.543635497510672,0.00010605001092650817,3.1980256617636146e-05,0.32903874424185064,0.9861111111111112
validation,arff_s0_diagonal,BTC_ETH_spread,2024-12,744,-3.603765512621206,0.00011012863984185524,2.2222939920564982e-05,0.20701962305036434,0.9973118279569892
validation,arff_s1,equal_weight,ALL,8784,9.325435998599614,3.273238143615713e-05,3.378714103475606e-05,27.45661979868602,0.9234972677595629
validation,arff_s1,equal_weight,2024-01,744,146.52490545963656,2.4570183075356954e-05,2.7470654343337607e-05,302.41456004211045,0.8655913978494624
validation,arff_s1,equal_weight,2024-02,696,-3.9299918983904045,2.2441747783552077e-05,2.027756850976301e-05,1.103368722330287,0.9425287356321839
validation,arff_s1,equal_weight,2024-03,744,-3.4946444095460265,5.014967703708241e-05,5.758351120075769e-05,1.3888337061338962,0.9112903225806451
validation,arff_s1,equal_weight,2024-04,720,-3.6532189704106006,4.692829420169697e-05,4.5700070225301905e-05,1.0358027356716513,0.9472222222222222
validation,arff_s1,equal_weight,2024-05,744,-2.2814033567842595,2.2939875423417234e-05,2.446425937220441e-05,4.581283137730136,0.9153225806451613
validation,arff_s1,equal_weight,2024-06,720,-3.8320272252889285,2.323256798422749e-05,1.6181143768296685e-05,1.4228330376768652,0.9402777777777778
validation,arff_s1,equal_weight,2024-07,744,-3.7581392491769825,3.0062645445922967e-05,3.0521093642362495e-05,1.3060762804585346,0.9260752688172043
validation,arff_s1,equal_weight,2024-08,744,-3.6366473295859856,5.5664892591595635e-05,5.923879444533944e-05,1.0263836428546111,0.9368279569892473
validation,arff_s1,equal_weight,2024-09,720,-3.9477817746902493,2.7128825916187755e-05,2.2649496891379353e-05,0.8787911725600989,0.9597222222222223
validation,arff_s1,equal_weight,2024-10,744,-4.0683384118666455,2.101134835404657e-05,1.8934644176825595e-05,0.879781732105179,0.9543010752688172
validation,arff_s1,equal_weight,2024-11,720,-1.120174215861825,2.725257472534435e-05,3.737246230353708e-05,6.736804989076605,0.8694444444444445
validation,arff_s1,equal_weight,2024-12,744,-3.3607196017628693,4.0535992107636364e-05,4.375313753795146e-05,1.7868942109280892,0.9153225806451613
validation,arff_s1,BTC_ETH_spread,ALL,8784,-4.081239179314791,1.321413797711443e-05,1.598100251904044e-05,1.4536418382646792,0.9394353369763205
validation,arff_s1,BTC_ETH_spread,2024-01,744,-4.107900486748835,1.2108355598098969e-05,2.0486439949167676e-05,1.456451341912908,0.928763440860215
validation,arff_s1,BTC_ETH_spread,2024-02,696,-4.278989522991469,1.2039557545364689e-05,1.231887114254222e-05,1.0453059719092404,0.9554597701149425
validation,arff_s1,BTC_ETH_spread,2024-03,744,-4.142285870529115,1.74980526475155e-05,1.6009364890337555e-05,1.0155675946041476,0.9489247311827957
validation,arff_s1,BTC_ETH_spread,2024-04,720,-4.248645884999884,1.455621300033786e-05,1.2174816949170062e-05,1.0033539340962219,0.9527777777777777
validation,arff_s1,BTC_ETH_spread,2024-05,744,-3.8086531079299335,1.290955598269866e-05,2.139546604761922e-05,1.988576455832332,0.9489247311827957
validation,arff_s1,BTC_ETH_spread,2024-06,720,-4.492696245853497,8.67032732129878e-06,7.095924034027662e-06,0.9923324281048874,0.95
validation,arff_s1,BTC_ETH_spread,2024-07,744,-4.228367781489765,9.804675314371053e-06,1.0259629111101146e-05,1.4736102502740136,0.9395161290322581
validation,arff_s1,BTC_ETH_spread,2024-08,744,-4.049891998031084,1.8237510994957338e-05,2.0677694447180244e-05,1.2862706736559824,0.9448924731182796
validation,arff_s1,BTC_ETH_spread,2024-09,720,-4.375915592694789,9.100642474342908e-06,8.318177643316634e-06,1.2047739431582385,0.9263888888888889
validation,arff_s1,BTC_ETH_spread,2024-10,744,-3.5997064540301302,8.416226769921655e-06,8.455704392434366e-06,2.802016589128105,0.9354838709677419
validation,arff_s1,BTC_ETH_spread,2024-11,720,-3.690764370432341,1.8299791192890425e-05,3.1980256617636146e-05,1.7840503489379953,0.9138888888888889
validation,arff_s1,BTC_ETH_spread,2024-12,744,-3.9793936768232436,1.678104563250801e-05,2.2222939920564982e-05,1.338272255579106,0.928763440860215
validation,arff_s1_diagonal,equal_weight,ALL,8784,28.825287780086846,1.3124894282433655e-05,3.378714103475606e-05,67.32894113768585,0.8351548269581056
validation,arff_s1_diagonal,equal_weight,2024-01,744,222.94735370060067,1.0192979385842357e-05,2.7470654343337607e-05,456.0609110311896,0.7862903225806451
validation,arff_s1_diagonal,equal_weight,2024-02,696,-3.805015931490659,9.67703617705812e-06,2.027756850976301e-05,2.177020370586982,0.867816091954023
validation,arff_s1_diagonal,equal_weight,2024-03,744,-3.116857475575525,2.053855944172254e-05,5.758351120075769e-05,2.967106076111494,0.8225806451612904
validation,arff_s1_diagonal,equal_weight,2024-04,720,-3.353267069747444,1.8210483266141443e-05,4.5700070225301905e-05,2.562735244843116,0.8569444444444444
validation,arff_s1_diagonal,equal_weight,2024-05,744,-2.5096194691090394,9.106952877900855e-06,2.446425937220441e-05,4.957065207399932,0.8387096774193549
validation,arff_s1_diagonal,equal_weight,2024-06,720,-0.6417703299747294,9.696658519294441e-06,1.6181143768296685e-05,8.66559734395504,0.8638888888888889
validation,arff_s1_diagonal,equal_weight,2024-07,744,-3.215610153506058,1.1502567969739199e-05,3.0521093642362495e-05,3.342850085046288,0.8239247311827957
validation,arff_s1_diagonal,equal_weight,2024-08,744,-3.3037752819683774,2.1023567313590235e-05,5.923879444533944e-05,2.6354237533811173,0.8548387096774194
validation,arff_s1_diagonal,equal_weight,2024-09,720,-3.741292785436485,1.0584296484309626e-05,2.2649496891379353e-05,2.2264676558262915,0.8486111111111111
validation,arff_s1_diagonal,equal_weight,2024-10,744,-3.8599131162221054,8.234481472035075e-06,1.8934644176825595e-05,2.2294978129372613,0.8629032258064516
validation,arff_s1_diagonal,equal_weight,2024-11,720,152.49001262774473,1.1766307946160122e-05,3.737246230353708e-05,314.75669456736813,0.7708333333333334
validation,arff_s1_diagonal,equal_weight,2024-12,744,-3.1418905833346313,1.6670080950745976e-05,4.375313753795146e-05,3.0624370431670105,0.8266129032258065
validation,arff_s1_diagonal,BTC_ETH_spread,ALL,8784,3.3638617817108685,7.612571424338343e-05,1.598100251904044e-05,14.631751930107642,0.9857695810564663
validation,arff_s1_diagonal,BTC_ETH_spread,2024-01,744,18.402266559718758,5.846126637967658e-05,2.0486439949167676e-05,45.18011329953936,0.9516129032258065
validation,arff_s1_diagonal,BTC_ETH_spread,2024-02,696,-3.885557770653139,5.64079179555405e-05,1.231887114254222e-05,0.2212554363916667,0.9956896551724138
validation,arff_s1_diagonal,BTC_ETH_spread,2024-03,744,-1.776823761652396,0.00010691633756512898,1.6009364890337555e-05,4.031940393905164,0.9879032258064516
validation,arff_s1_diagonal,BTC_ETH_spread,2024-04,720,-3.697327272049626,0.00010341488093215819,1.2174816949170062e-05,0.13679969026102487,0.9972222222222222
validation,arff_s1_diagonal,BTC_ETH_spread,2024-05,744,-3.726170971231617,6.130285163750969e-05,2.139546604761922e-05,0.5660067722659557,0.9811827956989247
validation,arff_s1_diagonal,BTC_ETH_spread,2024-06,720,-3.8253541984917865,5.071709110035057e-05,7.095924034027662e-06,0.5870829174210483,0.9944444444444445
validation,arff_s1_diagonal,BTC_ETH_spread,2024-07,744,-3.8704109649975735,6.987950405905601e-05,1.0259629111101146e-05,0.17591417972200205,0.9919354838709677
validation,arff_s1_diagonal,BTC_ETH_spread,2024-08,744,-3.635020021047439,0.0001299164811712228,2.0677694447180244e-05,0.15432321945316219,0.9973118279569892
validation,arff_s1_diagonal,BTC_ETH_spread,2024-09,720,-3.893309020185897,6.314157612474172e-05,8.318177643316634e-06,0.14028405358652132,0.9972222222222222
validation,arff_s1_diagonal,BTC_ETH_spread,2024-10,744,-3.9599798893728413,5.289140904856114e-05,8.455704392434366e-06,0.1677649844310229,0.9959677419354839
validation,arff_s1_diagonal,BTC_ETH_spread,2024-11,720,58.13228760410286,6.957633934835573e-05,3.1980256617636146e-05,124.3173243122582,0.9555555555555556
validation,arff_s1_diagonal,BTC_ETH_spread,2024-12,744,-3.29303275613133,8.904134908076323e-05,2.2222939920564982e-05,1.1226490719167252,0.9838709677419355
validation,arff_s2,equal_weight,ALL,8784,-0.9597378984552516,3.5203517797214036e-05,3.378714103475606e-05,6.766731435554727,0.9340846994535519
validation,arff_s2,equal_weight,2024-01,744,21.99493076475399,2.796876265574765e-05,2.7470654343337607e-05,52.90012227975743,0.9139784946236559
validation,arff_s2,equal_weight,2024-02,696,-3.687969903303023,2.205222143414626e-05,2.027756850976301e-05,1.7024105519594408,0.9224137931034483
validation,arff_s2,equal_weight,2024-03,744,-3.3406051470893945,5.130372738656776e-05,5.758351120075769e-05,1.6644436487863006,0.9166666666666666
validation,arff_s2,equal_weight,2024-04,720,-3.6679876280873245,4.4377642352192886e-05,4.5700070225301905e-05,1.0949243348320035,0.9402777777777778
validation,arff_s2,equal_weight,2024-05,744,-3.773740998117475,3.2102394367689104e-05,2.446425937220441e-05,1.1675113913656598,0.9516129032258065
validation,arff_s2,equal_weight,2024-06,720,-3.949049445183549,2.6810068123086998e-05,1.6181143768296685e-05,0.9397880890930143,0.9638888888888889
validation,arff_s2,equal_weight,2024-07,744,-3.817899926062538,3.460892921019751e-05,3.0521093642362495e-05,0.9641591568112228,0.9448924731182796
validation,arff_s2,equal_weight,2024-08,744,-3.615537866278645,5.4378226283396e-05,5.923879444533944e-05,1.1402826769758436,0.9327956989247311
validation,arff_s2,equal_weight,2024-09,720,-3.956628388114311,2.5385081909226585e-05,2.2649496891379353e-05,0.98854440660637,0.9444444444444444
validation,arff_s2,equal_weight,2024-10,744,-4.039239467382248,2.1607711778523533e-05,1.8934644176825595e-05,0.9474701634957922,0.9516129032258065
validation,arff_s2,equal_weight,2024-11,720,-3.365005741679944,3.540015425856001e-05,3.737246230353708e-05,1.8969277350772475,0.9013888888888889
validation,arff_s2,equal_weight,2024-12,744,3.1678085257608055,4.531362550813978e-05,4.375313753795146e-05,14.753051406612496,0.9247311827956989
validation,arff_s2,BTC_ETH_spread,ALL,8784,-4.173561205110516,1.3405160796709631e-05,1.598100251904044e-05,1.2291782757096783,0.9435336976320583
validation,arff_s2,BTC_ETH_spread,2024-01,744,-4.064079441260761,1.203386436344506e-05,2.0486439949167676e-05,1.5083998609809703,0.9274193548387096
validation,arff_s2,BTC_ETH_spread,2024-02,696,-4.3184125410709315,1.1056340973110604e-05,1.231887114254222e-05,1.0261782408726072,0.9597701149425287
validation,arff_s2,BTC_ETH_spread,2024-03,744,-4.157428136439668,1.809101820713113e-05,1.6009364890337555e-05,0.9155314437874404,0.9543010752688172
validation,arff_s2,BTC_ETH_spread,2024-04,720,-4.250672032301973,1.376032724921837e-05,1.2174816949170062e-05,1.0701898474393159,0.9472222222222222
validation,arff_s2,BTC_ETH_spread,2024-05,744,-3.906388021374529,1.343378290417309e-05,2.139546604761922e-05,1.7589543718303788,0.9516129032258065
validation,arff_s2,BTC_ETH_spread,2024-06,720,-4.48155247163516,9.264536016160227e-06,7.095924034027662e-06,0.8826201501486534,0.9527777777777777
validation,arff_s2,BTC_ETH_spread,2024-07,744,-4.270201896679269,9.928540875575026e-06,1.0259629111101146e-05,1.3826904482631268,0.9354838709677419
validation,arff_s2,BTC_ETH_spread,2024-08,744,-4.140255408358721,1.767128254602879e-05,2.0677694447180244e-05,1.138144213836108,0.946236559139785
validation,arff_s2,BTC_ETH_spread,2024-09,720,-4.439900108276943,9.180321588070362e-06,8.318177643316634e-06,1.020387627349763,0.9430555555555555
validation,arff_s2,BTC_ETH_spread,2024-10,744,-4.417901458689603,9.730114994934045e-06,8.455704392434366e-06,0.9686880470988004,0.9529569892473119
validation,arff_s2,BTC_ETH_spread,2024-11,720,-3.702124481306935,1.8551190643093813e-05,3.1980256617636146e-05,1.7477667610090566,0.9125
validation,arff_s2,BTC_ETH_spread,2024-12,744,-3.948970300867177,1.791667670481722e-05,2.2222939920564982e-05,1.3111770447203699,0.9395161290322581
validation,arff_s2_diagonal,equal_weight,ALL,8784,39.16841159921457,1.3928537973221971e-05,3.378714103475606e-05,87.91951348810558,0.8483606557377049
validation,arff_s2_diagonal,equal_weight,2024-01,744,386.7090021390784,1.1288267411860245e-05,2.7470654343337607e-05,783.1932679612705,0.8346774193548387
validation,arff_s2_diagonal,equal_weight,2024-02,696,1.211832007552273,9.423604991427353e-06,2.027756850976301e-05,12.304331609238373,0.8620689655172413
validation,arff_s2_diagonal,equal_weight,2024-03,744,-1.6064338688013633,2.0846005098289897e-05,5.758351120075769e-05,5.978578971556808,0.821236559139785
validation,arff_s2_diagonal,equal_weight,2024-04,720,-3.3192620665859347,1.7237924191643246e-05,4.5700070225301905e-05,2.715369541419206,0.8541666666666666
validation,arff_s2_diagonal,equal_weight,2024-05,744,-0.3326378803297086,1.2336906939185533e-05,2.446425937220441e-05,8.99215011350504,0.8803763440860215
validation,arff_s2_diagonal,equal_weight,2024-06,720,-4.0011774903790736,1.1207549610448567e-05,1.6181143768296685e-05,1.7061295000934296,0.8986111111111111
validation,arff_s2_diagonal,equal_weight,2024-07,744,-3.5143020142992523,1.3132225747645565e-05,3.0521093642362495e-05,2.5384759419736254,0.853494623655914
validation,arff_s2_diagonal,equal_weight,2024-08,744,-3.2416888053680415,2.0578922990999516e-05,5.923879444533944e-05,2.814419177365676,0.8467741935483871
validation,arff_s2_diagonal,equal_weight,2024-09,720,-3.689768842285476,9.971801917504185e-06,2.2649496891379353e-05,2.432811313948986,0.8305555555555556
validation,arff_s2_diagonal,equal_weight,2024-10,744,-3.812931519712863,8.550660439331912e-06,1.8934644176825595e-05,2.3141305908285457,0.8602150537634409
validation,arff_s2_diagonal,equal_weight,2024-11,720,9.13236277995126,1.422954409732718e-05,3.737246230353708e-05,27.77924012700681,0.8027777777777778
validation,arff_s2_diagonal,equal_weight,2024-12,744,88.92256890661001,1.7949455209466462e-05,4.375313753795146e-05,187.15961613074697,0.8360215053763441
validation,arff_s2_diagonal,BTC_ETH_spread,ALL,8784,4.723741360312091,8.145126675896097e-05,1.598100251904044e-05,17.249113237181668,0.9914617486338798
validation,arff_s2_diagonal,BTC_ETH_spread,2024-01,744,40.692305424641916,6.62461129465673e-05,2.0486439949167676e-05,89.37037513618665,0.9825268817204301
validation,arff_s2_diagonal,BTC_ETH_spread,2024-02,696,-3.92212197646063,5.491674352218586e-05,1.231887114254222e-05,0.2199099034270729,0.9971264367816092
validation,arff_s2_diagonal,BTC_ETH_spread,2024-03,744,-3.595098866363867,0.00011032844433075279,1.6009364890337555e-05,0.30980606028640784,0.9932795698924731
validation,arff_s2_diagonal,BTC_ETH_spread,2024-04,720,-3.7290167774372787,9.791029159683467e-05,1.2174816949170062e-05,0.1573721108891356,0.9972222222222222
validation,arff_s2_diagonal,BTC_ETH_spread,2024-05,744,43.34493757662062,7.923846150919824e-05,2.139546604761922e-05,94.44604975842303,0.989247311827957
validation,arff_s2_diagonal,BTC_ETH_spread,2024-06,720,-3.953229654373605,5.657652508134312e-05,7.095924034027662e-06,0.14514988429150721,0.9986111111111111
validation,arff_s2_diagonal,BTC_ETH_spread,2024-07,744,-3.8076117092308017,7.853811198174579e-05,1.0259629111101146e-05,0.14341851254011267,0.9959677419354839
validation,arff_s2_diagonal,BTC_ETH_spread,2024-08,744,-3.6629078685804592,0.00012705921244404253,2.0677694447180244e-05,0.17204757712961496,0.9932795698924731
validation,arff_s2_diagonal,BTC_ETH_spread,2024-09,720,-3.9411719825442333,5.933484341943026e-05,8.318177643316634e-06,0.16390951848752514,0.9972222222222222
validation,arff_s2_diagonal,BTC_ETH_spread,2024-10,744,-3.9511528705344254,5.464998826862555e-05,8.455704392434366e-06,0.17263675934930928,0.9932795698924731
validation,arff_s2_diagonal,BTC_ETH_spread,2024-11,720,-0.613743875858752,8.680959322229987e-05,3.1980256617636146e-05,6.4773797104465185,0.9777777777777777
validation,arff_s2_diagonal,BTC_ETH_spread,2024-12,744,2.2616490843502035,0.00010328290955258684,2.2222939920564982e-05,12.110947514977294,0.9825268817204301
validation,neural_s0,equal_weight,ALL,8784,-3.8206613285516804,3.387312520829566e-05,3.378714103475606e-05,0.9544626530737937,0.9448998178506375
validation,neural_s0,equal_weight,2024-01,744,-3.8835116451880074,2.8256333185020388e-05,2.7470654343337607e-05,0.9643014996132292,0.9368279569892473
validation,neural_s0,equal_weight,2024-02,696,-4.027856332449034,2.381650321153253e-05,2.027756850976301e-05,0.8561829948196815,0.9497126436781609
validation,neural_s0,equal_weight,2024-03,744,-3.5418424776983324,4.825138099949056e-05,5.758351120075769e-05,1.1146411973714248,0.9274193548387096
validation,neural_s0,equal_weight,2024-04,720,-3.646574878809924,4.285936988921451e-05,4.5700070225301905e-05,1.056471825522625,0.9402777777777778
validation,neural_s0,equal_weight,2024-05,744,-3.934436294581194,3.0257520495436463e-05,2.446425937220441e-05,0.8111660322938778,0.9637096774193549
validation,neural_s0,equal_weight,2024-06,720,-4.1248132888854006,2.3814651370854518e-05,1.6181143768296685e-05,0.6790722756796718,0.9666666666666667
validation,neural_s0,equal_weight,2024-07,744,-3.8181706552143866,3.528373075820791e-05,3.0521093642362495e-05,0.8840710275543533,0.9556451612903226
validation,neural_s0,equal_weight,2024-08,744,-3.6002078431874454,4.5995189004363954e-05,5.923879444533944e-05,1.1106342140183867,0.9341397849462365
validation,neural_s0,equal_weight,2024-09,720,-3.9550162657935224,2.898309434492965e-05,2.2649496891379353e-05,0.8203651277221377,0.9583333333333334
validation,neural_s0,equal_weight,2024-10,744,-4.0419184488184285,2.3936770288671036e-05,1.8934644176825595e-05,0.8363325357642356,0.9583333333333334
validation,neural_s0,equal_weight,2024-11,720,-3.687465973111642,3.331441736161875e-05,3.737246230353708e-05,1.1468347770428364,0.9222222222222223
validation,neural_s0,equal_weight,2024-12,744,-3.6037223259857027,4.0849373465688545e-05,4.375313753795146e-05,1.1634245900367375,0.9260752688172043
validation,neural_s0,BTC_ETH_spread,ALL,8784,-4.198536072605271,1.4354374615487834e-05,1.598100251904044e-05,1.111920042335452,0.9515027322404371
validation,neural_s0,BTC_ETH_spread,2024-01,744,-4.090561583116556,1.3372244717906494e-05,2.0486439949167676e-05,1.389663052519954,0.9422043010752689
validation,neural_s0,BTC_ETH_spread,2024-02,696,-4.353211034210192,1.2988825655047802e-05,1.231887114254222e-05,0.8546722630699043,0.9626436781609196
validation,neural_s0,BTC_ETH_spread,2024-03,744,-4.158631079882185,1.8248330225567013e-05,1.6009364890337555e-05,0.8794246084426391,0.9596774193548387
validation,neural_s0,BTC_ETH_spread,2024-04,720,-4.2273157727907735,1.4055243491275765e-05,1.2174816949170062e-05,1.0532608468631737,0.9486111111111111
validation,neural_s0,BTC_ETH_spread,2024-05,744,-4.045066027514472,1.6432349831618184e-05,2.139546604761922e-05,1.37962810776572,0.9637096774193549
validation,neural_s0,BTC_ETH_spread,2024-06,720,-4.475282716224815,9.926146547150338e-06,7.095924034027662e-06,0.8279033923398648,0.9611111111111111
validation,neural_s0,BTC_ETH_spread,2024-07,744,-4.321710411531778,1.061772504402838e-05,1.0259629111101146e-05,1.1563040259498396,0.9556451612903226
validation,neural_s0,BTC_ETH_spread,2024-08,744,-4.139739824011511,1.718009534005853e-05,2.0677694447180244e-05,1.0876097566729972,0.9475806451612904
validation,neural_s0,BTC_ETH_spread,2024-09,720,-4.4343412023999536,9.370819920041152e-06,8.318177643316634e-06,0.9995193011969941,0.95
validation,neural_s0,BTC_ETH_spread,2024-10,744,-4.4259955889077345,9.270047178216977e-06,8.455704392434366e-06,1.0256628736321147,0.9489247311827957
validation,neural_s0,BTC_ETH_spread,2024-11,720,-3.7293328224025397,2.114742233490786e-05,3.1980256617636146e-05,1.5503231684424208,0.9305555555555556
validation,neural_s0,BTC_ETH_spread,2024-12,744,-3.993550554935483,1.946102045198856e-05,2.2222939920564982e-05,1.1219346266449517,0.9475806451612904
validation,neural_s1,equal_weight,ALL,8784,-3.821815506056283,3.394512321194486e-05,3.378714103475606e-05,0.9350289393104589,0.9454690346083788
validation,neural_s1,equal_weight,2024-01,744,-3.9005335527009284,2.8724553470510354e-05,2.7470654343337607e-05,0.9023980212015947,0.9395161290322581
validation,neural_s1,equal_weight,2024-02,696,-4.009198407058296,2.5052330880155384e-05,2.027756850976301e-05,0.8186378419851467,0.9454022988505747
validation,neural_s1,equal_weight,2024-03,744,-3.538427527064935,4.8884249942723895e-05,5.758351120075769e-05,1.129209023999836,0.9301075268817204
validation,neural_s1,equal_weight,2024-04,720,-3.6639349190279664,4.2135208055131516e-05,4.5700070225301905e-05,1.034579372059812,0.9472222222222222
validation,neural_s1,equal_weight,2024-05,744,-3.942869355067312,2.9104637544232025e-05,2.446425937220441e-05,0.8200373373252595,0.9650537634408602
validation,neural_s1,equal_weight,2024-06,720,-4.106984924550827,2.5326864323919434e-05,1.6181143768296685e-05,0.6537304566506682,0.9694444444444444
validation,neural_s1,equal_weight,2024-07,744,-3.811778153408167,3.34902716363305e-05,3.0521093642362495e-05,0.9399178666333037,0.9422043010752689
validation,neural_s1,equal_weight,2024-08,744,-3.6145409861368334,4.3835322121879575e-05,5.923879444533944e-05,1.0928173794160614,0.9327956989247311
validation,neural_s1,equal_weight,2024-09,720,-3.95878096765728,2.832052855928717e-05,2.2649496891379353e-05,0.8038385028906999,0.9569444444444445
validation,neural_s1,equal_weight,2024-10,744,-4.04935446879478,2.2416244400967854e-05,1.8934644176825595e-05,0.8536374315872232,0.9556451612903226
validation,neural_s1,equal_weight,2024-11,720,-3.671735919462555,3.565334079059569e-05,3.737246230353708e-05,1.1068939119276604,0.9263888888888889
validation,neural_s1,equal_weight,2024-12,744,-3.6094191662125237,4.368405146978475e-05,4.375313753795146e-05,1.0525902644881222,0.9354838709677419
validation,neural_s1,BTC_ETH_spread,ALL,8784,-4.20583083028832,1.5240785806479844e-05,1.598100251904044e-05,1.0612746962709356,0.953551912568306
validation,neural_s1,BTC_ETH_spread,2024-01,744,-4.140732007524731,1.6371594289820042e-05,2.0486439949167676e-05,1.159234434987182,0.9529569892473119
validation,neural_s1,BTC_ETH_spread,2024-02,696,-4.349138958620257,1.3016627380019525e-05,1.231887114254222e-05,0.8623728269372287,0.9626436781609196
validation,neural_s1,BTC_ETH_spread,2024-03,744,-4.158253792604977,1.915384695123983e-05,1.6009364890337555e-05,0.8507289970305888,0.9623655913978495
validation,neural_s1,BTC_ETH_spread,2024-04,720,-4.247616755587253,1.3545991769982992e-05,1.2174816949170062e-05,1.0208178726518347,0.9541666666666667
validation,neural_s1,BTC_ETH_spread,2024-05,744,-4.076468038530127,1.764977800188548e-05,2.139546604761922e-05,1.280278161780055,0.9623655913978495
validation,neural_s1,BTC_ETH_spread,2024-06,720,-4.500272969108257,9.364363789973518e-06,7.095924034027662e-06,0.8211527650785352,0.9625
validation,neural_s1,BTC_ETH_spread,2024-07,744,-4.313870336332093,1.0258367006998955e-05,1.0259629111101146e-05,1.1829437855391078,0.9489247311827957
validation,neural_s1,BTC_ETH_spread,2024-08,744,-4.108089175227152,1.571427450151202e-05,2.0677694447180244e-05,1.1820589001809487,0.9475806451612904
validation,neural_s1,BTC_ETH_spread,2024-09,720,-4.42468238982484,9.204522250843559e-06,8.318177643316634e-06,1.016207751374755,0.9472222222222222
validation,neural_s1,BTC_ETH_spread,2024-10,744,-4.409758810347675,8.858179935238432e-06,8.455704392434366e-06,1.101099635197881,0.9422043010752689
validation,neural_s1,BTC_ETH_spread,2024-11,720,-3.7721146189116186,2.642182410741616e-05,3.1980256617636146e-05,1.2775996209428675,0.9472222222222222
validation,neural_s1,BTC_ETH_spread,2024-12,744,-3.9821327453228736,2.310829330054946e-05,2.2222939920564982e-05,0.9644427482694956,0.9529569892473119
validation,neural_s2,equal_weight,ALL,8784,-3.818576141536015,3.3673379457942574e-05,3.378714103475606e-05,0.9350233875433666,0.9456967213114754
validation,neural_s2,equal_weight,2024-01,744,-3.87362119238524,2.9647839520839215e-05,2.7470654343337607e-05,0.9065391029167721,0.9408602150537635
validation,neural_s2,equal_weight,2024-02,696,-4.015934046668313,2.6929056339940884e-05,2.027756850976301e-05,0.7314137386111955,0.9497126436781609
validation,neural_s2,equal_weight,2024-03,744,-3.5278865020533896,4.8542351651039095e-05,5.758351120075769e-05,1.1137492993162825,0.928763440860215
validation,neural_s2,equal_weight,2024-04,720,-3.6472211126583565,4.1567261343582094e-05,4.5700070225301905e-05,1.0597883916544693,0.9486111111111111
validation,neural_s2,equal_weight,2024-05,744,-3.946404038090467,2.8241854483579013e-05,2.446425937220441e-05,0.8336662130659331,0.9596774193548387
validation,neural_s2,equal_weight,2024-06,720,-4.098942655806962,2.5498857685432952e-05,1.6181143768296685e-05,0.6430681107524093,0.9708333333333333
validation,neural_s2,equal_weight,2024-07,744,-3.8266111022353018,3.246715340567164e-05,3.0521093642362495e-05,0.9483092277865228,0.9448924731182796
validation,neural_s2,equal_weight,2024-08,744,-3.6003907349255737,4.228903170395791e-05,5.923879444533944e-05,1.14604266493605,0.9354838709677419
validation,neural_s2,equal_weight,2024-09,720,-3.946226379373473,2.8552465077587224e-05,2.2649496891379353e-05,0.8150680006117869,0.9569444444444445
validation,neural_s2,equal_weight,2024-10,744,-4.048548337740851,2.315445474263145e-05,1.8934644176825595e-05,0.8284382098778288,0.9610215053763441
validation,neural_s2,equal_weight,2024-11,720,-3.6751124588965607,3.357653693607119e-05,3.737246230353708e-05,1.1665099877485106,0.9166666666666666
validation,neural_s2,equal_weight,2024-12,744,-3.631754294076908,4.300120534610398e-05,4.375313753795146e-05,1.012756143330682,0.9354838709677419
validation,neural_s2,BTC_ETH_spread,ALL,8784,-4.201298956800757,1.4540456350069471e-05,1.598100251904044e-05,1.083498372150864,0.9524134790528234
validation,neural_s2,BTC_ETH_spread,2024-01,744,-4.092280550133318,1.4920078874912763e-05,2.0486439949167676e-05,1.3239489411625518,0.9422043010752689
validation,neural_s2,BTC_ETH_spread,2024-02,696,-4.347077299063381,1.178581778916114e-05,1.231887114254222e-05,0.9279351709806803,0.9612068965517241
validation,neural_s2,BTC_ETH_spread,2024-03,744,-4.157177744030408,1.9115781137651923e-05,1.6009364890337555e-05,0.8176560456068136,0.9650537634408602
validation,neural_s2,BTC_ETH_spread,2024-04,720,-4.241737211065031,1.3920966980264804e-05,1.2174816949170062e-05,1.0112028347922661,0.9555555555555556
validation,neural_s2,BTC_ETH_spread,2024-05,744,-4.009523650035482,1.6295228409141856e-05,2.139546604761922e-05,1.4567010093234953,0.9583333333333334
validation,neural_s2,BTC_ETH_spread,2024-06,720,-4.497414503869706,9.391051311844105e-06,7.095924034027662e-06,0.7988579277571094,0.9597222222222223
validation,neural_s2,BTC_ETH_spread,2024-07,744,-4.318350238189411,1.0430668833857728e-05,1.0259629111101146e-05,1.1454791439644243,0.9556451612903226
validation,neural_s2,BTC_ETH_spread,2024-08,744,-4.125551419918832,1.6115774402807797e-05,2.0677694447180244e-05,1.1351855163769247,0.9448924731182796
validation,neural_s2,BTC_ETH_spread,2024-09,720,-4.439352897190265,9.327546751902546e-06,8.318177643316634e-06,0.9730013082908597,0.9513888888888888
validation,neural_s2,BTC_ETH_spread,2024-10,744,-4.439282087451135,9.107903983952189e-06,8.455704392434366e-06,0.9882208281508383,0.9529569892473119
validation,neural_s2,BTC_ETH_spread,2024-11,720,-3.7576928227375985,2.3866886657816546e-05,3.1980256617636146e-05,1.3566694365120129,0.9347222222222222
validation,neural_s2,BTC_ETH_spread,2024-12,744,-4.003777970575643,1.9976653299124545e-05,2.2222939920564982e-05,1.0508194518087952,0.9475806451612904
test,constant,equal_weight,ALL,8760,-3.7615060136156866,3.883148991881848e-05,3.088617686434176e-05,0.7953899510143116,0.9583333333333334
test,constant,equal_weight,2025-01,744,-3.779219629671131,3.8831489918818474e-05,2.9510484657776176e-05,0.7599627189034237,0.9502688172043011
test,constant,equal_weight,2025-02,672,-3.4499397526926248,3.883148991881848e-05,5.508334110449744e-05,1.418522472860435,0.9315476190476191
test,constant,equal_weight,2025-03,744,-3.6054891794668196,3.8831489918818474e-05,4.300290910917722e-05,1.107423619312047,0.9435483870967742
test,constant,equal_weight,2025-04,720,-3.675951527990233,3.8831489918818474e-05,3.753059315649079e-05,0.9664989222652196,0.95
test,constant,equal_weight,2025-05,744,-3.8573282425462816,3.8831489918818474e-05,2.3444337030907544e-05,0.6037454931531221,0.9704301075268817
test,constant,equal_weight,2025-06,720,-3.928233498824892,3.8831489918818474e-05,1.793762354215937e-05,0.46193498059590193,0.9805555555555555
test,constant,equal_weight,2025-07,744,-3.9135038630470005,3.8831489918818474e-05,1.908157094859343e-05,0.4913942521516832,0.9838709677419355
test,constant,equal_weight,2025-08,744,-3.8455420600816854,3.8831489918818474e-05,2.4359687082018164e-05,0.6273178580823137,0.9744623655913979
test,constant,equal_weight,2025-09,720,-3.976393621570426,3.8831489918818474e-05,1.4197364900394824e-05,0.36561473510483333,0.9847222222222223
test,constant,equal_weight,2025-10,744,-3.6407067965336966,3.8831489918818474e-05,4.026780402498268e-05,1.0369883851782917,0.9341397849462365
test,constant,equal_weight,2025-11,720,-3.629158992030097,3.8831489918818474e-05,4.116464093331473e-05,1.0600839941854914,0.9305555555555556
test,constant,equal_weight,2025-12,744,-3.8117345087134744,3.8831489918818474e-05,2.698528226228743e-05,0.6949329608187363,0.9637096774193549
test,constant,BTC_ETH_spread,ALL,8760,-3.789727224032291,1.2591376877374715e-05,2.3485018604444753e-05,1.8651668386357876,0.9013698630136986
test,constant,BTC_ETH_spread,2025-01,744,-3.863504680567051,1.2591376877374713e-05,2.162709908387815e-05,1.717611925566267,0.907258064516129
test,constant,BTC_ETH_spread,2025-02,672,-2.883637244698961,1.2591376877374717e-05,4.6302859433642015e-05,3.677346797302449,0.8526785714285714
test,constant,BTC_ETH_spread,2025-03,744,-3.6540863676715043,1.2591376877374713e-05,2.690082888926179e-05,2.1364485513573612,0.9005376344086021
test,constant,BTC_ETH_spread,2025-04,720,-3.712324274824491,1.2591376877374713e-05,2.5434238014236173e-05,2.019972737051389,0.8902777777777777
test,constant,BTC_ETH_spread,2025-05,744,-3.4060837638836268,1.2591376877374713e-05,3.314621739098858e-05,2.6324537589331154,0.8521505376344086
test,constant,BTC_ETH_spread,2025-06,720,-3.866030166185303,1.2591376877374713e-05,2.1563500401442552e-05,1.712560954329763,0.9152777777777777
test,constant,BTC_ETH_spread,2025-07,744,-3.9089771438741865,1.2591376877374713e-05,2.048197723779269e-05,1.6266669989519968,0.9018817204301075
test,constant,BTC_ETH_spread,2025-08,744,-3.545650604642537,1.2591376877374713e-05,2.963154000782862e-05,2.3533200774152947,0.8548387096774194
test,constant,BTC_ETH_spread,2025-09,720,-4.305471415802189,1.2591376877374713e-05,1.049715962266114e-05,0.8336784550959913,0.9555555555555556
test,constant,BTC_ETH_spread,2025-10,744,-3.9519837830994073,1.2591376877374713e-05,1.9398951632364618e-05,1.5406537205015562,0.9139784946236559
test,constant,BTC_ETH_spread,2025-11,720,-4.010004440933758,1.2591376877374713e-05,1.7937831693433573e-05,1.424612404832853,0.9027777777777778
test,constant,BTC_ETH_spread,2025-12,744,-4.3049938171598505,1.2591376877374713e-05,1.0509186871664751e-05,0.8346336523806681,0.9663978494623656
test,ewma,equal_weight,ALL,8760,-3.8417297582048997,3.096530830351642e-05,3.088617686434176e-05,1.1143585837363967,0.9405251141552512
test,ewma,equal_weight,2025-01,744,-3.841353450815408,2.9606671931389944e-05,2.9510484657776176e-05,1.0800110649551575,0.9327956989247311
test,ewma,equal_weight,2025-02,672,-3.5253369904109157,5.279209831086392e-05,5.508334110449744e-05,1.2651493877337383,0.9464285714285714
test,ewma,equal_weight,2025-03,744,-3.761136077228672,4.519306008831622e-05,4.300290910917722e-05,1.0370037689449132,0.9395161290322581
test,ewma,equal_weight,2025-04,720,-3.7800329608420613,3.77459161457297e-05,3.753059315649079e-05,1.1029763625138105,0.9458333333333333
test,ewma,equal_weight,2025-05,744,-3.9412215760448457,2.3515299581593905e-05,2.3444337030907544e-05,1.0654368105848864,0.9475806451612904
test,ewma,equal_weight,2025-06,720,-4.042646235031461,1.813126057572982e-05,1.793762354215937e-05,1.131041475055208,0.9458333333333333
test,ewma,equal_weight,2025-07,744,-4.028034842736182,1.8614489514820472e-05,1.908157094859343e-05,1.1247278533924154,0.9301075268817204
test,ewma,equal_weight,2025-08,744,-3.8548122642632965,2.4747144291284103e-05,2.4359687082018164e-05,1.1186107022162541,0.9408602150537635
test,ewma,equal_weight,2025-09,720,-4.166177596006223,1.4170895802179114e-05,1.4197364900394824e-05,1.1018515542460954,0.9416666666666667
test,ewma,equal_weight,2025-10,744,-3.661524136967399,3.937181208567676e-05,4.026780402498268e-05,1.1348878822169275,0.9327956989247311
test,ewma,equal_weight,2025-11,720,-3.6410020599588684,4.18870567212432e-05,4.116464093331473e-05,1.062441951272065,0.9361111111111111
test,ewma,equal_weight,2025-12,744,-3.8353421828514396,2.7535551562816995e-05,2.698528226228743e-05,1.1608496568708873,0.9475806451612904
test,ewma,BTC_ETH_spread,ALL,8760,-3.970961205677314,2.350655868275758e-05,2.3485018604444753e-05,1.1673756464011267,0.9444063926940639
test,ewma,BTC_ETH_spread,2025-01,744,-4.056794039235345,2.0855837100416358e-05,2.162709908387815e-05,1.1617895629032609,0.9327956989247311
test,ewma,BTC_ETH_spread,2025-02,672,-3.590658523197905,4.621317751046811e-05,4.6302859433642015e-05,1.3686152081329235,0.9538690476190477
test,ewma,BTC_ETH_spread,2025-03,744,-3.870627774490525,2.763281391720169e-05,2.690082888926179e-05,1.1857608442769716,0.956989247311828
test,ewma,BTC_ETH_spread,2025-04,720,-3.933165372263444,2.5397009897426768e-05,2.5434238014236173e-05,1.114679949798744,0.9402777777777778
test,ewma,BTC_ETH_spread,2025-05,744,-3.833285499641586,3.294946579985969e-05,3.314621739098858e-05,1.1427704440677118,0.9381720430107527
test,ewma,BTC_ETH_spread,2025-06,720,-3.826935414983756,2.1498418601732443e-05,2.1563500401442552e-05,1.3940103189871744,0.9555555555555556
test,ewma,BTC_ETH_spread,2025-07,744,-3.99288085749261,2.0860314808441387e-05,2.048197723779269e-05,1.07892843268179,0.9529569892473119
test,ewma,BTC_ETH_spread,2025-08,744,-3.7765614533272878,2.9272837575957084e-05,2.963154000782862e-05,1.1582532901680582,0.9327956989247311
test,ewma,BTC_ETH_spread,2025-09,720,-4.302885290628083,1.0887728895888616e-05,1.049715962266114e-05,1.0796260682008705,0.9402777777777778
test,ewma,BTC_ETH_spread,2025-10,744,-4.0510317271622265,1.9325955830830008e-05,1.9398951632364618e-05,1.1414079550691791,0.946236559139785
test,ewma,BTC_ETH_spread,2025-11,720,-4.064353116322994,1.817102067690809e-05,1.7937831693433573e-05,1.042449860828545,0.9416666666666667
test,ewma,BTC_ETH_spread,2025-12,744,-4.3234065711255765,1.0628568733575487e-05,1.0509186871664751e-05,1.158441057098491,0.9422043010752689
test,dcc,equal_weight,ALL,8760,-3.873886033297807,3.60660838405969e-05,3.088617686434176e-05,0.9121774911153488,0.9536529680365297
test,dcc,equal_weight,2025-01,744,-3.8911710994380995,3.44467398925139e-05,2.9510484657776176e-05,0.885950223337798,0.9422043010752689
test,dcc,equal_weight,2025-02,672,-3.611374655698129,5.8953306168130666e-05,5.508334110449744e-05,1.046012821729777,0.9553571428571429
test,dcc,equal_weight,2025-03,744,-3.7965788754872607,4.792899448446872e-05,4.300290910917722e-05,0.8974527661375045,0.9516129032258065
test,dcc,equal_weight,2025-04,720,-3.829789554288153,4.229227718830263e-05,3.753059315649079e-05,0.9213321988275432,0.9486111111111111
test,dcc,equal_weight,2025-05,744,-3.949951915408098,2.9779399879464963e-05,2.3444337030907544e-05,0.8280293520914686,0.9596774193548387
test,dcc,equal_weight,2025-06,720,-4.0971858702042985,2.367121199877446e-05,1.793762354215937e-05,0.7966401287967588,0.9652777777777778
test,dcc,equal_weight,2025-07,744,-4.045566759228225,2.4925852856075265e-05,1.908157094859343e-05,0.7973520212601142,0.9543010752688172
test,dcc,equal_weight,2025-08,744,-3.852849439647655,3.0321756413504803e-05,2.4359687082018164e-05,0.977655316864936,0.956989247311828
test,dcc,equal_weight,2025-09,720,-4.176744795885006,2.005216961990014e-05,1.4197364900394824e-05,0.7403608947421927,0.9638888888888889
test,dcc,equal_weight,2025-10,744,-3.6801884182201303,4.5176380243561216e-05,4.026780402498268e-05,1.0067705688449957,0.9489247311827957
test,dcc,equal_weight,2025-11,720,-3.663688625003743,4.502009549847945e-05,4.116464093331473e-05,1.0294269205079019,0.9388888888888889
test,dcc,equal_weight,2025-12,744,-3.874907893625886,3.201298590610505e-05,2.698528226228743e-05,1.0269065567030762,0.9583333333333334
test,dcc,BTC_ETH_spread,ALL,8760,-3.9694616048405464,2.3833600619924358e-05,2.3485018604444753e-05,1.2720807412712034,0.9374429223744293
test,dcc,BTC_ETH_spread,2025-01,744,-4.074327696625703,2.128406151138528e-05,2.162709908387815e-05,1.1593100688820717,0.9395161290322581
test,dcc,BTC_ETH_spread,2025-02,672,-3.5915787401081696,4.6749613283770335e-05,4.6302859433642015e-05,1.5890858368968024,0.9360119047619048
test,dcc,BTC_ETH_spread,2025-03,744,-3.9172291265307275,3.271629258253528e-05,2.690082888926179e-05,1.2130402208334787,0.9502688172043011
test,dcc,BTC_ETH_spread,2025-04,720,-3.9482936596784497,2.7283001465539532e-05,2.5434238014236173e-05,1.1676279246061747,0.9291666666666667
test,dcc,BTC_ETH_spread,2025-05,744,-3.84033728700299,3.0204678569968106e-05,3.314621739098858e-05,1.264802462892004,0.9233870967741935
test,dcc,BTC_ETH_spread,2025-06,720,-3.794995738631355,2.139611141100006e-05,2.1563500401442552e-05,1.6881672655760978,0.9444444444444444
test,dcc,BTC_ETH_spread,2025-07,744,-3.977718239939699,1.945960990026689e-05,2.048197723779269e-05,1.2643915807021284,0.9327956989247311
test,dcc,BTC_ETH_spread,2025-08,744,-3.7174664532058306,2.6495907241409876e-05,2.963154000782862e-05,1.452375599005262,0.9274193548387096
test,dcc,BTC_ETH_spread,2025-09,720,-4.324909684674497,1.090101531026253e-05,1.049715962266114e-05,1.1290829092639698,0.9430555555555555
test,dcc,BTC_ETH_spread,2025-10,744,-4.038523661364018,1.9219690919431134e-05,1.9398951632364618e-05,1.2228597913209738,0.9395161290322581
test,dcc,BTC_ETH_spread,2025-11,720,-4.068332658956158,1.913468431129002e-05,1.7937831693433573e-05,1.0485679434072845,0.9319444444444445
test,dcc,BTC_ETH_spread,2025-12,744,-4.311601689703828,1.2840103771263288e-05,1.0509186871664751e-05,1.0945649810503042,0.9516129032258065
test,arff_s0,equal_weight,ALL,8760,-3.2253251469438915,3.711825833286084e-05,3.088617686434176e-05,2.1453712354609946,0.947945205479452
test,arff_s0,equal_weight,2025-01,744,-3.8528184981330975,3.483476238062996e-05,2.9510484657776176e-05,0.9069567057581306,0.9448924731182796
test,arff_s0,equal_weight,2025-02,672,-3.5593601013142964,5.913037654169262e-05,5.508334110449744e-05,0.9694663977519927,0.9583333333333334
test,arff_s0,equal_weight,2025-03,744,-3.7461427202815014,5.111866168796307e-05,4.300290910917722e-05,0.7246469889481907,0.9623655913978495
test,arff_s0,equal_weight,2025-04,720,-3.797860105626838,3.639404569314681e-05,3.753059315649079e-05,1.0124532905052943,0.9375
test,arff_s0,equal_weight,2025-05,744,-3.8190815645099216,2.667091580015691e-05,2.3444337030907544e-05,1.2536567448480043,0.9395161290322581
test,arff_s0,equal_weight,2025-06,720,-4.0107412602187,3.000646294073654e-05,1.793762354215937e-05,0.6336256156661656,0.975
test,arff_s0,equal_weight,2025-07,744,-3.7811416637855153,2.5143633789795033e-05,1.908157094859343e-05,1.3562824681512142,0.946236559139785
test,arff_s0,equal_weight,2025-08,744,-3.6784858404575824,3.434876189350178e-05,2.4359687082018164e-05,1.1883699819045381,0.9596774193548387
test,arff_s0,equal_weight,2025-09,720,1.1453632092260306,1.9153085756868137e-05,1.4197364900394824e-05,11.879909553028511,0.8861111111111111
test,arff_s0,equal_weight,2025-10,744,-2.0023802117403044,4.2193973811220546e-05,4.026780402498268e-05,4.325755692731793,0.9502688172043011
test,arff_s0,equal_weight,2025-11,720,-3.6411739195422417,5.31376740151426e-05,4.116464093331473e-05,0.8355132664839416,0.95
test,arff_s0,equal_weight,2025-12,744,-3.9086344531200603,3.5101409867377595e-05,2.698528226228743e-05,0.7304730317126464,0.9650537634408602
test,arff_s0,BTC_ETH_spread,ALL,8760,-3.932852072787825,1.663348808242073e-05,2.3485018604444753e-05,1.4463592277088662,0.9251141552511416
test,arff_s0,BTC_ETH_spread,2025-01,744,-4.034177244111732,1.571202739724466e-05,2.162709908387815e-05,1.3490330830833352,0.9153225806451613
test,arff_s0,BTC_ETH_spread,2025-02,672,-3.590027376004338,2.2930755326380993e-05,4.6302859433642015e-05,1.790641029956646,0.9196428571428571
test,arff_s0,BTC_ETH_spread,2025-03,744,-3.9611696744967584,2.1652328128257152e-05,2.690082888926179e-05,1.1113615310929845,0.9543010752688172
test,arff_s0,BTC_ETH_spread,2025-04,720,-3.8852848455900735,1.832616479594311e-05,2.5434238014236173e-05,1.4540118177421866,0.9277777777777778
test,arff_s0,BTC_ETH_spread,2025-05,744,-3.5921745746363225,1.6411600589732128e-05,3.314621739098858e-05,2.1578358931072836,0.8682795698924731
test,arff_s0,BTC_ETH_spread,2025-06,720,-3.83932810579049,1.6345815962834948e-05,2.1563500401442552e-05,1.584737694569075,0.9388888888888889
test,arff_s0,BTC_ETH_spread,2025-07,744,-3.9825663922662033,1.4557296444083485e-05,2.048197723779269e-05,1.421442751872998,0.9153225806451613
test,arff_s0,BTC_ETH_spread,2025-08,744,-3.7019379498274714,1.7609837163392835e-05,2.963154000782862e-05,1.7620655707907,0.8951612903225806
test,arff_s0,BTC_ETH_spread,2025-09,720,-4.302092957544648,1.1328090707484639e-05,1.049715962266114e-05,1.043564390610846,0.9416666666666667
test,arff_s0,BTC_ETH_spread,2025-10,744,-3.8693617952103523,1.3980677040349316e-05,1.9398951632364618e-05,1.7034073562153336,0.9341397849462365
test,arff_s0,BTC_ETH_spread,2025-11,720,-4.070017110697007,1.8910962297580013e-05,1.7937831693433573e-05,1.0012249607217867,0.9388888888888889
test,arff_s0,BTC_ETH_spread,2025-12,744,-4.344694609798519,1.239336188305714e-05,1.0509186871664751e-05,0.987660374019083,0.9529569892473119
test,arff_s0_diagonal,equal_weight,ALL,8760,10.064607792003349,1.4645907467196867e-05,3.088617686434176e-05,29.629895001284883,0.8710045662100456
test,arff_s0_diagonal,equal_weight,2025-01,744,-3.6293879007904173,1.3357542925274685e-05,2.9510484657776176e-05,2.301931933501947,0.8602150537634409
test,arff_s0_diagonal,equal_weight,2025-02,672,-3.3530431154139806,2.348581272293652e-05,5.508334110449744e-05,2.2692074170603966,0.8720238095238095
test,arff_s0_diagonal,equal_weight,2025-03,744,-3.656338814941198,2.0058344632493235e-05,4.300290910917722e-05,1.81382466859701,0.8897849462365591
test,arff_s0_diagonal,equal_weight,2025-04,720,-3.5002038293877984,1.4032638196845663e-05,3.753059315649079e-05,2.5373072322534544,0.8638888888888889
test,arff_s0_diagonal,equal_weight,2025-05,744,-3.569072882961796,1.0866568968580045e-05,2.3444337030907544e-05,2.6214947557312924,0.8481182795698925
test,arff_s0_diagonal,equal_weight,2025-06,720,-3.9956868457134105,1.1564327532068058e-05,1.793762354215937e-05,1.612636164432691,0.9152777777777777
test,arff_s0_diagonal,equal_weight,2025-07,744,-0.6309015530740271,1.0366405542656557e-05,1.908157094859343e-05,8.513843585622839,0.8629032258064516
test,arff_s0_diagonal,equal_weight,2025-08,744,-3.4624021410085963,1.367352103636501e-05,2.4359687082018164e-05,2.515650531797449,0.8776881720430108
test,arff_s0_diagonal,equal_weight,2025-09,720,140.94343840853878,7.949397120305974e-06,1.4197364900394824e-05,292.27070638336454,0.8305555555555556
test,arff_s0_diagonal,equal_weight,2025-10,744,14.47001661266546,1.795764057854747e-05,4.026780402498268e-05,38.12854137330975,0.8602150537634409
test,arff_s0_diagonal,equal_weight,2025-11,720,-3.452679182911059,2.0072075315497417e-05,4.116464093331473e-05,2.182016312591818,0.8666666666666667
test,arff_s0_diagonal,equal_weight,2025-12,744,-3.792203810308185,1.306192226263529e-05,2.698528226228743e-05,1.952902990537042,0.9045698924731183
test,arff_s0_diagonal,BTC_ETH_spread,ALL,8760,1.9083728756269012,9.023232654105156e-05,2.3485018604444753e-05,11.498183240695967,0.9853881278538813
test,arff_s0_diagonal,BTC_ETH_spread,2025-01,744,-3.689067570261242,9.382537167333933e-05,2.162709908387815e-05,0.22795403816510765,0.9959677419354839
test,arff_s0_diagonal,BTC_ETH_spread,2025-02,672,-3.4795946018409416,0.00013288852073991257,4.6302859433642015e-05,0.3302113363791393,0.9910714285714286
test,arff_s0_diagonal,BTC_ETH_spread,2025-03,744,-3.5506675560750276,0.00012766479343639752,2.690082888926179e-05,0.1909186446764168,0.9932795698924731
test,arff_s0_diagonal,BTC_ETH_spread,2025-04,720,-3.638106627879986,0.00010072325536792759,2.5434238014236173e-05,0.2591605224611823,0.9916666666666667
test,arff_s0_diagonal,BTC_ETH_spread,2025-05,744,-3.6639289249048943,7.366204299278194e-05,3.314621739098858e-05,0.4852882218672637,0.9731182795698925
test,arff_s0_diagonal,BTC_ETH_spread,2025-06,720,-3.6753415203794773,8.171343502924807e-05,2.1563500401442552e-05,0.2840983665564642,0.9902777777777778
test,arff_s0_diagonal,BTC_ETH_spread,2025-07,744,-1.9578019982095523,6.226138506783727e-05,2.048197723779269e-05,4.029873029905882,0.9825268817204301
test,arff_s0_diagonal,BTC_ETH_spread,2025-08,744,-3.6051688669516335,8.196796018682027e-05,2.963154000782862e-05,0.44020678653923156,0.9825268817204301
test,arff_s0_diagonal,BTC_ETH_spread,2025-09,720,6.618846708481484,4.679643650906305e-05,1.049715962266114e-05,21.982747915496684,0.9361111111111111
test,arff_s0_diagonal,BTC_ETH_spread,2025-10,744,49.96988942476678,7.835196499185174e-05,1.9398951632364618e-05,107.64179368923183,0.9919354838709677
test,arff_s0_diagonal,BTC_ETH_spread,2025-11,720,-3.561957044529961,0.00012171664807342844,1.7937831693433573e-05,0.15548774262387702,0.9986111111111111
test,arff_s0_diagonal,BTC_ETH_spread,2025-12,744,-3.771593121764329,8.502220285665762e-05,1.0509186871664751e-05,0.11771168707447548,0.9973118279569892
test,arff_s1,equal_weight,ALL,8760,-3.2231368553905524,3.153532514913797e-05,3.088617686434176e-05,2.3278893965400496,0.9367579908675799
test,arff_s1,equal_weight,2025-01,744,-3.020489515509275,2.688939369579448e-05,2.9510484657776176e-05,2.97457000639155,0.9045698924731183
test,arff_s1,equal_weight,2025-02,672,-3.57829925408378,5.101522135924235e-05,5.508334110449744e-05,1.08698861275729,0.9449404761904762
test,arff_s1,equal_weight,2025-03,744,-3.5888451437830486,4.504465254741436e-05,4.300290910917722e-05,1.270961476459856,0.9543010752688172
test,arff_s1,equal_weight,2025-04,720,-3.8359858696919713,3.302806881279009e-05,3.753059315649079e-05,1.0897791564395145,0.9347222222222222
test,arff_s1,equal_weight,2025-05,744,-3.0370294802199926,1.9398177654732057e-05,2.3444337030907544e-05,3.1693661519027465,0.8776881720430108
test,arff_s1,equal_weight,2025-06,720,-3.996930204706534,2.105488761099572e-05,1.793762354215937e-05,1.1234093997660026,0.9541666666666667
test,arff_s1,equal_weight,2025-07,744,-3.999832380621251,2.3250998705837816e-05,1.908157094859343e-05,0.9346389140931611,0.9422043010752689
test,arff_s1,equal_weight,2025-08,744,-3.8646975848603073,2.6650081706128707e-05,2.4359687082018164e-05,1.0975126467213578,0.9381720430107527
test,arff_s1,equal_weight,2025-09,720,-4.0734055188909934,2.4413835804406328e-05,1.4197364900394824e-05,0.7668718949638661,0.975
test,arff_s1,equal_weight,2025-10,744,-3.653406912671346,3.515717792885531e-05,4.026780402498268e-05,1.211597117771279,0.9327956989247311
test,arff_s1,equal_weight,2025-11,720,-3.65317493495522,4.8296126813797087e-05,4.116464093331473e-05,0.9483074166232861,0.9416666666666667
test,arff_s1,equal_weight,2025-12,744,1.5040533642502434,2.6131450345653284e-05,2.698528226228743e-05,11.96693151072889,0.9435483870967742
test,arff_s1,BTC_ETH_spread,ALL,8760,-3.6798844994535624,1.6750775925304637e-05,2.3485018604444753e-05,1.9680077014213424,0.9236301369863014
test,arff_s1,BTC_ETH_spread,2025-01,744,-3.744645101878518,1.581284191099318e-05,2.162709908387815e-05,1.9196888972342157,0.9220430107526881
test,arff_s1,BTC_ETH_spread,2025-02,672,-3.4816285876764748,2.1606069774252876e-05,4.6302859433642015e-05,2.118570178167414,0.9077380952380952
test,arff_s1,BTC_ETH_spread,2025-03,744,-3.9303778325041083,2.1705459748854065e-05,2.690082888926179e-05,1.1856574310761192,0.9516129032258065
test,arff_s1,BTC_ETH_spread,2025-04,720,-3.892821913468276,1.9803100634914708e-05,2.5434238014236173e-05,1.3481411771837268,0.9263888888888889
test,arff_s1,BTC_ETH_spread,2025-05,744,-3.7672673605246527,1.946017538096067e-05,3.314621739098858e-05,1.5953706780041328,0.8991935483870968
test,arff_s1,BTC_ETH_spread,2025-06,720,-3.7973116960104094,1.6725946511018048e-05,2.1563500401442552e-05,1.6815661282359764,0.9402777777777778
test,arff_s1,BTC_ETH_spread,2025-07,744,-3.985656787233025,1.603492491584175e-05,2.048197723779269e-05,1.3353954212788284,0.9193548387096774
test,arff_s1,BTC_ETH_spread,2025-08,744,-3.6811350766628075,1.7789738224307353e-05,2.963154000782862e-05,1.821151431075062,0.8830645161290323
test,arff_s1,BTC_ETH_spread,2025-09,720,-1.5408978245405573,1.0531438758929147e-05,1.049715962266114e-05,6.72465260342185,0.9333333333333333
test,arff_s1,BTC_ETH_spread,2025-10,744,-3.830312385656828,1.2509740081081949e-05,1.9398951632364618e-05,1.9073550755007025,0.9206989247311828
test,arff_s1,BTC_ETH_spread,2025-11,720,-4.076771449286625,1.827297523068071e-05,1.7937831693433573e-05,1.0298966181534934,0.9333333333333333
test,arff_s1,BTC_ETH_spread,2025-12,744,-4.365062079618541,1.1172907640891122e-05,1.0509186871664751e-05,1.0571601051938737,0.946236559139785
test,arff_s1_diagonal,equal_weight,ALL,8760,-0.8112354765936366,1.276153880490061e-05,3.088617686434176e-05,8.022905111525608,0.8535388127853881
test,arff_s1_diagonal,equal_weight,2025-01,744,20.715221896789235,1.0781854549793203e-05,2.9510484657776176e-05,51.33694474355118,0.8198924731182796
test,arff_s1_diagonal,equal_weight,2025-02,672,-3.257347099903672,2.0670340807805046e-05,5.508334110449744e-05,2.5996506150593723,0.8511904761904762
test,arff_s1_diagonal,equal_weight,2025-03,744,-3.454447859073072,1.773676764953022e-05,4.300290910917722e-05,2.4137149724951117,0.8696236559139785
test,arff_s1_diagonal,equal_weight,2025-04,720,-3.4731467765125146,1.2948377668559529e-05,3.753059315649079e-05,2.7172493662248858,0.8555555555555555
test,arff_s1_diagonal,equal_weight,2025-05,744,-2.89444946302414,8.32277995656594e-06,2.3444337030907544e-05,4.19770173963435,0.7903225806451613
test,arff_s1_diagonal,equal_weight,2025-06,720,-3.0674130083333453,8.559991259689403e-06,1.793762354215937e-05,3.8595793106905623,0.8819444444444444
test,arff_s1_diagonal,equal_weight,2025-07,744,-3.8115025902086703,9.884201343398712e-06,1.908157094859343e-05,2.1574971339173143,0.8602150537634409
test,arff_s1_diagonal,equal_weight,2025-08,744,-3.13027322999913,1.1141559408727087e-05,2.4359687082018164e-05,3.4270178982527644,0.8508064516129032
test,arff_s1_diagonal,equal_weight,2025-09,720,-4.03882298716196,9.823402132651716e-06,1.4197364900394824e-05,1.7387158692967561,0.9027777777777778
test,arff_s1_diagonal,equal_weight,2025-10,744,-3.3420756634778024,1.5477307978083558e-05,4.026780402498268e-05,2.644729318720049,0.8413978494623656
test,arff_s1_diagonal,equal_weight,2025-11,720,-3.3839543271986736,1.845263653808275e-05,4.116464093331473e-05,2.4391689322021324,0.8458333333333333
test,arff_s1_diagonal,equal_weight,2025-12,744,2.8209102256652074,1.006391276553609e-05,2.698528226228743e-05,15.52977303642131,0.875
test,arff_s1_diagonal,BTC_ETH_spread,ALL,8760,1.988029116140644,7.856589402498645e-05,2.3485018604444753e-05,11.793872715184127,0.9842465753424657
test,arff_s1_diagonal,BTC_ETH_spread,2025-01,744,0.9985036969516388,7.831003374883221e-05,2.162709908387815e-05,9.905711702844274,0.9798387096774194
test,arff_s1_diagonal,BTC_ETH_spread,2025-02,672,-3.5345869911271564,0.00011449160365749977,4.6302859433642015e-05,0.3835135219006925,0.9895833333333334
test,arff_s1_diagonal,BTC_ETH_spread,2025-03,744,-1.5746493346057655,0.0001149391587183468,2.690082888926179e-05,4.330684521514309,0.9905913978494624
test,arff_s1_diagonal,BTC_ETH_spread,2025-04,720,-3.6828584399283906,9.393007637698334e-05,2.5434238014236173e-05,0.271143924625733,0.9888888888888889
test,arff_s1_diagonal,BTC_ETH_spread,2025-05,744,-3.5202757909194147,6.10403686565358e-05,3.314621739098858e-05,0.9539451325341511,0.9475806451612904
test,arff_s1_diagonal,BTC_ETH_spread,2025-06,720,-3.499296409746155,6.308270637914084e-05,2.1563500401442552e-05,0.9743701401787166,0.9861111111111112
test,arff_s1_diagonal,BTC_ETH_spread,2025-07,744,-3.813392959372807,5.6902956717608055e-05,2.048197723779269e-05,0.3939832652147372,0.9838709677419355
test,arff_s1_diagonal,BTC_ETH_spread,2025-08,744,-3.2103665483258634,6.505157478429447e-05,2.963154000782862e-05,1.491729509672965,0.9731182795698925
test,arff_s1_diagonal,BTC_ETH_spread,2025-09,720,-1.2527041360433369,5.4209068385997856e-05,1.049715962266114e-05,5.578015924488755,0.9944444444444445
test,arff_s1_diagonal,BTC_ETH_spread,2025-10,744,53.29072630206208,6.554047465522811e-05,1.9398951632364618e-05,114.50634701122524,0.9838709677419355
test,arff_s1_diagonal,BTC_ETH_spread,2025-11,720,-3.6111080101914625,0.000112150575615056,1.7937831693433573e-05,0.1731872359683351,0.9986111111111111
test,arff_s1_diagonal,BTC_ETH_spread,2025-12,744,-3.91318817159066,6.69126460738229e-05,1.0509186871664751e-05,0.1635229109020815,0.9959677419354839
test,arff_s2,equal_weight,ALL,8760,-3.4182528808071444,3.5165694444411304e-05,3.088617686434176e-05,1.860429974074624,0.94337899543379
test,arff_s2,equal_weight,2025-01,744,-3.7961237221013526,3.163020177061326e-05,2.9510484657776176e-05,1.0762348044412913,0.9354838709677419
test,arff_s2,equal_weight,2025-02,672,-3.1089811423462583,5.637205178805018e-05,5.508334110449744e-05,1.978300355752857,0.9479166666666666
test,arff_s2,equal_weight,2025-03,744,-3.1281411327385484,5.504815861627768e-05,4.300290910917722e-05,1.9148719536242018,0.9637096774193549
test,arff_s2,equal_weight,2025-04,720,-3.766556391968087,3.259624456327873e-05,3.753059315649079e-05,1.317528776450924,0.9236111111111112
test,arff_s2,equal_weight,2025-05,744,-3.87364497306079,3.049053551675572e-05,2.3444337030907544e-05,1.0731213971278994,0.9516129032258065
test,arff_s2,equal_weight,2025-06,720,-4.0476579783532305,2.0213297102987626e-05,1.793762354215937e-05,1.0667955718923376,0.9361111111111111
test,arff_s2,equal_weight,2025-07,744,-3.9325221269671844,2.092087113850422e-05,1.908157094859343e-05,1.29307596040199,0.9341397849462365
test,arff_s2,equal_weight,2025-08,744,-3.68616007065024,3.1386061347104264e-05,2.4359687082018164e-05,1.2512450863758589,0.9583333333333334
test,arff_s2,equal_weight,2025-09,720,-0.3452457876114402,1.8631753605459664e-05,1.4197364900394824e-05,8.688093752502652,0.9222222222222223
test,arff_s2,equal_weight,2025-10,744,-3.681624741660453,4.651514774970535e-05,4.026780402498268e-05,0.935797099080142,0.9489247311827957
test,arff_s2,equal_weight,2025-11,720,-3.6511683755425137,5.057420286602846e-05,4.116464093331473e-05,0.8906290436405366,0.9458333333333333
test,arff_s2,equal_weight,2025-12,744,-3.911201732971575,2.9060510248526214e-05,2.698528226228743e-05,0.9967219648055256,0.9516129032258065
test,arff_s2,BTC_ETH_spread,ALL,8760,-3.768451931587196,1.73977225672222e-05,2.3485018604444753e-05,1.7518149990635312,0.9269406392694064
test,arff_s2,BTC_ETH_spread,2025-01,744,-4.04962470647601,1.6150399700450092e-05,2.162709908387815e-05,1.2497182593314276,0.928763440860215
test,arff_s2,BTC_ETH_spread,2025-02,672,-3.5081402290709307,2.2451119203737317e-05,4.6302859433642015e-05,2.0153768449304956,0.9122023809523809
test,arff_s2,BTC_ETH_spread,2025-03,744,-3.939178197488486,2.229382518023169e-05,2.690082888926179e-05,1.123841762290378,0.9556451612903226
test,arff_s2,BTC_ETH_spread,2025-04,720,-3.9267366869065206,2.041209969450271e-05,2.5434238014236173e-05,1.2282289879347992,0.9319444444444445
test,arff_s2,BTC_ETH_spread,2025-05,744,-3.7689899004152188,1.9997690999567592e-05,3.314621739098858e-05,1.551365797003733,0.907258064516129
test,arff_s2,BTC_ETH_spread,2025-06,720,-3.9367631272390176,1.900869649625309e-05,2.1563500401442552e-05,1.2141879416013062,0.9527777777777777
test,arff_s2,BTC_ETH_spread,2025-07,744,-3.967655574470315,1.6596203330320444e-05,2.048197723779269e-05,1.3066171001082783,0.9220430107526881
test,arff_s2,BTC_ETH_spread,2025-08,744,-3.6841952474085673,1.7978391564316e-05,2.963154000782862e-05,1.8030712853411455,0.8884408602150538
test,arff_s2,BTC_ETH_spread,2025-09,720,-1.863985042893356,9.76527912792967e-06,1.049715962266114e-05,6.3654991880953045,0.8902777777777777
test,arff_s2,BTC_ETH_spread,2025-10,744,-4.047124114663213,1.4068967399988861e-05,1.9398951632364618e-05,1.3629012447228697,0.9381720430107527
test,arff_s2,BTC_ETH_spread,2025-11,720,-4.083719637692181,1.82910814717399e-05,1.7937831693433573e-05,1.0085396394230455,0.9402777777777778
test,arff_s2,BTC_ETH_spread,2025-12,744,-4.379390122736518,1.2179770070889757e-05,1.0509186871664751e-05,0.9085571411538247,0.9543010752688172
test,arff_s2_diagonal,equal_weight,ALL,8760,14.75768355218072,1.402930837989897e-05,3.088617686434176e-05,39.09260327689926,0.8639269406392694
test,arff_s2_diagonal,equal_weight,2025-01,744,-3.496576577788638,1.220860239676781e-05,2.9510484657776176e-05,2.6186491282960507,0.8561827956989247
test,arff_s2_diagonal,equal_weight,2025-02,672,21.03784934833362,2.245365591679726e-05,5.508334110449744e-05,51.158865271535944,0.8556547619047619
test,arff_s2_diagonal,equal_weight,2025-03,744,139.34736689859184,2.1599006092632998e-05,4.300290910917722e-05,287.7704891166328,0.8884408602150538
test,arff_s2_diagonal,equal_weight,2025-04,720,-3.3838327103608075,1.2988302291067163e-05,3.753059315649079e-05,2.9409171497677655,0.8402777777777778
test,arff_s2_diagonal,equal_weight,2025-05,744,-3.6354334873252094,1.2308886738496095e-05,2.3444337030907544e-05,2.4166716995700916,0.8615591397849462
test,arff_s2_diagonal,equal_weight,2025-06,720,-3.813257328423659,8.408914201355386e-06,1.793762354215937e-05,2.373069902546109,0.8736111111111111
test,arff_s2_diagonal,equal_weight,2025-07,744,-3.7058203115791164,8.904820889633624e-06,1.908157094859343e-05,2.5489609445827552,0.842741935483871
test,arff_s2_diagonal,equal_weight,2025-08,744,17.47058097771056,1.260212553444087e-05,2.4359687082018164e-05,44.47857551995648,0.8736559139784946
test,arff_s2_diagonal,equal_weight,2025-09,720,27.011258979201966,7.882523198882546e-06,1.4197364900394824e-05,64.16840147559977,0.8652777777777778
test,arff_s2_diagonal,equal_weight,2025-10,744,-3.4763185763741453,1.9237850313044577e-05,4.026780402498268e-05,2.215740767326309,0.8655913978494624
test,arff_s2_diagonal,equal_weight,2025-11,720,-3.4140348635137507,1.9180158148024183e-05,4.116464093331473e-05,2.3311667575878428,0.8569444444444444
test,arff_s2_diagonal,equal_weight,2025-12,744,-3.617002391444653,1.1145103448304086e-05,2.698528226228743e-05,2.5297937881575137,0.885752688172043
test,arff_s2_diagonal,BTC_ETH_spread,ALL,8760,-0.0546695291369812,8.651610644880634e-05,2.3485018604444753e-05,7.6698248484435885,0.9833333333333333
test,arff_s2_diagonal,BTC_ETH_spread,2025-01,744,-3.6973288641800477,8.746766963243661e-05,2.162709908387815e-05,0.23771184720323343,0.9946236559139785
test,arff_s2_diagonal,BTC_ETH_spread,2025-02,672,-2.1852246637278334,0.00012661837701208987,4.6302859433642015e-05,3.0424736817095885,0.9866071428571429
test,arff_s2_diagonal,BTC_ETH_spread,2025-03,744,15.606490832953854,0.00013371142995298975,2.690082888926179e-05,38.47285097953498,0.9932795698924731
test,arff_s2_diagonal,BTC_ETH_spread,2025-04,720,-3.684984820101955,9.376517683295844e-05,2.5434238014236173e-05,0.28569545043871336,0.9902777777777778
test,arff_s2_diagonal,BTC_ETH_spread,2025-05,744,-3.638929461007175,8.359246115003973e-05,3.314621739098858e-05,0.4178526457326746,0.9811827956989247
test,arff_s2_diagonal,BTC_ETH_spread,2025-06,720,-3.7779745962671516,6.480968852312626e-05,2.1563500401442552e-05,0.36166555808852785,0.9888888888888889
test,arff_s2_diagonal,BTC_ETH_spread,2025-07,744,-3.8209496952734705,5.5688285462871514e-05,2.048197723779269e-05,0.42462903960029624,0.9865591397849462
test,arff_s2_diagonal,BTC_ETH_spread,2025-08,744,-3.2266790195617303,7.436080456448895e-05,2.963154000782862e-05,1.3099154963295416,0.9798387096774194
test,arff_s2_diagonal,BTC_ETH_spread,2025-09,720,18.98032380446869,4.230526769248762e-05,1.049715962266114e-05,47.047276322065386,0.9097222222222222
test,arff_s2_diagonal,BTC_ETH_spread,2025-10,744,-3.7105659764867824,8.809224616502441e-05,1.9398951632364618e-05,0.23401182412484792,0.9932795698924731
test,arff_s2_diagonal,BTC_ETH_spread,2025-11,720,-3.587584366398638,0.00011711322447863963,1.7937831693433573e-05,0.16231914972587802,0.9986111111111111
test,arff_s2_diagonal,BTC_ETH_spread,2025-12,744,-3.855956790691336,7.364399248051796e-05,1.0509186871664751e-05,0.14780597987720104,0.9959677419354839
test,neural_s0,equal_weight,ALL,8760,-3.8641719689951386,3.36559655838877e-05,3.088617686434176e-05,0.867439646329701,0.9562785388127854
test,neural_s0,equal_weight,2025-01,744,-3.865111867019524,3.36606850286866e-05,2.9510484657776176e-05,0.8424264672265277,0.9435483870967742
test,neural_s0,equal_weight,2025-02,672,-3.592390589913474,4.3836914156119114e-05,5.508334110449744e-05,1.1173810933407382,0.9494047619047619
test,neural_s0,equal_weight,2025-03,744,-3.7374916072962523,4.446440084369028e-05,4.300290910917722e-05,0.8124454791894951,0.9556451612903226
test,neural_s0,equal_weight,2025-04,720,-3.8051217998541498,3.706053737419404e-05,3.753059315649079e-05,0.8944724653370726,0.9513888888888888
test,neural_s0,equal_weight,2025-05,744,-3.9434922946113677,3.0324082553648192e-05,2.3444337030907544e-05,0.7710070493072265,0.9623655913978495
test,neural_s0,equal_weight,2025-06,720,-4.06440235387104,2.5030826445118493e-05,1.793762354215937e-05,0.7258427379504974,0.9736111111111111
test,neural_s0,equal_weight,2025-07,744,-4.041370646120706,2.3541884388097834e-05,1.908157094859343e-05,0.8172117032766546,0.9596774193548387
test,neural_s0,equal_weight,2025-08,744,-3.864279126618814,3.050389152422286e-05,2.4359687082018164e-05,0.896403097987568,0.9610215053763441
test,neural_s0,equal_weight,2025-09,720,-4.1822616393296865,2.0106319343429305e-05,1.4197364900394824e-05,0.7142523500225727,0.9736111111111111
test,neural_s0,equal_weight,2025-10,744,-3.6719200138186476,3.7254960549244995e-05,4.026780402498268e-05,1.0819164416291929,0.9422043010752689
test,neural_s0,equal_weight,2025-11,720,-3.656590732416048,4.974767165051904e-05,4.116464093331473e-05,0.8538019502267363,0.9458333333333333
test,neural_s0,equal_weight,2025-12,744,-3.92744852198309,2.9238262768855947e-05,2.698528226228743e-05,0.8972257352766856,0.956989247311828
test,neural_s0,BTC_ETH_spread,ALL,8760,-3.9935847953715324,2.059574008935291e-05,2.3485018604444753e-05,1.113341787118392,0.9425799086757991
test,neural_s0,BTC_ETH_spread,2025-01,744,-4.083887776662298,1.7723027496422287e-05,2.162709908387815e-05,1.114636658410287,0.9327956989247311
test,neural_s0,BTC_ETH_spread,2025-02,672,-3.597044264405259,2.7088651790345565e-05,4.6302859433642015e-05,1.5961267375537724,0.9255952380952381
test,neural_s0,BTC_ETH_spread,2025-03,744,-3.9099955825484733,2.8683675225270184e-05,2.690082888926179e-05,0.8673646371278778,0.9650537634408602
test,neural_s0,BTC_ETH_spread,2025-04,720,-3.9114698929617515,2.3185695777553972e-05,2.5434238014236173e-05,1.1124335700636876,0.9375
test,neural_s0,BTC_ETH_spread,2025-05,744,-3.8660113302843913,2.757514281178603e-05,3.314621739098858e-05,1.0729164193135894,0.9327956989247311
test,neural_s0,BTC_ETH_spread,2025-06,720,-3.9304898555889483,2.1166814626416694e-05,2.1563500401442552e-05,1.146703285048843,0.9652777777777778
test,neural_s0,BTC_ETH_spread,2025-07,744,-4.008509105885749,2.0061039864989754e-05,2.048197723779269e-05,1.0272286091561413,0.9381720430107527
test,neural_s0,BTC_ETH_spread,2025-08,744,-3.742344357370625,2.2487278022160456e-05,2.963154000782862e-05,1.4497670177041218,0.9139784946236559
test,neural_s0,BTC_ETH_spread,2025-09,720,-4.318827289896954,1.3393238939071954e-05,1.049715962266114e-05,0.8352637198823365,0.9597222222222223
test,neural_s0,BTC_ETH_spread,2025-10,744,-4.058450537671135,1.674848994877891e-05,1.9398951632364618e-05,1.1590041132750069,0.946236559139785
test,neural_s0,BTC_ETH_spread,2025-11,720,-4.083847127198778,1.8926655530208476e-05,1.7937831693433573e-05,0.9728217256045513,0.9458333333333333
test,neural_s0,BTC_ETH_spread,2025-12,744,-4.3824847269279426,1.0553305865644104e-05,1.0509186871664751e-05,1.0400997911008736,0.9475806451612904
test,neural_s1,equal_weight,ALL,8760,-3.851274508605549,3.4364471962456365e-05,3.088617686434176e-05,0.8453684205030172,0.9578767123287671
test,neural_s1,equal_weight,2025-01,744,-3.842610400056278,3.310857726188123e-05,2.9510484657776176e-05,0.8639076898266858,0.9502688172043011
test,neural_s1,equal_weight,2025-02,672,-3.549542155779154,4.731902019025918e-05,5.508334110449744e-05,1.0914428739808373,0.9508928571428571
test,neural_s1,equal_weight,2025-03,744,-3.7138156562324203,4.5276468077155484e-05,4.300290910917722e-05,0.822372397240207,0.956989247311828
test,neural_s1,equal_weight,2025-04,720,-3.80358947338822,3.5450364272713564e-05,3.753059315649079e-05,0.9100880442834229,0.9486111111111111
test,neural_s1,equal_weight,2025-05,744,-3.9195122250652585,3.0242195031752412e-05,2.3444337030907544e-05,0.7864006005228755,0.9596774193548387
test,neural_s1,equal_weight,2025-06,720,-4.040475608481228,2.6600025915925855e-05,1.793762354215937e-05,0.6764284559940961,0.9736111111111111
test,neural_s1,equal_weight,2025-07,744,-4.020343178641827,2.61804097299889e-05,1.908157094859343e-05,0.7278157986325072,0.9663978494623656
test,neural_s1,equal_weight,2025-08,744,-3.869281486867783,3.150707680276679e-05,2.4359687082018164e-05,0.8255097086237665,0.9637096774193549
test,neural_s1,equal_weight,2025-09,720,-4.147033707258807,2.2256895519004185e-05,1.4197364900394824e-05,0.6355009212603439,0.9777777777777777
test,neural_s1,equal_weight,2025-10,744,-3.6884756402635066,4.108892376829947e-05,4.026780402498268e-05,0.9526118575748318,0.9489247311827957
test,neural_s1,equal_weight,2025-11,720,-3.6641441988397716,4.766848731938737e-05,4.116464093331473e-05,0.8767540159840707,0.9444444444444444
test,neural_s1,equal_weight,2025-12,744,-3.935339659329963,2.6752043204232686e-05,2.698528226228743e-05,0.990282911659121,0.9529569892473119
test,neural_s1,BTC_ETH_spread,ALL,8760,-3.9768005072089965,2.0700083765512723e-05,2.3485018604444753e-05,1.1399434042510446,0.9406392694063926
test,neural_s1,BTC_ETH_spread,2025-01,744,-4.059447059783025,1.933304363901318e-05,2.162709908387815e-05,1.0828044386000248,0.9354838709677419
test,neural_s1,BTC_ETH_spread,2025-02,672,-3.479026340970195,2.8370827088478453e-05,4.6302859433642015e-05,1.7635866455058702,0.9285714285714286
test,neural_s1,BTC_ETH_spread,2025-03,744,-3.886550396924242,2.694482094450274e-05,2.690082888926179e-05,0.9804635756725373,0.9637096774193549
test,neural_s1,BTC_ETH_spread,2025-04,720,-3.9144646009458515,2.3105323027592203e-05,2.5434238014236173e-05,1.097885068958633,0.9361111111111111
test,neural_s1,BTC_ETH_spread,2025-05,744,-3.842117556558716,2.6880885602537508e-05,3.314621739098858e-05,1.1363647704638142,0.9341397849462365
test,neural_s1,BTC_ETH_spread,2025-06,720,-3.8996557779381913,2.1289975617642875e-05,2.1563500401442552e-05,1.1928868062930575,0.9555555555555556
test,neural_s1,BTC_ETH_spread,2025-07,744,-3.9834741290269013,1.9362265286980184e-05,2.048197723779269e-05,1.1140045029220624,0.9301075268817204
test,neural_s1,BTC_ETH_spread,2025-08,744,-3.753254639767624,2.2939047146400507e-05,2.963154000782862e-05,1.3968621326371609,0.9126344086021505
test,neural_s1,BTC_ETH_spread,2025-09,720,-4.316735177848864,1.2656880615639534e-05,1.049715962266114e-05,0.8954468314674483,0.9541666666666667
test,neural_s1,BTC_ETH_spread,2025-10,744,-4.067016312570014,1.9111291605282277e-05,1.9398951632364618e-05,1.0193452941304362,0.9543010752688172
test,neural_s1,BTC_ETH_spread,2025-11,720,-4.077859224985527,1.8842074234133828e-05,1.7937831693433573e-05,0.9799079516454609,0.9388888888888889
test,neural_s1,BTC_ETH_spread,2025-12,744,-4.4035593935167405,1.0084123552202798e-05,1.0509186871664751e-05,1.0674171154619927,0.9435483870967742
test,neural_s2,equal_weight,ALL,8760,-3.8570985012138457,3.2983156813216105e-05,3.088617686434176e-05,0.8769824167028653,0.9552511415525115
test,neural_s2,equal_weight,2025-01,744,-3.8574536591140896,3.167052353986371e-05,2.9510484657776176e-05,0.8905451440521853,0.9381720430107527
test,neural_s2,equal_weight,2025-02,672,-3.5802351686208604,4.639319893205537e-05,5.508334110449744e-05,1.0430531185278735,0.9553571428571429
test,neural_s2,equal_weight,2025-03,744,-3.7314426971096943,4.2897275753936096e-05,4.300290910917722e-05,0.8486444806155143,0.9543010752688172
test,neural_s2,equal_weight,2025-04,720,-3.8169715068365146,3.450316664105085e-05,3.753059315649079e-05,0.9341534934027901,0.9430555555555555
test,neural_s2,equal_weight,2025-05,744,-3.9290380249207293,2.908307804979063e-05,2.3444337030907544e-05,0.8166712282987446,0.9556451612903226
test,neural_s2,equal_weight,2025-06,720,-4.069065419878061,2.404849596647941e-05,1.793762354215937e-05,0.7409053408286256,0.9708333333333333
test,neural_s2,equal_weight,2025-07,744,-4.0209604592121275,2.475890143591814e-05,1.908157094859343e-05,0.782475842230884,0.9637096774193549
test,neural_s2,equal_weight,2025-08,744,-3.8601220993207557,3.1317061756086e-05,2.4359687082018164e-05,0.8505532396780878,0.967741935483871
test,neural_s2,equal_weight,2025-09,720,-4.170768440288584,2.106524341936102e-05,1.4197364900394824e-05,0.655795162057812,0.975
test,neural_s2,equal_weight,2025-10,744,-3.682183813932248,3.952374128931598e-05,4.026780402498268e-05,0.9871166478164688,0.9475806451612904
test,neural_s2,equal_weight,2025-11,720,-3.6623984261383815,4.455688772604626e-05,4.116464093331473e-05,0.9451286868970125,0.9388888888888889
test,neural_s2,equal_weight,2025-12,744,-3.8871300343717574,2.7027768308579878e-05,2.698528226228743e-05,1.0373358135074113,0.9529569892473119
test,neural_s2,BTC_ETH_spread,ALL,8760,-3.9946683759337738,2.042180600241853e-05,2.3485018604444753e-05,1.109295856974033,0.9445205479452055
test,neural_s2,BTC_ETH_spread,2025-01,744,-4.063010177527543,1.9047599371838754e-05,2.162709908387815e-05,1.1068088353086916,0.9368279569892473
test,neural_s2,BTC_ETH_spread,2025-02,672,-3.621548490975715,2.9156057230270236e-05,4.6302859433642015e-05,1.452276681739003,0.9419642857142857
test,neural_s2,BTC_ETH_spread,2025-03,744,-3.900883544198889,2.54833976070731e-05,2.690082888926179e-05,1.0023751520154778,0.9637096774193549
test,neural_s2,BTC_ETH_spread,2025-04,720,-3.925478822887665,2.248445014983226e-05,2.5434238014236173e-05,1.099150681490339,0.9402777777777778
test,neural_s2,BTC_ETH_spread,2025-05,744,-3.833798187028525,2.587652364638228e-05,3.314621739098858e-05,1.1763502411615752,0.9274193548387096
test,neural_s2,BTC_ETH_spread,2025-06,720,-3.926274623565342,2.12162819648854e-05,2.1563500401442552e-05,1.1445251121315205,0.9652777777777778
test,neural_s2,BTC_ETH_spread,2025-07,744,-4.01039651828938,2.0160311822166527e-05,2.048197723779269e-05,0.995764291268483,0.9448924731182796
test,neural_s2,BTC_ETH_spread,2025-08,744,-3.75778255193392,2.3510665755885117e-05,2.963154000782862e-05,1.3503055765979783,0.9220430107526881
test,neural_s2,BTC_ETH_spread,2025-09,720,-4.323758379191972,1.2549376228729453e-05,1.049715962266114e-05,0.8806867525635762,0.9555555555555556
test,neural_s2,BTC_ETH_spread,2025-10,744,-4.071634230252146,1.796713252849385e-05,1.9398951632364618e-05,1.0474763606344752,0.9516129032258065
test,neural_s2,BTC_ETH_spread,2025-11,720,-4.082664965631143,1.833623713834509e-05,1.7937831693433573e-05,1.0000869811883701,0.9388888888888889
test,neural_s2,BTC_ETH_spread,2025-12,744,-4.391697878841331,9.889828106271067e-06,1.0509186871664751e-05,1.078847119968665,0.946236559139785
