split,method,group,count,total_count,fraction,raw_nonpositive_count,conditional_logdet_half,conditional_quadratic_half,conditional_gaussian_constant,conditional_archived_nll,overall_logdet_contribution,overall_quadratic_contribution,overall_constant_contribution,overall_archived_nll_contribution
validation,constant,all,8784,8784,1.0,0,-16.30796428837642,1.7231829444193452,2.756815599614018,-11.827965744343057,-16.30796428837642,1.7231829444193452,2.756815599614018,-11.827965744343057
validation,constant,floor_active,0,8784,0.0,0,,,,,0.0,0.0,0.0,0.0
validation,constant,no_floor,8784,8784,1.0,0,-16.30796428837642,1.7231829444193452,2.756815599614018,-11.827965744343057,-16.30796428837642,1.7231829444193452,2.756815599614018,-11.827965744343057
validation,ewma,all,8784,8784,1.0,0,-16.693697175797034,1.8341080948632675,2.756815599614018,-12.10277348131975,-16.693697175797034,1.8341080948632675,2.756815599614018,-12.10277348131975
validation,ewma,floor_active,0,8784,0.0,0,,,,,0.0,0.0,0.0,0.0
validation,ewma,no_floor,8784,8784,1.0,0,-16.693697175797034,1.8341080948632675,2.756815599614018,-12.10277348131975,-16.693697175797034,1.8341080948632675,2.756815599614018,-12.10277348131975
validation,dcc,all,8784,8784,1.0,0,-16.60066472400647,1.622677043653157,2.756815599614018,-12.221172080739294,-16.60066472400647,1.622677043653157,2.756815599614018,-12.221172080739294
validation,dcc,floor_active,0,8784,0.0,0,,,,,0.0,0.0,0.0,0.0
validation,dcc,no_floor,8784,8784,1.0,0,-16.60066472400647,1.622677043653157,2.756815599614018,-12.221172080739294,-16.60066472400647,1.622677043653157,2.756815599614018,-12.221172080739294
validation,arff_s0,all,8784,8784,1.0,765,-17.000212159873204,91.20131241279486,2.756815599614018,76.95791585253569,-17.000212159873204,91.20131241279486,2.756815599614018,76.95791585253569
validation,arff_s0,floor_active,765,8784,0.08709016393442623,765,-21.129333564277196,1022.3156705989192,2.756815599614018,1003.9431526342559,-1.8401571239380756,89.03363934519275,0.24009152250736837,87.43357374376204
validation,arff_s0,no_floor,8019,8784,0.9129098360655737,0,-16.606300465850378,2.374465672255511,2.756815599614018,-11.475019193980849,-15.160055035935128,2.167673067602111,2.51672407710665,-10.47565789122637
validation,arff_s0_diagonal,all,8784,8784,1.0,282,-15.68313803041253,53.90205431452031,2.756815599614018,40.9757318837218,-15.68313803041253,53.90205431452031,2.756815599614018,40.9757318837218
validation,arff_s0_diagonal,floor_active,282,8784,0.03210382513661202,282,-21.56005896026389,1620.6611739733116,2.756815599614018,1601.857930612662,-0.6921603627953571,52.029422934935546,0.08850432594389265,51.42576689808409
validation,arff_s0_diagonal,no_floor,8502,8784,0.967896174863388,0,-15.488208401828896,1.934744064722721,2.756815599614018,-10.796648737492157,-14.990977667617175,1.8726313795847647,2.6683112736701253,-10.450035014362285
validation,arff_s1,all,8784,8784,1.0,952,-17.154374740465144,257.3547331245811,2.756815599614018,242.95717398373,-17.154374740465144,257.3547331245811,2.756815599614018,242.95717398373
validation,arff_s1,floor_active,953,8784,0.10849271402550091,952,-21.05243916439292,2351.735653352178,2.756815599614018,2333.440029787399,-2.2840362618017362,255.1461837027124,0.29909440646996344,253.1612418473806
validation,arff_s1,no_floor,7831,8784,0.8915072859744991,0,-16.67999657726719,2.477320664244015,2.756815599614018,-11.445860313409156,-14.870338478663406,2.208549421868725,2.4577211931440544,-10.204067863650627
validation,arff_s1_diagonal,all,8784,8784,1.0,450,-15.911413298270135,201.82260369130483,2.756815599614018,188.66800599264874,-15.911413298270135,201.82260369130483,2.756815599614018,188.66800599264874
validation,arff_s1_diagonal,floor_active,450,8784,0.05122950819672131,450,-22.17012765423437,3905.564216913356,2.756815599614018,3886.1509048587354,-1.1357647363849577,200.08013406318423,0.14123030735727551,199.08559963415652
validation,arff_s1_diagonal,no_floor,8334,8784,0.9487704918032787,0,-15.573469758531248,1.8365554611724877,2.756815599614018,-10.980098697744742,-14.77564856188518,1.7424696281206185,2.6155852922567426,-10.41759364150782
validation,arff_s2,all,8784,8784,1.0,908,-17.055592036385548,208.18274684822885,2.756815599614018,193.8839704114573,-17.055592036385548,208.18274684822885,2.756815599614018,193.8839704114573
validation,arff_s2,floor_active,908,8784,0.10336976320582877,908,-20.795094560896654,1993.1639958368246,2.756815599614018,1975.1257168755421,-2.1495840006027054,206.03289028003604,0.2849713757342359,204.1682776551676
validation,arff_s2,no_floor,7876,8784,0.8966302367941712,0,-16.62447620445867,2.3977069699092457,2.756815599614018,-11.469953634935408,-14.906008035782843,2.149856568192762,2.471844223879782,-10.284307243710298
validation,arff_s2_diagonal,all,8784,8784,1.0,328,-15.698727466509556,143.6642013324324,2.756815599614018,130.7222894655369,-15.698727466509556,143.6642013324324,2.756815599614018,130.7222894655369
validation,arff_s2_diagonal,floor_active,328,8784,0.037340619307832425,328,-21.286140507986666,3804.4749181387897,2.756815599614018,3785.9455932304163,-0.7948376692417607,142.06144958441746,0.10294120180708081,141.36955311698276
validation,arff_s2_diagonal,no_floor,8456,8784,0.9626593806921676,0,-15.481997159318864,1.6649209265094176,2.756815599614018,-11.060260633195428,-14.903889797267794,1.6027517480149858,2.6538743978069372,-10.647263651445872
validation,neural_s0,all,8784,8784,1.0,0,-16.58686858959357,1.6544689019564047,2.756815599614018,-12.175584088023149,-16.58686858959357,1.6544689019564047,2.756815599614018,-12.175584088023149
validation,neural_s0,floor_active,0,8784,0.0,0,,,,,0.0,0.0,0.0,0.0
validation,neural_s0,no_floor,8784,8784,1.0,0,-16.58686858959357,1.6544689019564047,2.756815599614018,-12.175584088023149,-16.58686858959357,1.6544689019564047,2.756815599614018,-12.175584088023149
validation,neural_s1,all,8784,8784,1.0,0,-16.575427702781784,1.6139475928964395,2.756815599614018,-12.204664510271327,-16.575427702781784,1.6139475928964395,2.756815599614018,-12.204664510271327
validation,neural_s1,floor_active,0,8784,0.0,0,,,,,0.0,0.0,0.0,0.0
validation,neural_s1,no_floor,8784,8784,1.0,0,-16.575427702781784,1.6139475928964395,2.756815599614018,-12.204664510271327,-16.575427702781784,1.6139475928964395,2.756815599614018,-12.204664510271327
validation,neural_s2,all,8784,8784,1.0,0,-16.575555059359292,1.6377821140130402,2.756815599614018,-12.180957345732233,-16.575555059359292,1.6377821140130402,2.756815599614018,-12.180957345732233
validation,neural_s2,floor_active,0,8784,0.0,0,,,,,0.0,0.0,0.0,0.0
validation,neural_s2,no_floor,8784,8784,1.0,0,-16.575555059359292,1.6377821140130402,2.756815599614018,-12.180957345732233,-16.575555059359292,1.6377821140130402,2.756815599614018,-12.180957345732233
test,constant,all,8760,8760,1.0,0,-16.30796428837642,1.7454156097395803,2.756815599614018,-11.805733079022822,-16.30796428837642,1.7454156097395803,2.756815599614018,-11.805733079022822
test,constant,floor_active,0,8760,0.0,0,,,,,0.0,0.0,0.0,0.0
test,constant,no_floor,8760,8760,1.0,0,-16.30796428837642,1.7454156097395803,2.756815599614018,-11.805733079022822,-16.30796428837642,1.7454156097395803,2.756815599614018,-11.805733079022822
test,ewma,all,8760,8760,1.0,0,-16.91430847222603,1.7683544773450202,2.756815599614018,-12.389138395266992,-16.91430847222603,1.7683544773450202,2.756815599614018,-12.389138395266992
test,ewma,floor_active,0,8760,0.0,0,,,,,0.0,0.0,0.0,0.0
test,ewma,no_floor,8760,8760,1.0,0,-16.91430847222603,1.7683544773450202,2.756815599614018,-12.389138395266992,-16.91430847222603,1.7683544773450202,2.756815599614018,-12.389138395266992
test,dcc,all,8760,8760,1.0,0,-16.71609767450905,1.5399231030888134,2.756815599614018,-12.419358971806217,-16.71609767450905,1.5399231030888134,2.756815599614018,-12.419358971806217
test,dcc,floor_active,0,8760,0.0,0,,,,,0.0,0.0,0.0,0.0
test,dcc,no_floor,8760,8760,1.0,0,-16.71609767450905,1.5399231030888134,2.756815599614018,-12.419358971806217,-16.71609767450905,1.5399231030888134,2.756815599614018,-12.419358971806217
test,arff_s0,all,8760,8760,1.0,1887,-17.57731779402112,151.60970073572972,2.756815599614018,136.7891985413226,-17.57731779402112,151.60970073572972,2.756815599614018,136.7891985413226
test,arff_s0,floor_active,1891,8760,0.2158675799086758,1887,-20.837783942992964,692.7275806337753,2.756815599614018,674.6466122903964,-4.498201990433755,149.53742636740515,0.595107111743163,145.63433148871457
test,arff_s0,no_floor,6869,8760,0.7841324200913242,0,-16.67972840870947,2.6427607317692905,2.756815599614018,-11.280152077326157,-13.079115803587367,2.0722743683245723,2.1617084878708552,-8.845132947391939
test,arff_s0_diagonal,all,8760,8760,1.0,393,-15.720221631890562,104.75467504243832,2.756815599614018,91.7912690101618,-15.720221631890562,104.75467504243832,2.756815599614018,91.7912690101618
test,arff_s0_diagonal,floor_active,393,8760,0.04486301369863014,393,-21.937210444832946,2304.5752125735075,2.756815599614018,2285.3948177282887,-0.9841693726962726,103.39018933120873,0.12367905601008095,102.52969901452254
test,arff_s0_diagonal,no_floor,8367,8760,0.9551369863013699,0,-15.42820817384271,1.4285759328757464,2.756815599614018,-11.242816641352945,-14.736052259194288,1.3644857112296085,2.633136543603937,-10.73843000436074
test,arff_s1,all,8760,8760,1.0,2361,-17.83833207315307,239.68871538590946,2.756815599614018,224.60719891237042,-17.83833207315307,239.68871538590946,2.756815599614018,224.60719891237042
test,arff_s1,floor_active,2363,8760,0.2697488584474886,2361,-20.621357081194226,879.2175216661053,2.756815599614018,861.3529801845251,-5.562587532290178,237.16792279646197,0.7436478609461101,232.34898312511788
test,arff_s1,no_floor,6397,8760,0.7302511415525114,0,-16.810305170854917,3.4519529597561793,2.756815599614018,-10.60153661148472,-12.275744540862888,2.5207925894475207,2.013167738667908,-7.7417842127474605
test,arff_s1_diagonal,all,8760,8760,1.0,716,-16.130344045797298,160.69458513200155,2.756815599614018,147.32105668581823,-16.130344045797298,160.69458513200155,2.756815599614018,147.32105668581823
test,arff_s1_diagonal,floor_active,717,8760,0.08184931506849315,716,-21.211082437203743,1943.052605087872,2.756815599614018,1924.5983382502825,-1.7361125693464707,159.03752486849365,0.22564346859854462,157.52705576774574
test,arff_s1_diagonal,no_floor,8043,8760,0.9181506849315069,0,-15.677417348465655,1.804780294458446,2.756815599614018,-11.11582145439319,-14.394231476450829,1.6570602635079088,2.5311721310154733,-10.205999081927446
test,arff_s2,all,8760,8760,1.0,2701,-17.859627589261077,209.6117563690167,2.756815599614018,194.50894437936958,-17.859627589261077,209.6117563690167,2.756815599614018,194.50894437936958
test,arff_s2,floor_active,2703,8760,0.30856164383561646,2701,-20.8285924375829,674.4596889137421,2.756815599614018,656.3879120757733,-6.426904721322669,208.11239031208274,0.850647553168572,202.53613314392868
test,arff_s2,no_floor,6057,8760,0.6914383561643835,0,-16.534695777305668,2.1684739406869427,2.756815599614018,-11.609406237004706,-11.432722867938406,1.4993660569338827,1.9061680464454458,-8.027188764559074
test,arff_s2_diagonal,all,8760,8760,1.0,1135,-16.19193017647828,149.6810076461628,2.756815599614018,136.24589306929855,-16.19193017647828,149.6810076461628,2.756815599614018,136.24589306929855
test,arff_s2_diagonal,floor_active,1135,8760,0.1295662100456621,1135,-20.821602702003243,1141.7913403569237,2.756815599614018,1123.7265532545343,-2.697776149175078,147.93757663300323,0.3571901490367478,145.5969906328649
test,arff_s2_diagonal,no_floor,7625,8760,0.8704337899543378,0,-15.502792036613256,2.002945006593821,2.756815599614018,-10.743031430405416,-13.494154027303205,1.743431013159576,2.3996254505772705,-9.351097563566357
test,neural_s0,all,8760,8760,1.0,0,-16.552449165111618,1.3734657965371326,2.756815599614018,-12.422167768960467,-16.552449165111618,1.3734657965371326,2.756815599614018,-12.422167768960467
test,neural_s0,floor_active,0,8760,0.0,0,,,,,0.0,0.0,0.0,0.0
test,neural_s0,no_floor,8760,8760,1.0,0,-16.552449165111618,1.3734657965371326,2.756815599614018,-12.422167768960467,-16.552449165111618,1.3734657965371326,2.756815599614018,-12.422167768960467
test,neural_s1,all,8760,8760,1.0,0,-16.532807418621225,1.3961510990156358,2.756815599614018,-12.379840719991574,-16.532807418621225,1.3961510990156358,2.756815599614018,-12.379840719991574
test,neural_s1,floor_active,0,8760,0.0,0,,,,,0.0,0.0,0.0,0.0
test,neural_s1,no_floor,8760,8760,1.0,0,-16.532807418621225,1.3961510990156358,2.756815599614018,-12.379840719991574,-16.532807418621225,1.3961510990156358,2.756815599614018,-12.379840719991574
test,neural_s2,all,8760,8760,1.0,0,-16.5684224558562,1.3990594231672187,2.756815599614018,-12.412547433074964,-16.5684224558562,1.3990594231672187,2.756815599614018,-12.412547433074964
test,neural_s2,floor_active,0,8760,0.0,0,,,,,0.0,0.0,0.0,0.0
test,neural_s2,no_floor,8760,8760,1.0,0,-16.5684224558562,1.3990594231672187,2.756815599614018,-12.412547433074964,-16.5684224558562,1.3990594231672187,2.756815599614018,-12.412547433074964
