method,seed,split,nll,drift_rmse,covariance_rmse,min_raw_eigenvalue,min_covariance_eig,raw_spd_violation_rate,numerical_nonpositive_eig_rate
joint_fourier,0,train,-8.25635529,0.382675409,1.11208975,6.05374726e-06,,,
joint_fourier,0,validation,-8.30077362,0.382254928,1.12276995,6.13906423e-06,,,
joint_fourier,0,test,-8.26019478,0.385982096,1.1069417,6.22426523e-06,,,
joint_fourier,1,train,-8.36280155,0.488656342,0.761715353,5.62212972e-06,,,
joint_fourier,1,validation,-8.40566063,0.487995088,0.771663308,5.63853519e-06,,,
joint_fourier,1,test,-8.35727501,0.494384736,0.754722774,5.63079675e-06,,,
joint_fourier,2,train,-8.33897972,0.443688184,0.704516232,5.20319827e-06,,,
joint_fourier,2,validation,-8.38788414,0.443464696,0.70194453,5.33868706e-06,,,
joint_fourier,2,test,-8.33859921,0.446874946,0.710013688,5.33912134e-06,,,
joint_fourier,3,train,-8.2856245,0.528456867,0.542793572,5.8102296e-06,,,
joint_fourier,3,validation,-8.31993675,0.527900517,0.543923557,5.81792074e-06,,,
joint_fourier,3,test,-8.27275181,0.534938514,0.554317057,5.84237659e-06,,,
joint_fourier,4,train,-8.53252029,0.339456409,0.744298339,4.263969e-06,,,
joint_fourier,4,validation,-8.57211876,0.338650793,0.748152137,4.4303406e-06,,,
joint_fourier,4,test,-8.52145004,0.344533473,0.752054811,4.23007123e-06,,,
joint_fourier,5,train,-8.30890465,0.494697958,0.628197074,5.93645336e-06,,,
joint_fourier,5,validation,-8.35146809,0.493804485,0.627193987,5.96503378e-06,,,
joint_fourier,5,test,-8.29934406,0.497590303,0.633234203,5.98761517e-06,,,
joint_fourier,6,train,-8.3216877,0.409449577,1.08957589,2.53361782e-06,,,
joint_fourier,6,validation,-8.36238766,0.409457326,1.09491384,2.63459197e-06,,,
joint_fourier,6,test,-8.31048393,0.414763272,1.09669185,2.53598205e-06,,,
joint_fourier,7,train,-8.35531998,0.428887784,0.748598874,3.66259951e-06,,,
joint_fourier,7,validation,-8.40346813,0.428566128,0.749911726,4.18760055e-06,,,
joint_fourier,7,test,-8.34653378,0.433495134,0.746592999,3.98373231e-06,,,
joint_fourier,8,train,-8.3277998,0.511466563,0.759616792,5.76661432e-06,,,
joint_fourier,8,validation,-8.36898613,0.509841919,0.760770798,5.76973525e-06,,,
joint_fourier,8,test,-8.31930923,0.516188085,0.760667741,5.76995171e-06,,,
joint_fourier,9,train,-8.36623192,0.470992565,0.620021045,5.77040328e-06,,,
joint_fourier,9,validation,-8.40266037,0.47004053,0.621304095,5.79334073e-06,,,
joint_fourier,9,test,-8.35643578,0.477216214,0.62708497,5.79684502e-06,,,
joint_fourier,10,train,-8.34036064,0.555977166,0.855912209,4.57535452e-06,,,
joint_fourier,10,validation,-8.38499069,0.553183198,0.858681202,4.60377123e-06,,,
joint_fourier,10,test,-8.32921696,0.562652826,0.854605734,4.63980768e-06,,,
joint_fourier,11,train,-8.36872196,0.453261018,0.910411239,2.79467417e-06,,,
joint_fourier,11,validation,-8.40974903,0.453088522,0.916461408,2.90204957e-06,,,
joint_fourier,11,test,-8.36389732,0.458317369,0.896797955,2.88182582e-06,,,
joint_fourier,12,train,-8.29024696,0.467705816,0.902041733,7.02544276e-06,,,
joint_fourier,12,validation,-8.33264351,0.467076689,0.90124464,6.99998691e-06,,,
joint_fourier,12,test,-8.28573227,0.473281175,0.911670148,7.07733216e-06,,,
joint_fourier,13,train,-8.33590317,0.343275636,0.696952045,4.03351669e-06,,,
joint_fourier,13,validation,-8.37270927,0.3416031,0.700753748,4.0668333e-06,,,
joint_fourier,13,test,-8.32561684,0.347079635,0.71165055,4.12362169e-06,,,
joint_fourier,14,train,-8.40516567,0.424565017,0.625462472,5.62379182e-06,,,
joint_fourier,14,validation,-8.44843769,0.423699826,0.628039896,5.58208558e-06,,,
joint_fourier,14,test,-8.39298725,0.428141743,0.629925609,5.65716255e-06,,,
joint_fourier,15,train,-8.33993721,0.444074661,0.691288054,5.91105891e-06,,,
joint_fourier,15,validation,-8.39222908,0.443756759,0.692808509,5.95053962e-06,,,
joint_fourier,15,test,-8.33715439,0.4492504,0.689744115,5.96163545e-06,,,
joint_fourier,16,train,-8.33295727,0.424558371,0.747986257,4.52992754e-06,,,
joint_fourier,16,validation,-8.37402344,0.424499989,0.747958124,4.492058e-06,,,
joint_fourier,16,test,-8.33267689,0.429564774,0.756581485,4.56967973e-06,,,
joint_fourier,17,train,-8.18867016,0.494607985,1.1220063,7.82005191e-06,,,
joint_fourier,17,validation,-8.23281384,0.494217813,1.11221468,7.84026997e-06,,,
joint_fourier,17,test,-8.1870079,0.500175476,1.14813066,7.95183678e-06,,,
joint_fourier,18,train,-8.36890602,0.482213378,0.581733584,6.27306918e-06,,,
joint_fourier,18,validation,-8.40822029,0.481972575,0.581536233,6.28625457e-06,,,
joint_fourier,18,test,-8.34327412,0.487787068,0.588701248,6.32632555e-06,,,
joint_fourier,19,train,-8.30716991,0.480415165,0.814451396,4.23249821e-06,,,
joint_fourier,19,validation,-8.34794044,0.479917765,0.814122021,4.30722275e-06,,,
joint_fourier,19,test,-8.29888916,0.48786816,0.820893645,4.35438915e-06,,,
joint_fourier,20,train,-8.37594032,0.4428325,0.534737647,7.39867255e-06,,,
joint_fourier,20,validation,-8.41182041,0.442504346,0.534186363,7.46224396e-06,,,
joint_fourier,20,test,-8.36689854,0.44751814,0.54411608,7.65278673e-06,,,
joint_fourier,21,train,-8.36369228,0.488282442,0.595257699,4.91365881e-06,,,
joint_fourier,21,validation,-8.41273689,0.487279892,0.597635925,5.04823629e-06,,,
joint_fourier,21,test,-8.36026764,0.495823294,0.594082832,5.04561831e-06,,,
joint_fourier,22,train,-8.46910763,0.437663436,0.52615422,5.79404377e-06,,,
joint_fourier,22,validation,-8.52757359,0.437664181,0.529208779,6.33954596e-06,,,
joint_fourier,22,test,-8.45890903,0.444362879,0.52344811,6.38945767e-06,,,
joint_fourier,23,train,-8.37903118,0.474070728,0.870271087,4.93461494e-06,,,
joint_fourier,23,validation,-8.43427086,0.47347337,0.87634474,4.99853331e-06,,,
joint_fourier,23,test,-8.38531113,0.479893565,0.855838239,5.03381398e-06,,,
joint_fourier,24,train,-8.39128113,0.471573532,0.64745599,5.97610324e-06,,,
joint_fourier,24,validation,-8.42663383,0.472088873,0.646864712,6.05066043e-06,,,
joint_fourier,24,test,-8.37271404,0.479183167,0.663410366,6.12268195e-06,,,
joint_fourier,25,train,-8.49293232,0.406517744,0.682543218,5.03333513e-06,,,
joint_fourier,25,validation,-8.52987766,0.405152798,0.680732369,5.07313325e-06,,,
joint_fourier,25,test,-8.47491932,0.411771566,0.702521443,5.09135316e-06,,,
joint_fourier,26,train,-8.34040928,0.504905641,0.528192282,5.63932281e-06,,,
joint_fourier,26,validation,-8.37659931,0.505022824,0.528191626,5.78668323e-06,,,
joint_fourier,26,test,-8.33386707,0.508911252,0.533666432,5.72824092e-06,,,
joint_fourier,27,train,-8.41088581,0.353248596,0.824513733,4.04703542e-06,,,
joint_fourier,27,validation,-8.44544697,0.352852464,0.822610736,4.24401105e-06,,,
joint_fourier,27,test,-8.40381432,0.35724473,0.848837852,4.09623635e-06,,,
joint_fourier,28,train,-8.27095222,0.539345205,0.585115135,6.10175539e-06,,,
joint_fourier,28,validation,-8.32083797,0.538566351,0.587495983,6.11707901e-06,,,
joint_fourier,28,test,-8.28120899,0.545815766,0.581844628,6.18661079e-06,,,
joint_fourier,29,train,-8.36092472,0.412421018,0.740997493,5.60148555e-06,,,
joint_fourier,29,validation,-8.40687752,0.410703331,0.744944811,5.6912927e-06,,,
joint_fourier,29,test,-8.3557415,0.416448444,0.735881507,5.6564636e-06,,,
split_fourier,0,train,-8.261248588562012,0.5969700813293457,0.8897413015365601,,1.0877736713155173e-05,,
split_fourier,0,validation,-8.299440383911133,0.5962449908256531,0.8989014029502869,,1.1243012522754725e-05,,
split_fourier,0,test,-8.259541511535645,0.5980885028839111,0.8828497529029846,,1.1206353519810364e-05,,
split_fourier,1,train,-8.331302642822266,0.6792669296264648,0.6956823468208313,,6.422328169719549e-06,,
split_fourier,1,validation,-8.3679838180542,0.6784230470657349,0.7054663896560669,,6.56957217870513e-06,,
split_fourier,1,test,-8.332794189453125,0.6821550130844116,0.6882469654083252,,6.437218416976975e-06,,
split_fourier,2,train,-8.332353591918945,0.678076982498169,0.6423028111457825,,1.0143715371668804e-05,,
split_fourier,2,validation,-8.378518104553223,0.6772509217262268,0.6385416388511658,,1.0426508197269868e-05,,
split_fourier,2,test,-8.337756156921387,0.679081916809082,0.6442506313323975,,1.0255917004542425e-05,,
split_fourier,3,train,-8.333505630493164,0.6020152568817139,0.5817785859107971,,7.600708613608731e-06,,
split_fourier,3,validation,-8.371818542480469,0.6011753082275391,0.5829143524169922,,7.335927421081578e-06,,
split_fourier,3,test,-8.329046249389648,0.603604257106781,0.598999559879303,,7.77748937252909e-06,,
split_fourier,4,train,-8.521577835083008,0.6856690049171448,0.692259669303894,,7.1328813646687195e-06,,
split_fourier,4,validation,-8.563611030578613,0.686087965965271,0.6956671476364136,,7.539075795648387e-06,,
split_fourier,4,test,-8.514509201049805,0.6882551908493042,0.6969048976898193,,7.642088348802645e-06,,
split_fourier,5,train,-8.306252479553223,0.6382233500480652,0.548130452632904,,9.168764336209279e-06,,
split_fourier,5,validation,-8.340826034545898,0.6380640864372253,0.5475860834121704,,9.298576514993329e-06,,
split_fourier,5,test,-8.303040504455566,0.6394774317741394,0.5484081506729126,,9.148210665443912e-06,,
split_fourier,6,train,-8.361519813537598,0.6049801111221313,0.6711506843566895,,1.1042654477932956e-05,,
split_fourier,6,validation,-8.396354675292969,0.6055232882499695,0.6790451407432556,,1.1105815246992279e-05,,
split_fourier,6,test,-8.356815338134766,0.6070520877838135,0.6713916063308716,,1.1099356015620288e-05,,
split_fourier,7,train,-8.346433639526367,0.5787805318832397,0.6225889325141907,,8.495516340190079e-06,,
split_fourier,7,validation,-8.388442993164062,0.579003095626831,0.6231177449226379,,8.476878974761348e-06,,
split_fourier,7,test,-8.339969635009766,0.5798107385635376,0.6181437373161316,,9.611596397007816e-06,,
split_fourier,8,train,-8.3199462890625,0.6153860688209534,0.6335508227348328,,4.503056516114157e-06,,
split_fourier,8,validation,-8.34969711303711,0.6152325868606567,0.6350129246711731,,5.862093075847952e-06,,
split_fourier,8,test,-8.31725025177002,0.617489218711853,0.6325559616088867,,5.373389740270795e-06,,
split_fourier,9,train,-8.375627517700195,0.6144212484359741,0.6000481843948364,,8.479283678752836e-06,,
split_fourier,9,validation,-8.409679412841797,0.6145910620689392,0.6025848388671875,,8.55845519254217e-06,,
split_fourier,9,test,-8.363741874694824,0.6162917613983154,0.6082984805107117,,8.528916623617988e-06,,
split_fourier,10,train,-8.346790313720703,0.7477225661277771,0.7345975637435913,,7.300975994439796e-06,,
split_fourier,10,validation,-8.39346981048584,0.7480855584144592,0.7381008863449097,,7.333775101869833e-06,,
split_fourier,10,test,-8.329320907592773,0.7493922114372253,0.7337728142738342,,7.343822744587669e-06,,
split_fourier,11,train,-8.371898651123047,0.6150989532470703,0.7721228003501892,,6.3893298829498235e-06,,
split_fourier,11,validation,-8.416377067565918,0.6143195033073425,0.7790144681930542,,6.559353096236009e-06,,
split_fourier,11,test,-8.370304107666016,0.6169428825378418,0.7548305988311768,,6.432268492062576e-06,,
split_fourier,12,train,-8.279877662658691,0.6400729417800903,0.6634264588356018,,7.710933459748048e-06,,
split_fourier,12,validation,-8.320088386535645,0.640239953994751,0.663223147392273,,9.906713785312604e-06,,
split_fourier,12,test,-8.27112865447998,0.6424480676651001,0.6696022748947144,,8.932786840887275e-06,,
split_fourier,13,train,-8.348184585571289,0.7212793827056885,0.6144139170646667,,5.92166588830878e-06,,
split_fourier,13,validation,-8.38647747039795,0.7203289270401001,0.6187462210655212,,6.033931185811525e-06,,
split_fourier,13,test,-8.341553688049316,0.7225481867790222,0.6270011067390442,,5.90545005252352e-06,,
split_fourier,14,train,-8.41479778289795,0.6553109884262085,0.5792585015296936,,8.279029316327069e-06,,
split_fourier,14,validation,-8.455446243286133,0.6550657153129578,0.5809236168861389,,8.380246981687378e-06,,
split_fourier,14,test,-8.407432556152344,0.6566123366355896,0.5825461745262146,,8.344419256900437e-06,,
split_fourier,15,train,-8.340879440307617,0.5869461894035339,0.6560593247413635,,1.0300061148882378e-05,,
split_fourier,15,validation,-8.387962341308594,0.5870712995529175,0.6596823334693909,,1.0257666872348636e-05,,
split_fourier,15,test,-8.345521926879883,0.5876476764678955,0.651177704334259,,1.0303568160452414e-05,,
split_fourier,16,train,-8.325222969055176,0.6160040497779846,0.6471797823905945,,5.632946795230964e-06,,
split_fourier,16,validation,-8.366438865661621,0.617493748664856,0.6489245891571045,,5.67998586120666e-06,,
split_fourier,16,test,-8.318408012390137,0.6181584000587463,0.6525628566741943,,5.734699243475916e-06,,
split_fourier,17,train,-8.198868751525879,0.5977024435997009,0.8677337765693665,,9.44319981499575e-06,,
split_fourier,17,validation,-8.237853050231934,0.5980241298675537,0.8608498573303223,,9.590386071067769e-06,,
split_fourier,17,test,-8.193270683288574,0.5995636582374573,0.8850746154785156,,9.535778190183919e-06,,
split_fourier,18,train,-8.365865707397461,0.5916377305984497,0.5521761178970337,,1.0086897418659646e-05,,
split_fourier,18,validation,-8.397677421569824,0.5928553342819214,0.5507940053939819,,1.0129883776244242e-05,,
split_fourier,18,test,-8.350506782531738,0.5938224792480469,0.5582724809646606,,1.0137185199710075e-05,,
split_fourier,19,train,-8.313218116760254,0.6526579856872559,0.6563555002212524,,6.542246865137713e-06,,
split_fourier,19,validation,-8.346393585205078,0.6521814465522766,0.6580060720443726,,6.649994247709401e-06,,
split_fourier,19,test,-8.30859088897705,0.6545286178588867,0.6634467840194702,,6.620046406169422e-06,,
split_fourier,20,train,-8.38275146484375,0.6363033056259155,0.5523260235786438,,7.878387805249076e-06,,
split_fourier,20,validation,-8.415596008300781,0.6369896531105042,0.5539922118186951,,7.902109246060718e-06,,
split_fourier,20,test,-8.37045955657959,0.6366492509841919,0.562714695930481,,7.898855983512476e-06,,
split_fourier,21,train,-8.34543228149414,0.6403920650482178,0.5047017931938171,,6.317780389508698e-06,,
split_fourier,21,validation,-8.391037940979004,0.6394604444503784,0.5064327716827393,,6.533262421726249e-06,,
split_fourier,21,test,-8.345444679260254,0.6433950662612915,0.5031547546386719,,6.423840659408597e-06,,
split_fourier,22,train,-8.458889961242676,0.624559760093689,0.48462411761283875,,7.932232620078139e-06,,
split_fourier,22,validation,-8.506559371948242,0.6247232556343079,0.4885101020336151,,7.704252311668824e-06,,
split_fourier,22,test,-8.445274353027344,0.6274842619895935,0.48215970396995544,,7.68412519391859e-06,,
split_fourier,23,train,-8.380281448364258,0.5961412787437439,0.812290370464325,,6.670741640846245e-06,,
split_fourier,23,validation,-8.432328224182129,0.5962393879890442,0.8189122676849365,,6.688606845273171e-06,,
split_fourier,23,test,-8.392003059387207,0.5975247621536255,0.7940048575401306,,6.678624231426511e-06,,
split_fourier,24,train,-8.396733283996582,0.6114934086799622,0.6240583062171936,,6.594188562303316e-06,,
split_fourier,24,validation,-8.430534362792969,0.6121141314506531,0.6238875389099121,,6.606495844607707e-06,,
split_fourier,24,test,-8.380575180053711,0.6141278743743896,0.6397536993026733,,7.798090337018948e-06,,
split_fourier,25,train,-8.471304893493652,0.6595929861068726,0.6863826513290405,,8.174017239070963e-06,,
split_fourier,25,validation,-8.505614280700684,0.6591249108314514,0.6855314373970032,,8.17769887362374e-06,,
split_fourier,25,test,-8.463821411132812,0.6621140837669373,0.7086890339851379,,8.19329397927504e-06,,
split_fourier,26,train,-8.348478317260742,0.6486971974372864,0.4857092499732971,,8.012479156604968e-06,,
split_fourier,26,validation,-8.383054733276367,0.6486733555793762,0.48630547523498535,,8.15926705399761e-06,,
split_fourier,26,test,-8.34067440032959,0.6510515809059143,0.49041274189949036,,8.148908818839118e-06,,
split_fourier,27,train,-8.40164852142334,0.6198800206184387,0.8170354962348938,,6.20382570559741e-06,,
split_fourier,27,validation,-8.436956405639648,0.6205220818519592,0.8163478970527649,,6.4632522480678745e-06,,
split_fourier,27,test,-8.39417552947998,0.6209792494773865,0.8421082496643066,,6.243210009415634e-06,,
split_fourier,28,train,-8.307751655578613,0.7007761001586914,0.5030315518379211,,1.0025455594586674e-05,,
split_fourier,28,validation,-8.360998153686523,0.7010155320167542,0.5049865245819092,,1.0035925697593484e-05,,
split_fourier,28,test,-8.319534301757812,0.7025487422943115,0.49890947341918945,,1.0009935067500919e-05,,
split_fourier,29,train,-8.367890357971191,0.6043824553489685,0.6494743824005127,,7.37311484044767e-06,,
split_fourier,29,validation,-8.409224510192871,0.6040108799934387,0.6530944108963013,,8.826003977446817e-06,,
split_fourier,29,test,-8.358860969543457,0.6050039529800415,0.6456964015960693,,8.35487026051851e-06,,
arff,0,train,-8.932332992553711,0.909792959690094,0.11391051113605499,-0.15487827360630035,,0.468099981546402,
arff,0,validation,-8.9677095413208,0.9118586182594299,0.11188022792339325,-0.13486428558826447,,0.468099981546402,
arff,0,test,-8.944207191467285,0.9129429459571838,0.11329804360866547,-0.13500073552131653,,0.4635999798774719,
arff,1,train,-8.891815185546875,0.9866438508033752,0.11790874600410461,-0.20836518704891205,,0.45080000162124634,
arff,1,validation,-8.925857543945312,0.9968003034591675,0.11612147092819214,-0.19459384679794312,,0.4488999843597412,
arff,1,test,-8.9095458984375,0.9971029758453369,0.11775513738393784,-0.19451944530010223,,0.44859999418258667,
arff,2,train,-8.827515602111816,0.7128798365592957,0.11801489442586899,-0.19714626669883728,,0.4416874945163727,
arff,2,validation,-8.849722862243652,0.7102010846138,0.11639881134033203,-0.17570123076438904,,0.4398999810218811,
arff,2,test,-8.84109878540039,0.7163335084915161,0.11728116869926453,-0.18087440729141235,,0.44039997458457947,
arff,3,train,-8.950087547302246,0.7967752814292908,0.11457668244838715,-0.17248013615608215,,0.46373748779296875,
arff,3,validation,-8.972285270690918,0.7968208193778992,0.11280195415019989,-0.16512465476989746,,0.45669999718666077,
arff,3,test,-8.975495338439941,0.7995396256446838,0.11402643471956253,-0.16407984495162964,,0.46799999475479126,
arff,4,train,-8.83080768585205,0.7325204610824585,0.11712861806154251,-0.19067791104316711,,0.4661625027656555,
arff,4,validation,-8.83108901977539,0.738656222820282,0.11568150669336319,-0.1722792536020279,,0.4643999934196472,
arff,4,test,-8.821181297302246,0.7335319519042969,0.11694329977035522,-0.16901665925979614,,0.459199994802475,
arff,5,train,-8.969606399536133,0.6466735005378723,0.11161968111991882,-0.17720213532447815,,0.44337499141693115,
arff,5,validation,-8.98586368560791,0.650152862071991,0.10944098234176636,-0.17690961062908173,,0.4377000033855438,
arff,5,test,-9.000955581665039,0.6517622470855713,0.1112590804696083,-0.17236445844173431,,0.4493999779224396,
arff,6,train,-8.913127899169922,1.1557793617248535,0.11690464615821838,-0.20535908639431,,0.4680500030517578,
arff,6,validation,-8.931601524353027,1.1625072956085205,0.11480633169412613,-0.20346111059188843,,0.4666999876499176,
arff,6,test,-8.946840286254883,1.16201651096344,0.1165558323264122,-0.20387499034404755,,0.47099998593330383,
arff,7,train,-8.838062286376953,1.055057406425476,0.11035685986280441,-0.19122013449668884,,0.4592749774456024,
arff,7,validation,-8.850872039794922,1.058104395866394,0.10846859216690063,-0.17343702912330627,,0.4593999981880188,
arff,7,test,-8.833812713623047,1.0619094371795654,0.11055788397789001,-0.1678006947040558,,0.45899999141693115,
arff,8,train,-8.830865859985352,0.6311309933662415,0.11186884343624115,-0.176315039396286,,0.43219998478889465,
arff,8,validation,-8.855537414550781,0.6290205717086792,0.10990142077207565,-0.15237045288085938,,0.4294999837875366,
arff,8,test,-8.855941772460938,0.6327344179153442,0.11174273490905762,-0.17090976238250732,,0.43779999017715454,
arff,9,train,-8.941944122314453,0.9112899303436279,0.11529823392629623,-0.18683823943138123,,0.46267497539520264,
arff,9,validation,-8.956920623779297,0.9133093953132629,0.11344043910503387,-0.18415124714374542,,0.46389999985694885,
arff,9,test,-8.951507568359375,0.9148682951927185,0.11482177674770355,-0.1779114305973053,,0.4558999836444855,
arff,10,train,-8.838040351867676,0.7075929641723633,0.11580464988946915,-0.14946003258228302,,0.46959999203681946,
arff,10,validation,-8.853677749633789,0.7085003852844238,0.11399431526660919,-0.14923299849033356,,0.46619999408721924,
arff,10,test,-8.858662605285645,0.7114456295967102,0.114859439432621,-0.14932358264923096,,0.47279998660087585,
arff,11,train,-8.95199203491211,0.7128192186355591,0.11114801466464996,-0.16157138347625732,,0.4612874984741211,
arff,11,validation,-8.988789558410645,0.7081913948059082,0.10945530235767365,-0.1447317898273468,,0.45819997787475586,
arff,11,test,-8.960076332092285,0.7112487554550171,0.1110738068819046,-0.13897605240345,,0.4602999985218048,
arff,12,train,-8.899375915527344,1.1485342979431152,0.11530185490846634,-0.18991892039775848,,0.4487375020980835,
arff,12,validation,-8.951187133789062,1.1541329622268677,0.11332358419895172,-0.18941053748130798,,0.44599997997283936,
arff,12,test,-8.912466049194336,1.1518371105194092,0.1149221733212471,-0.18766728043556213,,0.4488999843597412,
arff,13,train,-8.81740951538086,1.0216960906982422,0.11431251466274261,-0.1786247342824936,,0.4513624906539917,
arff,13,validation,-8.834721565246582,1.030583143234253,0.11260387301445007,-0.16832779347896576,,0.4509999752044678,
arff,13,test,-8.81551742553711,1.0319876670837402,0.11386755853891373,-0.1721600890159607,,0.4504999816417694,
arff,14,train,-8.80894947052002,0.9453473687171936,0.11708863824605942,-0.18392087519168854,,0.4562374949455261,
arff,14,validation,-8.84480094909668,0.9536938071250916,0.11571945995092392,-0.18315936625003815,,0.45419999957084656,
arff,14,test,-8.845775604248047,0.951714038848877,0.11639048904180527,-0.18316738307476044,,0.45639997720718384,
arff,15,train,-8.892840385437012,0.7060988545417786,0.1168413758277893,-0.14351442456245422,,0.4586374759674072,
arff,15,validation,-8.920557975769043,0.7066602110862732,0.11514031141996384,-0.14300140738487244,,0.4601999819278717,
arff,15,test,-8.917680740356445,0.7067585587501526,0.1167832687497139,-0.14147990942001343,,0.4601999819278717,
arff,16,train,-8.695940017700195,0.7511014342308044,0.11901285499334335,-0.23890435695648193,,0.4416249990463257,
arff,16,validation,-8.680891990661621,0.755828857421875,0.11743728071451187,-0.223829448223114,,0.43869999051094055,
arff,16,test,-8.695746421813965,0.7555727958679199,0.11830045282840729,-0.1946774125099182,,0.44110000133514404,
arff,17,train,-8.84128475189209,0.6934696435928345,0.113311767578125,-0.14076697826385498,,0.4553374946117401,
arff,17,validation,-8.861083030700684,0.6932438611984253,0.11121664196252823,-0.14034447073936462,,0.44759997725486755,
arff,17,test,-8.857766151428223,0.6937564015388489,0.11348813027143478,-0.13751783967018127,,0.4584999978542328,
arff,18,train,-8.856698989868164,0.7321969270706177,0.11474739015102386,-0.1777697503566742,,0.4599999785423279,
arff,18,validation,-8.879197120666504,0.7339577674865723,0.11294624209403992,-0.1774987280368805,,0.4536999762058258,
arff,18,test,-8.831450462341309,0.7358742356300354,0.11415659636259079,-0.1771005094051361,,0.4542999863624573,
arff,19,train,-8.998946189880371,0.7367613315582275,0.11286807805299759,-0.1590968668460846,,0.4571249783039093,
arff,19,validation,-9.0299711227417,0.7419365048408508,0.11083759367465973,-0.15756753087043762,,0.45089998841285706,
arff,19,test,-9.035924911499023,0.7365716695785522,0.11248848587274551,-0.15849409997463226,,0.45829999446868896,
arff,20,train,-8.972463607788086,1.1216444969177246,0.11459547281265259,-0.1740597039461136,,0.4502749741077423,
arff,20,validation,-8.978944778442383,1.1314735412597656,0.11251018196344376,-0.16882465779781342,,0.44529998302459717,
arff,20,test,-8.988597869873047,1.1249446868896484,0.11465784907341003,-0.15476782619953156,,0.45239999890327454,
arff,21,train,-8.86315631866455,2.412288188934326,0.11583080887794495,-0.16990478336811066,,0.42863747477531433,
arff,21,validation,-8.890947341918945,2.4316203594207764,0.11435435712337494,-0.1686081737279892,,0.43320000171661377,
arff,21,test,-8.876962661743164,2.403005599975586,0.1153813824057579,-0.16729126870632172,,0.4291999936103821,
arff,22,train,-8.903770446777344,0.6167637705802917,0.11269980669021606,-0.166102334856987,,0.44536247849464417,
arff,22,validation,-8.949223518371582,0.6185095906257629,0.11069846153259277,-0.16535146534442902,,0.4486999809741974,
arff,22,test,-8.911946296691895,0.6178089380264282,0.11248988658189774,-0.165564626455307,,0.4423999786376953,
arff,23,train,-8.937167167663574,2.371976137161255,0.11444695293903351,-0.1702854186296463,,0.4581874907016754,
arff,23,validation,-8.968716621398926,2.393460750579834,0.11250073462724686,-0.16845861077308655,,0.45399999618530273,
arff,23,test,-8.973648071289062,2.3654327392578125,0.11387559026479721,-0.16218772530555725,,0.4554999768733978,
arff,24,train,-8.928893089294434,0.7296841740608215,0.11132773756980896,-0.14633603394031525,,0.47391247749328613,
arff,24,validation,-8.960465431213379,0.736225426197052,0.10933016240596771,-0.1463574767112732,,0.4668999910354614,
arff,24,test,-8.943662643432617,0.7303064465522766,0.11085116118192673,-0.1464061439037323,,0.4649999737739563,
arff,25,train,-8.912126541137695,0.9236076474189758,0.11283884942531586,-0.18568956851959229,,0.47472497820854187,
arff,25,validation,-8.923821449279785,0.9284663200378418,0.11130336672067642,-0.18674322962760925,,0.4705999791622162,
arff,25,test,-8.934243202209473,0.9282591938972473,0.11304031312465668,-0.18510769307613373,,0.4659999907016754,
arff,26,train,-8.791857719421387,1.280296802520752,0.11309293657541275,-0.21989397704601288,,0.46523749828338623,
arff,26,validation,-8.830163955688477,1.2877520322799683,0.11198066174983978,-0.19881728291511536,,0.4667999744415283,
arff,26,test,-8.832651138305664,1.2777544260025024,0.11305702477693558,-0.21605895459651947,,0.4624999761581421,
arff,27,train,-8.943609237670898,1.0046006441116333,0.11587213724851608,-0.16050700843334198,,0.45794999599456787,
arff,27,validation,-8.958353996276855,1.0097495317459106,0.11448892205953598,-0.1577650010585785,,0.4575999975204468,
arff,27,test,-8.956354141235352,1.0059770345687866,0.11591556668281555,-0.16092321276664734,,0.4585999846458435,
arff,28,train,-8.907853126525879,0.832062304019928,0.10939943790435791,-0.18523240089416504,,0.453249990940094,
arff,28,validation,-8.939913749694824,0.8325783014297485,0.10720060020685196,-0.16378866136074066,,0.46469998359680176,
arff,28,test,-8.91179084777832,0.8374581933021545,0.10924062877893448,-0.16715256869792938,,0.45809999108314514,
arff,29,train,-8.788034439086914,0.9341163635253906,0.11501584202051163,-0.26074787974357605,,0.4420875012874603,
arff,29,validation,-8.808368682861328,0.9360486268997192,0.11382980644702911,-0.26098260283470154,,0.4350999891757965,
arff,29,test,-8.791089057922363,0.9346274733543396,0.11532137542963028,-0.25728902220726013,,0.4408999979496002,
joint_mlp,0,train,-9.77661324,0.21245952,0.443718642,1.38872356e-05,,,
joint_mlp,0,validation,-9.81374836,0.212318033,0.453208983,1.38850683e-05,,,
joint_mlp,0,test,-9.77931023,0.212055415,0.435268551,1.39197855e-05,,,
joint_mlp,1,train,-9.97673798,0.179423273,0.24872613,1.644435e-05,,,
joint_mlp,1,validation,-10.0270185,0.179596528,0.24267076,1.64586581e-05,,,
joint_mlp,1,test,-9.99488735,0.178322077,0.252955943,1.64803241e-05,,,
joint_mlp,2,train,-9.67572117,0.248733431,0.302718431,9.85579391e-06,,,
joint_mlp,2,validation,-9.71314335,0.248262033,0.308100998,9.9067347e-06,,,
joint_mlp,2,test,-9.67688847,0.250452608,0.30343315,9.89133878e-06,,,
joint_mlp,3,train,-9.77390099,0.177740812,0.287080824,1.00351153e-05,,,
joint_mlp,3,validation,-9.81860256,0.177637115,0.283324033,1.00514617e-05,,,
joint_mlp,3,test,-9.77584362,0.180677325,0.295591086,1.02155582e-05,,,
joint_mlp,4,train,-9.66122913,0.185277849,0.292739689,1.5914613e-05,,,
joint_mlp,4,validation,-9.68820953,0.185855612,0.289776564,1.58921484e-05,,,
joint_mlp,4,test,-9.64590168,0.188488036,0.296853036,1.60264899e-05,,,
joint_mlp,5,train,-9.79616547,0.15591,0.2584396,1.47393685e-05,,,
joint_mlp,5,validation,-9.83833599,0.155989006,0.259888709,1.47704459e-05,,,
joint_mlp,5,test,-9.81828785,0.15523988,0.262958556,1.47907958e-05,,,
joint_mlp,6,train,-10.1583796,0.103681736,0.275774181,9.95208484e-06,,,
joint_mlp,6,validation,-10.1746626,0.10349229,0.274415582,9.99031727e-06,,,
joint_mlp,6,test,-10.1542463,0.103753589,0.278710872,9.97766892e-06,,,
joint_mlp,7,train,-9.7227993,0.230906904,0.37528196,8.73466979e-06,,,
joint_mlp,7,validation,-9.76630402,0.229979768,0.38726002,8.84149267e-06,,,
joint_mlp,7,test,-9.74438858,0.228503376,0.37225017,8.92229036e-06,,,
joint_mlp,8,train,-10.1298227,0.137920082,0.211512566,1.09083276e-05,,,
joint_mlp,8,validation,-10.1620302,0.137785047,0.209086761,1.09622852e-05,,,
joint_mlp,8,test,-10.1455173,0.136982024,0.211782351,1.09166258e-05,,,
joint_mlp,9,train,-10.0717325,0.101487078,0.238756001,9.42449424e-06,,,
joint_mlp,9,validation,-10.1026525,0.101627953,0.238038138,9.46808541e-06,,,
joint_mlp,9,test,-10.0570173,0.101420224,0.23845087,9.44841577e-06,,,
joint_mlp,10,train,-9.76000786,0.145016328,0.204752043,1.36063372e-05,,,
joint_mlp,10,validation,-9.80426502,0.144769117,0.205103308,1.36468116e-05,,,
joint_mlp,10,test,-9.74897003,0.144571379,0.206324443,1.36464405e-05,,,
joint_mlp,11,train,-9.95555305,0.185172647,0.393119812,9.62057948e-06,,,
joint_mlp,11,validation,-9.99251175,0.184628606,0.389621586,9.78370099e-06,,,
joint_mlp,11,test,-9.96540737,0.182975665,0.397016466,9.98232463e-06,,,
joint_mlp,12,train,-9.76773834,0.217961565,0.415585399,8.00444195e-06,,,
joint_mlp,12,validation,-9.80722046,0.217543662,0.410716653,8.22770016e-06,,,
joint_mlp,12,test,-9.76716232,0.221162677,0.4255687,8.33394006e-06,,,
joint_mlp,13,train,-9.99174023,0.13866815,0.256170601,1.39899403e-05,,,
joint_mlp,13,validation,-10.0181885,0.138740495,0.252821386,1.39772674e-05,,,
joint_mlp,13,test,-9.99460888,0.14153704,0.256437123,1.40247957e-05,,,
joint_mlp,14,train,-10.0932379,0.151684344,0.190557286,1.28349784e-05,,,
joint_mlp,14,validation,-10.1376238,0.151667446,0.190246567,1.28960019e-05,,,
joint_mlp,14,test,-10.0936365,0.150773436,0.191412091,1.2978524e-05,,,
joint_mlp,15,train,-9.92035007,0.21316269,0.256190389,1.03617831e-05,,,
joint_mlp,15,validation,-9.94428825,0.212980717,0.250592202,1.04619248e-05,,,
joint_mlp,15,test,-9.91018391,0.216446057,0.260740876,1.04718001e-05,,,
joint_mlp,16,train,-10.0120153,0.171054095,0.302293748,9.02952888e-06,,,
joint_mlp,16,validation,-10.0590696,0.171228915,0.299699575,9.04170156e-06,,,
joint_mlp,16,test,-10.0338984,0.173076704,0.307973325,9.20237835e-06,,,
joint_mlp,17,train,-9.86197948,0.150222808,0.395574927,1.28864458e-05,,,
joint_mlp,17,validation,-9.89361858,0.150102332,0.38738656,1.33069288e-05,,,
joint_mlp,17,test,-9.85315895,0.152010351,0.41243425,1.29930413e-05,,,
joint_mlp,18,train,-9.90297985,0.122364946,0.278431803,7.57416319e-06,,,
joint_mlp,18,validation,-9.92667389,0.123109937,0.278952539,7.69432336e-06,,,
joint_mlp,18,test,-9.88466263,0.124267265,0.281613111,7.59367276e-06,,,
joint_mlp,19,train,-10.1094713,0.0832860917,0.205037996,1.02063741e-05,,,
joint_mlp,19,validation,-10.1443386,0.0834545121,0.20502013,1.02410158e-05,,,
joint_mlp,19,test,-10.0897512,0.083053492,0.204837233,1.0242411e-05,,,
joint_mlp,20,train,-10.1462545,0.169245541,0.242366612,1.57322829e-05,,,
joint_mlp,20,validation,-10.1801672,0.169455722,0.241294757,1.57952763e-05,,,
joint_mlp,20,test,-10.1553526,0.168448776,0.240217656,1.57871691e-05,,,
joint_mlp,21,train,-10.0435486,0.174078912,0.270222008,1.34235879e-05,,,
joint_mlp,21,validation,-10.0815516,0.17428264,0.268883377,1.35082219e-05,,,
joint_mlp,21,test,-10.0432825,0.173467249,0.268857896,1.36822209e-05,,,
joint_mlp,22,train,-10.260458,0.0762218311,0.280679464,1.42283843e-05,,,
joint_mlp,22,validation,-10.3035841,0.0759282261,0.283459693,1.42355248e-05,,,
joint_mlp,22,test,-10.2832937,0.0758527517,0.279619992,1.42662693e-05,,,
joint_mlp,23,train,-9.97766972,0.119882025,0.284724861,9.54112602e-06,,,
joint_mlp,23,validation,-10.0286779,0.119986206,0.280174375,9.57572502e-06,,,
joint_mlp,23,test,-9.96067429,0.119649902,0.287688345,9.62482682e-06,,,
joint_mlp,24,train,-9.9801712,0.137854338,0.228910863,1.29504679e-05,,,
joint_mlp,24,validation,-10.0250845,0.137094364,0.228483096,1.29713308e-05,,,
joint_mlp,24,test,-9.98451424,0.136938751,0.227921396,1.29885439e-05,,,
joint_mlp,25,train,-10.0125017,0.18846184,0.228822678,9.38963603e-06,,,
joint_mlp,25,validation,-10.0556993,0.18777512,0.227155045,9.60601119e-06,,,
joint_mlp,25,test,-10.0137663,0.187780753,0.230453864,9.47366971e-06,,,
joint_mlp,26,train,-9.87890244,0.182095081,0.339334041,1.18052467e-05,,,
joint_mlp,26,validation,-9.89365482,0.181890577,0.333223134,1.18060743e-05,,,
joint_mlp,26,test,-9.89204311,0.184422404,0.352627754,1.18328471e-05,,,
joint_mlp,27,train,-9.86436844,0.148080528,0.457922697,1.09750972e-05,,,
joint_mlp,27,validation,-9.90921021,0.147910863,0.452112049,1.14402128e-05,,,
joint_mlp,27,test,-9.86841679,0.149198592,0.495833367,1.11575036e-05,,,
joint_mlp,28,train,-10.3876696,0.0931671336,0.186852545,8.17885757e-06,,,
joint_mlp,28,validation,-10.4453468,0.0932305157,0.184708357,8.20485002e-06,,,
joint_mlp,28,test,-10.4160852,0.0928929523,0.199942768,8.23521987e-06,,,
joint_mlp,29,train,-9.9780674,0.165173233,0.212691233,1.2584107e-05,,,
joint_mlp,29,validation,-10.0082436,0.165160015,0.21034798,1.26157638e-05,,,
joint_mlp,29,test,-9.99066734,0.164546773,0.213567823,1.25989282e-05,,,
split_mlp,0,train,-10.004753364562989,0.6520599458438473,0.2413189845507813,,2.2999802240519784e-05,,0.0
split_mlp,0,validation,-10.034659956359864,0.6489841132500547,0.23811266595076266,,2.2942494979361072e-05,,0.0
split_mlp,0,test,-10.032931695556641,0.6494220545562083,0.24042673269754014,,2.306060923729092e-05,,0.0
split_mlp,1,train,-10.04719965057373,0.7766545175539827,0.2389380700798811,,2.7459203920443542e-05,,0.0
split_mlp,1,validation,-10.090162817382813,0.7715772745587727,0.23645559095029353,,2.747559301496949e-05,,0.0
split_mlp,1,test,-10.069765106201173,0.7713322766671219,0.23726156120044428,,2.760401912382804e-05,,0.0
split_mlp,2,train,-9.839116242980957,1.0574103010075253,0.31665980739376764,,2.094229967042338e-05,,0.0
split_mlp,2,validation,-9.885421737670898,1.047582325639698,0.3201904846108865,,2.1011384887970053e-05,,0.0
split_mlp,2,test,-9.849246542358399,1.0426346770768484,0.3188511549189673,,2.1002171706641093e-05,,0.0
split_mlp,3,train,-10.114448686218262,0.7284143718037525,0.16639702971577439,,2.7256139219389297e-05,,0.0
split_mlp,3,validation,-10.159881324768067,0.7244981948783729,0.16695785724487394,,2.732155189733021e-05,,0.0
split_mlp,3,test,-10.145652774047852,0.7209595206654851,0.16784273272760575,,2.7437927201390266e-05,,0.0
split_mlp,4,train,-10.257038914489746,0.8555376372521809,0.19656884427760735,,2.3729573513264768e-05,,0.0
split_mlp,4,validation,-10.296470770263673,0.8522947896528632,0.19804751977881424,,2.437573130009696e-05,,0.0
split_mlp,4,test,-10.290649137878418,0.8464578513379991,0.19717194505411895,,2.3825992684578523e-05,,0.0
split_mlp,5,train,-10.476352416992187,0.8130808431312768,0.1744108214294677,,2.6234440156258643e-05,,0.0
split_mlp,5,validation,-10.50928357849121,0.8078301494603513,0.1631206569605649,,2.6299538149032742e-05,,0.0
split_mlp,5,test,-10.499013008117675,0.8036871586530602,0.1690361477703209,,2.6372918000561185e-05,,0.0
split_mlp,6,train,-10.096854258728028,0.7779987349521528,0.19182173936508184,,2.252524791401811e-05,,0.0
split_mlp,6,validation,-10.136503450012206,0.774310860448462,0.18972619538920943,,2.2643787815468386e-05,,0.0
split_mlp,6,test,-10.082277947998048,0.7696411245053496,0.19413786265816815,,2.2712938516633585e-05,,0.0
split_mlp,7,train,-10.205733169555664,0.8062916739525581,0.15831411997120676,,2.2705069568473846e-05,,0.0
split_mlp,7,validation,-10.233153962707519,0.8002643229552878,0.15764340780967698,,2.2937978428672068e-05,,0.0
split_mlp,7,test,-10.212306355285644,0.7942986901370007,0.15866207938106966,,2.2998285203357227e-05,,0.0
split_mlp,8,train,-10.242094422912597,0.6599960932043806,0.21398330423656453,,2.5107103283517063e-05,,0.0
split_mlp,8,validation,-10.283749269104003,0.655140140497013,0.21297446051351523,,2.5160830773529597e-05,,0.0
split_mlp,8,test,-10.238871624755859,0.6582514799033851,0.21490184717557503,,2.5168003048747778e-05,,0.0
split_mlp,9,train,-10.246326063537598,0.9786995942804575,0.18478459703564715,,4.179236930212937e-05,,0.0
split_mlp,9,validation,-10.282783122253418,0.9761226582937604,0.18106845398150542,,4.18808740505483e-05,,0.0
split_mlp,9,test,-10.275648408508301,0.9664234539093788,0.18492559256412852,,4.18691779486835e-05,,0.0
split_mlp,10,train,-10.036943371582032,0.9853494592163966,0.16801323946199231,,2.024696732405573e-05,,0.0
split_mlp,10,validation,-10.087181204223633,0.9811211184610867,0.16699010597952696,,2.0753701392095536e-05,,0.0
split_mlp,10,test,-10.057333641052246,0.9744659630041397,0.1691582459441325,,2.052559648291208e-05,,0.0
split_mlp,11,train,-10.077938441467285,0.8713684499609625,0.18107050030902788,,2.9708893634960987e-05,,0.0
split_mlp,11,validation,-10.118292135620116,0.867747297902095,0.17868146809423296,,2.9971650292281993e-05,,0.0
split_mlp,11,test,-10.06716724243164,0.8640795686148918,0.18208615993232696,,2.9757220545434393e-05,,0.0
split_mlp,12,train,-9.859380325317384,0.6249364365049496,0.2692074535534697,,3.0031855203560553e-05,,0.0
split_mlp,12,validation,-9.896528735351563,0.6219563449733729,0.2736585625435968,,3.0313995011965744e-05,,0.0
split_mlp,12,test,-9.906723500061036,0.622901289495859,0.2566775719322532,,3.091408507316373e-05,,0.0
split_mlp,13,train,-10.35671875,0.6253396020455645,0.15855935188887368,,3.032552012882661e-05,,0.0
split_mlp,13,validation,-10.398732481384277,0.622028246304545,0.1554869927269808,,3.0463736038655043e-05,,0.0
split_mlp,13,test,-10.381203074645995,0.6231662951536748,0.15906534339093165,,3.0345365303219296e-05,,0.0
split_mlp,14,train,-10.253540415954589,0.7328020248864061,0.18659364634320838,,2.5498547984170727e-05,,0.0
split_mlp,14,validation,-10.287631701660157,0.7293988216803957,0.18615368539684868,,2.5520801500533707e-05,,0.0
split_mlp,14,test,-10.266559408569336,0.727598193982855,0.19038670868540303,,2.5567509510437958e-05,,0.0
split_mlp,15,train,-9.954493913269044,0.5184398835317752,0.3767935110899974,,2.898436832765583e-05,,0.0
split_mlp,15,validation,-9.98847029876709,0.5133528021835292,0.39398094663055244,,2.892146585509181e-05,,0.0
split_mlp,15,test,-9.999351547241211,0.5173222932085848,0.360239541950381,,2.8970867788302712e-05,,0.0
split_mlp,16,train,-9.677646971130372,0.6717209730730828,0.379690493126525,,1.8669867131393403e-05,,0.0
split_mlp,16,validation,-9.72519783630371,0.6691590945637815,0.37673977506899864,,1.8865204765461385e-05,,0.0
split_mlp,16,test,-9.685031971740722,0.6677001763835579,0.38392115640937247,,1.893187072710134e-05,,0.0
split_mlp,17,train,-10.498215547180175,0.6818716554173462,0.16120563363453805,,2.909663635364268e-05,,0.0
split_mlp,17,validation,-10.52622806854248,0.6782232292780725,0.15915366257011374,,2.9113029086147435e-05,,0.0
split_mlp,17,test,-10.523851319885253,0.6790679356466537,0.16306609518892234,,2.9148430257919244e-05,,0.0
split_mlp,18,train,-9.6339991897583,0.7303779771588074,0.21980493710487126,,1.5279454601113684e-05,,0.0
split_mlp,18,validation,-9.681859757995605,0.7286455081410266,0.21640956581509202,,1.548217005620245e-05,,0.0
split_mlp,18,test,-9.633397718811036,0.7278187565402577,0.22093732289404922,,1.6023761418182403e-05,,0.0
split_mlp,19,train,-10.045537167358399,0.6784564428915448,0.17965563731641274,,4.481754876906052e-05,,0.0
split_mlp,19,validation,-10.087492852783203,0.675321785475239,0.17853036274310438,,4.490178616833873e-05,,0.0
split_mlp,19,test,-10.048556292724609,0.6747397362780626,0.18086705169309808,,4.4939184590475634e-05,,0.0
split_mlp,20,train,-10.269032243347167,0.8323576045190512,0.17034478920222898,,2.2386830096365884e-05,,0.0
split_mlp,20,validation,-10.308799282836913,0.8303014935126393,0.17093045890016387,,2.2449714379035868e-05,,0.0
split_mlp,20,test,-10.287254177856445,0.8238772120371426,0.17000373956579548,,2.244289316877257e-05,,0.0
split_mlp,21,train,-10.126312873840332,0.47323436787562695,0.2163811060675171,,3.2947333238553256e-05,,0.0
split_mlp,21,validation,-10.180995541381836,0.4695671012522756,0.21219964104325348,,3.295295755378902e-05,,0.0
split_mlp,21,test,-10.150806185913085,0.47463389132974215,0.21355763898258623,,3.298948649899103e-05,,0.0
split_mlp,22,train,-10.033907084655763,0.7838685349505282,0.23063809206382788,,1.4170048416417558e-05,,0.0
split_mlp,22,validation,-10.064416227722168,0.7800607883111091,0.2310869545615855,,1.4512059351545759e-05,,0.0
split_mlp,22,test,-10.032967504882812,0.7748406984535346,0.23487388034705323,,1.4340904272103216e-05,,0.0
split_mlp,23,train,-10.376951805114746,0.42470781066560065,0.19838394375683766,,1.8152322809328325e-05,,0.0
split_mlp,23,validation,-10.420357046508789,0.42291019700079785,0.1954694044168176,,1.8179218386649154e-05,,0.0
split_mlp,23,test,-10.39819429321289,0.42630699645160414,0.1999353201632901,,1.8846838429453783e-05,,0.0
split_mlp,24,train,-10.038105821228028,0.6955726805070659,0.18826046612578515,,3.365096199559048e-05,,0.0
split_mlp,24,validation,-10.075659120178223,0.6926567954503995,0.18746089041681815,,3.370356353116222e-05,,0.0
split_mlp,24,test,-10.041352326965333,0.6946293545793922,0.18784588798767896,,3.38818717864342e-05,,0.0
split_mlp,25,train,-10.25317331237793,0.6560051100295908,0.23832081394135712,,3.763836502912454e-05,,0.0
split_mlp,25,validation,-10.287934301757813,0.6542849989495557,0.22507765802231763,,3.7627443816745654e-05,,0.0
split_mlp,25,test,-10.268429316711426,0.6517821702438472,0.22801055463620076,,3.789882248383947e-05,,0.0
split_mlp,26,train,-10.206331726074218,0.6952991907837575,0.25992337352473754,,2.071277776849456e-05,,0.0
split_mlp,26,validation,-10.238296270751952,0.6919994395512297,0.2701148222930185,,2.0784214939340018e-05,,0.0
split_mlp,26,test,-10.243894161987305,0.6918496251345745,0.2501505382732778,,2.0805649910471402e-05,,0.0
split_mlp,27,train,-9.970047985839845,0.807331532184559,0.22649036306404105,,1.9543906091712415e-05,,0.0
split_mlp,27,validation,-10.019389610290528,0.8044094294209732,0.22862017469062615,,1.966489799087867e-05,,0.0
split_mlp,27,test,-10.009673384094238,0.8026370741469131,0.22410589320504057,,1.9655964933917858e-05,,0.0
split_mlp,28,train,-10.329054698181153,0.6392252785753588,0.20634036074107492,,2.8900623874505982e-05,,0.0
split_mlp,28,validation,-10.381581866455079,0.6366660525933211,0.2039826692482705,,2.8986896722926758e-05,,0.0
split_mlp,28,test,-10.350283755493164,0.6389109742210157,0.20816217253451524,,2.8902086341986433e-05,,0.0
split_mlp,29,train,-9.706579412841798,0.678802387367191,0.41436341531119864,,3.6956520489184186e-05,,0.0
split_mlp,29,validation,-9.74919808959961,0.6759580210782639,0.410684338275153,,3.703105539898388e-05,,0.0
split_mlp,29,test,-9.737517945861816,0.6701511469030239,0.40788471697147627,,3.7053352571092546e-05,,0.0
