K,N,dataset_root,h,method,seed,study,variant,parameters,algorithm_time,best_epoch,train_nll,train_drift_rmse,train_covariance_rmse,train_min_raw_eigenvalue,validation_nll,validation_drift_rmse,validation_covariance_rmse,validation_min_raw_eigenvalue,test_nll,test_drift_rmse,test_covariance_rmse,test_min_raw_eigenvalue,final_drift_best_epoch,covariance_best_epoch,train_min_covariance_eig,validation_min_covariance_eig,test_min_covariance_eig,final_drift_best_iteration,covariance_best_iteration,train_raw_spd_violation_rate,validation_raw_spd_violation_rate,test_raw_spd_violation_rate,train_numerical_nonpositive_eig_rate,validation_numerical_nonpositive_eig_rate,test_numerical_nonpositive_eig_rate
64,640000,dataset_roots/N_640000/h_0.0001,0.0001,joint_fourier,0,regime_capacity,h_0.0001,896,830.2397209729534,298,-8.75426674,0.0920683816,0.6671682,4.47591219e-06,-8.80542946,0.0921500698,0.673480093,4.73289265e-06,-8.76664734,0.0917741731,0.650670767,4.57195119e-06,,,,,,,,,,,,,
64,640000,dataset_roots/N_640000/h_0.0001,0.0001,joint_fourier,1,regime_capacity,h_0.0001,896,837.6446033599786,286,-8.66223431,0.241877303,0.82658571,1.61069943e-06,-8.69317818,0.242013365,0.832040668,1.88144725e-06,-8.64669037,0.241326138,0.859725237,1.84481905e-06,,,,,,,,,,,,,
64,640000,dataset_roots/N_640000/h_0.0001,0.0001,joint_fourier,2,regime_capacity,h_0.0001,896,871.3048188199755,298,-8.72796535,0.105570242,0.550740182,1.57562783e-06,-8.76136684,0.104510903,0.554299057,1.66354675e-06,-8.7192831,0.1058961,0.544868767,1.78829487e-06,,,,,,,,,,,,,
64,640000,dataset_roots/N_640000/h_0.0001,0.0001,joint_fourier,3,regime_capacity,h_0.0001,896,822.6197394430637,295,-8.4701395,0.285810053,0.548007309,4.62268645e-06,-8.50538921,0.285789967,0.547112405,5.22044229e-06,-8.46570969,0.286680073,0.544263244,5.2872615e-06,,,,,,,,,,,,,
64,640000,dataset_roots/N_640000/h_0.0001,0.0001,joint_fourier,4,regime_capacity,h_0.0001,896,901.1425676089711,298,-8.7266798,0.157780662,0.799162865,2.7776141e-06,-8.75907612,0.158434331,0.808731973,2.83379495e-06,-8.71536732,0.156307116,0.793376267,2.90136063e-06,,,,,,,,,,,,,
64,640000,dataset_roots/N_640000/h_0.0001,0.0001,joint_fourier,5,regime_capacity,h_0.0001,896,830.2232439740328,299,-8.70757484,0.195429429,0.711414874,7.88108082e-07,-8.73933697,0.194947943,0.712108374,8.69389282e-07,-8.70413685,0.195565715,0.707507253,9.93273488e-07,,,,,,,,,,,,,
64,640000,dataset_roots/N_640000/h_0.0001,0.0001,joint_fourier,6,regime_capacity,h_0.0001,896,880.4487420730293,289,-8.63337135,0.217648655,0.586553574,8.87709632e-07,-8.66633511,0.216853604,0.588571727,9.36236574e-07,-8.62407303,0.218190417,0.595694423,1.00710304e-06,,,,,,,,,,,,,
64,640000,dataset_roots/N_640000/h_0.0001,0.0001,joint_fourier,7,regime_capacity,h_0.0001,896,838.943626357941,299,-8.78859234,0.137601927,0.538203359,2.49730783e-06,-8.8346653,0.137437254,0.544049323,2.5098177e-06,-8.79639244,0.136874229,0.532924294,2.59489025e-06,,,,,,,,,,,,,
64,640000,dataset_roots/N_640000/h_0.0001,0.0001,joint_fourier,8,regime_capacity,h_0.0001,896,833.8426311509684,296,-8.61285877,0.249982476,0.76907742,2.38260122e-06,-8.65246105,0.249874368,0.77548188,2.79031929e-06,-8.6022501,0.249530718,0.783714116,2.86605678e-06,,,,,,,,,,,,,
64,640000,dataset_roots/N_640000/h_0.0001,0.0001,joint_fourier,9,regime_capacity,h_0.0001,896,890.8874352640705,298,-8.60717297,0.267667413,0.591005862,1.85633417e-06,-8.65886879,0.26663363,0.593828142,1.97524332e-06,-8.60599709,0.268443853,0.584637105,2.3412706e-06,,,,,,,,,,,,,
64,640000,dataset_roots/N_640000/h_0.0001,0.0001,split_fourier,0,regime_capacity,h_0.0001,896,4517.733760847012,,-8.827831268310547,0.2721998393535614,0.783971905708313,,-8.873922348022461,0.2733811140060425,0.7923344969749451,,-8.842246055603027,0.274338960647583,0.7675049901008606,,39,297,2.3943027827044716e-06,2.7009148197976174e-06,2.596161039036815e-06,,,,,,,,
64,640000,dataset_roots/N_640000/h_0.0001,0.0001,split_fourier,1,regime_capacity,h_0.0001,896,4406.745740968967,,-8.657865524291992,0.30791109800338745,0.8439921736717224,,-8.690168380737305,0.3087823688983917,0.8483019471168518,,-8.648561477661133,0.30969634652137756,0.8738683462142944,,90,290,1.8992199102285667e-06,2.31503736358718e-06,2.2249657831707736e-06,,,,,,,,
64,640000,dataset_roots/N_640000/h_0.0001,0.0001,split_fourier,2,regime_capacity,h_0.0001,896,4434.942600646988,,-8.7256441116333,0.24893508851528168,0.5552276372909546,,-8.752693176269531,0.2517525255680084,0.5577229261398315,,-8.726110458374023,0.24702657759189606,0.5499201416969299,,9,298,3.353409283590736e-06,3.7586560210911557e-06,3.617149332058034e-06,,,,,,,,
64,640000,dataset_roots/N_640000/h_0.0001,0.0001,split_fourier,3,regime_capacity,h_0.0001,896,4957.4025760550285,,-8.517526626586914,0.2804144620895386,0.5763927102088928,,-8.551568031311035,0.2819036543369293,0.574772834777832,,-8.51446533203125,0.28292393684387207,0.5687208771705627,,34,299,2.883615479731816e-06,2.8324882350716507e-06,3.481018666207092e-06,,,,,,,,
64,640000,dataset_roots/N_640000/h_0.0001,0.0001,split_fourier,4,regime_capacity,h_0.0001,896,4452.387041323003,,-8.796879768371582,0.3132684528827667,0.8253893256187439,,-8.824728012084961,0.3151114284992218,0.8326855301856995,,-8.793007850646973,0.31538960337638855,0.8160498738288879,,131,299,4.134080427320441e-06,4.252823146089213e-06,4.216630713926861e-06,,,,,,,,
64,640000,dataset_roots/N_640000/h_0.0001,0.0001,split_fourier,5,regime_capacity,h_0.0001,896,4479.032635319978,,-8.693413734436035,0.2777041792869568,0.7315459251403809,,-8.729660034179688,0.27810409665107727,0.7309766411781311,,-8.6972017288208,0.28002557158470154,0.7249652743339539,,51,296,1.575509713802603e-06,1.5628132814526907e-06,1.9897447600669693e-06,,,,,,,,
64,640000,dataset_roots/N_640000/h_0.0001,0.0001,split_fourier,6,regime_capacity,h_0.0001,896,4313.06851108605,,-8.657845497131348,0.3041122555732727,0.5421412587165833,,-8.683431625366211,0.30412566661834717,0.5416252017021179,,-8.660890579223633,0.3068807125091553,0.5447385907173157,,122,299,1.887999928840145e-06,1.968071728697396e-06,2.020292640736443e-06,,,,,,,,
64,640000,dataset_roots/N_640000/h_0.0001,0.0001,split_fourier,7,regime_capacity,h_0.0001,896,4622.155148679973,,-8.841093063354492,0.29880470037460327,0.6335165500640869,,-8.887704849243164,0.29997962713241577,0.6388776898384094,,-8.851569175720215,0.3009219169616699,0.6285157799720764,,196,286,3.6593487493519206e-06,3.8332836993504316e-06,3.7468521441041958e-06,,,,,,,,
64,640000,dataset_roots/N_640000/h_0.0001,0.0001,split_fourier,8,regime_capacity,h_0.0001,896,4514.157542710076,,-8.624323844909668,0.26651787757873535,0.6816245913505554,,-8.659529685974121,0.26821646094322205,0.6865049600601196,,-8.626245498657227,0.26867833733558655,0.6885110139846802,,15,292,2.3429688553733286e-06,2.6574393814371433e-06,2.901741027017124e-06,,,,,,,,
64,640000,dataset_roots/N_640000/h_0.0001,0.0001,split_fourier,9,regime_capacity,h_0.0001,896,4420.084429737995,,-8.638777732849121,0.2984544634819031,0.561836838722229,,-8.678924560546875,0.298862099647522,0.5628334879875183,,-8.644492149353027,0.301480233669281,0.554060161113739,,49,297,2.8707258934446145e-06,2.9334737519093323e-06,3.083328238062677e-06,,,,,,,,
64,640000,dataset_roots/N_640000/h_0.0001,0.0001,arff,0,regime_capacity,h_0.0001,896,13.792572712991387,,-8.668938636779785,0.24353474378585815,0.12718023359775543,-0.19151228666305542,-8.705830574035645,0.2438342124223709,0.1256318837404251,-0.18741148710250854,-8.70595932006836,0.24230355024337769,0.12708395719528198,-0.16889287531375885,,,,,,1,300,0.44379687309265137,0.44189998507499695,0.4390999972820282,,,
64,640000,dataset_roots/N_640000/h_0.0001,0.0001,arff,1,regime_capacity,h_0.0001,896,13.64669194095768,,-8.588554382324219,0.727148711681366,0.13634951412677765,-0.15053965151309967,-8.589138984680176,0.7242290377616882,0.13578534126281738,-0.14793236553668976,-8.611841201782227,0.7282088398933411,0.1367555558681488,-0.14941725134849548,,,,,,151,274,0.4518718719482422,0.45389997959136963,0.44519999623298645,,,
64,640000,dataset_roots/N_640000/h_0.0001,0.0001,arff,2,regime_capacity,h_0.0001,896,13.574015285936184,,-8.616888999938965,0.2827968895435333,0.13311795890331268,-0.20699015259742737,-8.64692211151123,0.28443440794944763,0.13251657783985138,-0.18940402567386627,-8.659232139587402,0.28372982144355774,0.13289466500282288,-0.19577382504940033,,,,,,11,300,0.43542030453681946,0.4307999908924103,0.43459999561309814,,,
64,640000,dataset_roots/N_640000/h_0.0001,0.0001,arff,3,regime_capacity,h_0.0001,896,13.660647662938572,,-8.407221794128418,0.19390009343624115,0.13126420974731445,-0.1722365915775299,-8.451094627380371,0.1934671252965927,0.130218967795372,-0.1482182890176773,-8.458911895751953,0.19365230202674866,0.13139708340168,-0.15070196986198425,,,,,,1,296,0.40781718492507935,0.4065999984741211,0.40299999713897705,,,
64,640000,dataset_roots/N_640000/h_0.0001,0.0001,arff,4,regime_capacity,h_0.0001,896,13.823384520947002,,-8.79158878326416,0.22505712509155273,0.13692811131477356,-0.1476154774427414,-8.802964210510254,0.22370392084121704,0.13659487664699554,-0.14717091619968414,-8.794234275817871,0.2245396226644516,0.13679590821266174,-0.14671872556209564,,,,,,1,257,0.4166984260082245,0.4188999831676483,0.4140999913215637,,,
64,640000,dataset_roots/N_640000/h_0.0001,0.0001,arff,5,regime_capacity,h_0.0001,896,13.621617394965142,,-8.495229721069336,0.756122350692749,0.13334497809410095,-0.23169146478176117,-8.519472122192383,0.7582802772521973,0.13290996849536896,-0.2304193675518036,-8.533992767333984,0.7612946629524231,0.13311715424060822,-0.23091810941696167,,,,,,186,285,0.4197765588760376,0.42329999804496765,0.4189999997615814,,,
64,640000,dataset_roots/N_640000/h_0.0001,0.0001,arff,6,regime_capacity,h_0.0001,896,13.783826372935437,,-8.844225883483887,0.6906731724739075,0.12920640408992767,-0.21649640798568726,-8.859292984008789,0.6928261518478394,0.1281307339668274,-0.1949429214000702,-8.861732482910156,0.6936882734298706,0.129342183470726,-0.2112322449684143,,,,,,209,274,0.44238749146461487,0.4397999942302704,0.4414999783039093,,,
64,640000,dataset_roots/N_640000/h_0.0001,0.0001,arff,7,regime_capacity,h_0.0001,896,13.534988339990377,,-8.630937576293945,0.22823207080364227,0.1391924023628235,-0.16044339537620544,-8.671720504760742,0.22663597762584686,0.1385267674922943,-0.15686552226543427,-8.66778564453125,0.22957733273506165,0.1391727775335312,-0.15159781277179718,,,,,,1,277,0.4248703122138977,0.43039998412132263,0.4268999993801117,,,
64,640000,dataset_roots/N_640000/h_0.0001,0.0001,arff,8,regime_capacity,h_0.0001,896,13.731969423010014,,-8.651837348937988,0.5783666372299194,0.1321183294057846,-0.15277956426143646,-8.648947715759277,0.5750173926353455,0.13116766512393951,-0.14436425268650055,-8.662893295288086,0.5787586569786072,0.1320909708738327,-0.14259454607963562,,,,,,95,257,0.4512656033039093,0.45419999957084656,0.4511999785900116,,,
64,640000,dataset_roots/N_640000/h_0.0001,0.0001,arff,9,regime_capacity,h_0.0001,896,13.785821588942781,,-8.52535343170166,0.6886531710624695,0.14071431756019592,-0.16628777980804443,-8.563222885131836,0.6945216059684753,0.1400393694639206,-0.16576115787029266,-8.559313774108887,0.6932016611099243,0.14075885713100433,-0.16590434312820435,,,,,,160,203,0.4203406274318695,0.4213999807834625,0.4211999773979187,,,
64,640000,dataset_roots/N_640000/h_0.0001,0.0001,joint_mlp,0,regime_capacity,h_0.0001,887,1011.0499916649424,292,-10.676321,0.0653108731,0.300956905,1.3558506e-05,-10.7188635,0.0654530078,0.298267156,1.35822747e-05,-10.6993017,0.0642563701,0.295157045,1.36175267e-05,,,,,,,,,,,,,
64,640000,dataset_roots/N_640000/h_0.0001,0.0001,joint_mlp,1,regime_capacity,h_0.0001,887,1000.2090009029489,299,-10.5676041,0.304206997,0.264843762,9.75148851e-06,-10.5962543,0.304743528,0.262957513,9.782294e-06,-10.5999517,0.304816365,0.265157253,9.88312877e-06,,,,,,,,,,,,,
64,640000,dataset_roots/N_640000/h_0.0001,0.0001,joint_mlp,2,regime_capacity,h_0.0001,887,962.2968616159633,282,-10.6757421,0.228922814,0.248952284,8.45955219e-06,-10.7305861,0.229338229,0.247250348,8.54788959e-06,-10.7174349,0.230165035,0.248238549,8.53618258e-06,,,,,,,,,,,,,
64,640000,dataset_roots/N_640000/h_0.0001,0.0001,joint_mlp,3,regime_capacity,h_0.0001,887,950.2071766270092,281,-10.5695372,0.147056565,0.325077116,6.2455656e-06,-10.6058388,0.147606879,0.325789571,6.4650676e-06,-10.5979652,0.145350397,0.32478413,6.32865749e-06,,,,,,,,,,,,,
64,640000,dataset_roots/N_640000/h_0.0001,0.0001,joint_mlp,4,regime_capacity,h_0.0001,887,1014.6787148269359,299,-10.7303143,0.128522292,0.293650568,1.09949633e-05,-10.7658825,0.128295004,0.29142651,1.11026684e-05,-10.7591448,0.127657771,0.290152848,1.10773408e-05,,,,,,,,,,,,,
64,640000,dataset_roots/N_640000/h_0.0001,0.0001,joint_mlp,5,regime_capacity,h_0.0001,887,963.871215865016,276,-10.4440384,0.230610132,0.260868043,9.05065099e-06,-10.5001631,0.229485124,0.254153669,9.33243882e-06,-10.4382563,0.233623385,0.266551912,9.27709971e-06,,,,,,,,,,,,,
64,640000,dataset_roots/N_640000/h_0.0001,0.0001,joint_mlp,6,regime_capacity,h_0.0001,887,966.3104225189891,298,-10.5883331,0.179896191,0.24111554,1.40485763e-05,-10.6374683,0.180426329,0.239707261,1.41465089e-05,-10.6127844,0.179346338,0.238266647,1.40736229e-05,,,,,,,,,,,,,
64,640000,dataset_roots/N_640000/h_0.0001,0.0001,joint_mlp,7,regime_capacity,h_0.0001,887,947.4109646510333,297,-10.7693434,0.271454513,0.315277636,7.89478509e-06,-10.809947,0.271496862,0.31558919,7.91618641e-06,-10.779952,0.272364438,0.322336972,7.98203473e-06,,,,,,,,,,,,,
64,640000,dataset_roots/N_640000/h_0.0001,0.0001,joint_mlp,8,regime_capacity,h_0.0001,887,1008.0256842189701,294,-10.7458029,0.232497156,0.308383107,8.87102578e-06,-10.8044376,0.232210323,0.305362523,8.9666346e-06,-10.7809792,0.233005971,0.296387762,8.96498568e-06,,,,,,,,,,,,,
64,640000,dataset_roots/N_640000/h_0.0001,0.0001,joint_mlp,9,regime_capacity,h_0.0001,887,973.7467714840313,277,-10.8237877,0.280271769,0.29833135,4.69646466e-06,-10.8611212,0.280791819,0.301901668,4.73867385e-06,-10.8225346,0.277646244,0.295693815,4.70702571e-06,,,,,,,,,,,,,
64,640000,dataset_roots/N_640000/h_0.0001,0.0001,split_mlp,0,regime_capacity,h_0.0001,887,5166.924787288066,,-10.579894068908692,0.33530710070818476,0.22935151484070243,,-10.628113325500488,0.33707076435035194,0.22537295480840083,,-10.582283059692383,0.3343725832312758,0.23253958990320464,,0,296,9.391733328811824e-06,9.434803359908983e-06,9.67901542026084e-06,,,,,,0.0,0.0,0.0
64,640000,dataset_roots/N_640000/h_0.0001,0.0001,split_mlp,1,regime_capacity,h_0.0001,887,4779.768367527984,,-10.617899172973633,0.27376866308873865,0.23629563657598324,,-10.652210556030273,0.2748258735764535,0.21897350761351345,,-10.644651885986327,0.27370362203107906,0.23158525400937324,,5,290,1.5103706573427189e-05,1.5253571291395929e-05,1.5291490853996947e-05,,,,,,0.0,0.0,0.0
64,640000,dataset_roots/N_640000/h_0.0001,0.0001,split_mlp,2,regime_capacity,h_0.0001,887,5083.751517627039,,-10.617842263793944,0.20666607440813659,0.2528196208673579,,-10.66816827545166,0.20744046945204167,0.2530235787031359,,-10.644438125610352,0.2067829470683744,0.25208855317519285,,32,298,1.1242509572184645e-05,1.1267645277257543e-05,1.1309918590995949e-05,,,,,,0.0,0.0,0.0
64,640000,dataset_roots/N_640000/h_0.0001,0.0001,split_mlp,3,regime_capacity,h_0.0001,887,4831.536285480019,,-10.818557121276855,0.3513317610982216,0.15329201873292336,,-10.869684822082519,0.3488739439436111,0.15462644454184157,,-10.834854721069336,0.35452690550422983,0.1531317387147985,,12,294,1.0069264135381673e-05,1.023953427647939e-05,1.0115398254129104e-05,,,,,,0.0,0.0,0.0
64,640000,dataset_roots/N_640000/h_0.0001,0.0001,split_mlp,4,regime_capacity,h_0.0001,887,5091.240047061001,,-10.573607986450195,0.2435926002465739,0.29025076194850224,,-10.606019786071778,0.24327384035792657,0.29026329179599597,,-10.587350445556641,0.2445859777216753,0.2904410762399057,,131,294,1.4367597941600252e-05,1.4434259355766699e-05,1.4559042938344646e-05,,,,,,0.0,0.0,0.0
64,640000,dataset_roots/N_640000/h_0.0001,0.0001,split_mlp,5,regime_capacity,h_0.0001,887,4779.296734084026,,-10.637709381103516,0.22269491759622445,0.22341240477778523,,-10.686662832641602,0.2234887982574575,0.22068732058079804,,-10.648664080810548,0.2207483226780787,0.22348010780908226,,3,285,1.162151420430746e-05,1.274356782232644e-05,1.3631270121550187e-05,,,,,,0.0,0.0,0.0
64,640000,dataset_roots/N_640000/h_0.0001,0.0001,split_mlp,6,regime_capacity,h_0.0001,887,5303.969596264069,,-10.148261309814453,0.19917564905174218,0.2457782970041147,,-10.205159834289551,0.19908614416690334,0.2421666999159043,,-10.19698226776123,0.1980669734917566,0.24401942871481871,,2,265,1.4444325643125921e-05,1.4638657376053743e-05,1.4614790416089818e-05,,,,,,0.0,0.0,0.0
64,640000,dataset_roots/N_640000/h_0.0001,0.0001,split_mlp,7,regime_capacity,h_0.0001,887,4842.726116325008,,-10.598937329101563,0.3863841384342126,0.2652275592418365,,-10.640444529724121,0.3858842035132776,0.2693092741747146,,-10.634506327819825,0.38782779180324806,0.2610640537276439,,5,287,7.80717164161615e-06,7.95647156337509e-06,8.046820767049212e-06,,,,,,0.0,0.0,0.0
64,640000,dataset_roots/N_640000/h_0.0001,0.0001,split_mlp,8,regime_capacity,h_0.0001,887,5068.160078278976,,-10.707679510498046,0.39344874039222805,0.207478116513151,,-10.75005697479248,0.3931043518842133,0.19941536685381495,,-10.728463217163085,0.3959926057441406,0.20524264915648174,,3,272,1.8201184502686374e-05,1.8422701032250188e-05,1.8213113435194828e-05,,,,,,0.0,0.0,0.0
64,640000,dataset_roots/N_640000/h_0.0001,0.0001,split_mlp,9,regime_capacity,h_0.0001,887,4798.324092568015,,-10.633124571228027,0.40869225181779384,0.2587215700976348,,-10.683911125183105,0.41087480052547787,0.25629573260876615,,-10.655781315612794,0.40864750544847994,0.26065855893362117,,1,296,1.4555660527548753e-05,1.4598736015614122e-05,1.4611571714340243e-05,,,,,,0.0,0.0,0.0
128,640000,dataset_roots/N_640000/h_0.0001,0.0001,joint_fourier,0,regime_capacity,h_0.0001,1792,892.4075922699412,281,-8.68409634,0.116992719,0.704096556,2.29475904e-06,-8.71701431,0.117444523,0.711253226,2.22119002e-06,-8.67861176,0.115658768,0.699313283,2.48575543e-06,,,,,,,,,,,,,
128,640000,dataset_roots/N_640000/h_0.0001,0.0001,joint_fourier,1,regime_capacity,h_0.0001,1792,848.5315951539669,296,-8.8436985,0.19359611,0.865241528,1.51482448e-06,-8.88400841,0.193394229,0.873071849,1.92292714e-06,-8.85494041,0.192372039,0.852976561,2.00860177e-06,,,,,,,,,,,,,
128,640000,dataset_roots/N_640000/h_0.0001,0.0001,joint_fourier,2,regime_capacity,h_0.0001,1792,883.5266986329807,297,-8.80881977,0.16784972,1.31832135,1.41190969e-06,-8.84556866,0.168335199,1.30846429,1.53270969e-06,-8.8292017,0.166368738,1.27939308,1.5612153e-06,,,,,,,,,,,,,
128,640000,dataset_roots/N_640000/h_0.0001,0.0001,joint_fourier,3,regime_capacity,h_0.0001,1792,918.4639443899505,299,-8.83101654,0.173422635,1.40570474,1.50295773e-06,-8.86932182,0.174100608,1.3952769,1.75582477e-06,-8.8174839,0.172654063,1.37477577,1.74869797e-06,,,,,,,,,,,,,
128,640000,dataset_roots/N_640000/h_0.0001,0.0001,joint_fourier,4,regime_capacity,h_0.0001,1792,888.6486160379136,294,-8.93885612,0.155274376,0.973539948,1.55680777e-06,-8.97450256,0.155560181,0.979193032,1.64189544e-06,-8.92621326,0.154648453,0.962620854,1.67018686e-06,,,,,,,,,,,,,
128,640000,dataset_roots/N_640000/h_0.0001,0.0001,joint_fourier,5,regime_capacity,h_0.0001,1792,854.641441387008,292,-8.95243645,0.14703086,1.47461748,1.08842801e-06,-8.98111629,0.14743799,1.47996712,1.39776068e-06,-8.94964027,0.145485327,1.44796109,1.35440257e-06,,,,,,,,,,,,,
128,640000,dataset_roots/N_640000/h_0.0001,0.0001,joint_fourier,6,regime_capacity,h_0.0001,1792,882.1826530509861,299,-8.68685532,0.148988694,1.07406294,1.31829086e-06,-8.71933365,0.149070606,1.09020758,1.41446742e-06,-8.69006824,0.147918835,1.06128871,1.53055726e-06,,,,,,,,,,,,,
128,640000,dataset_roots/N_640000/h_0.0001,0.0001,joint_fourier,7,regime_capacity,h_0.0001,1792,844.1994936800329,298,-8.94305325,0.15551959,1.13738275,3.71022747e-06,-8.98940086,0.154671028,1.13797545,3.72263617e-06,-8.95256996,0.154577374,1.11765873,3.76656158e-06,,,,,,,,,,,,,
128,640000,dataset_roots/N_640000/h_0.0001,0.0001,joint_fourier,8,regime_capacity,h_0.0001,1792,875.9112614950864,293,-8.90429497,0.158491358,1.02304339,3.09397524e-06,-8.94074631,0.157181188,1.03037119,3.34272318e-06,-8.91520786,0.15773946,1.00516844,3.32584227e-06,,,,,,,,,,,,,
128,640000,dataset_roots/N_640000/h_0.0001,0.0001,joint_fourier,9,regime_capacity,h_0.0001,1792,841.9719096929766,297,-8.93642426,0.14915508,1.07134497,1.98803218e-06,-8.96493435,0.14938207,1.06394506,2.12694476e-06,-8.92382431,0.148067951,1.04541922,2.09092013e-06,,,,,,,,,,,,,
128,640000,dataset_roots/N_640000/h_0.0001,0.0001,split_fourier,0,regime_capacity,h_0.0001,1792,4595.120967823081,,-8.694093704223633,0.2186446636915207,0.6936480402946472,,-8.720635414123535,0.22002281248569489,0.700944721698761,,-8.690728187561035,0.21797050535678864,0.6905744671821594,,4,286,3.332515234433231e-06,3.461287178652128e-06,3.5764619497058447e-06,,,,,,,,
128,640000,dataset_roots/N_640000/h_0.0001,0.0001,split_fourier,1,regime_capacity,h_0.0001,1792,4588.113164148992,,-8.870109558105469,0.37659454345703125,0.8595951199531555,,-8.91543197631836,0.3770769238471985,0.8652162551879883,,-8.90168571472168,0.37892234325408936,0.850075364112854,,263,298,3.3723908927640878e-06,3.6566048038366716e-06,3.517300001476542e-06,,,,,,,,
128,640000,dataset_roots/N_640000/h_0.0001,0.0001,split_fourier,2,regime_capacity,h_0.0001,1792,4599.637192249065,,-8.840993881225586,0.2540164887905121,1.3244051933288574,,-8.881629943847656,0.25586867332458496,1.3194715976715088,,-8.858062744140625,0.255991131067276,1.2880316972732544,,9,297,2.505134489183547e-06,2.654548552527558e-06,2.7172202408110024e-06,,,,,,,,
128,640000,dataset_roots/N_640000/h_0.0001,0.0001,split_fourier,3,regime_capacity,h_0.0001,1792,4539.747102480964,,-8.85626220703125,0.27000653743743896,1.192626953125,,-8.88559341430664,0.2700040638446808,1.1774616241455078,,-8.85245418548584,0.27239665389060974,1.1631309986114502,,34,299,3.8787843550380785e-06,4.036253812955692e-06,4.022981102025369e-06,,,,,,,,
128,640000,dataset_roots/N_640000/h_0.0001,0.0001,split_fourier,4,regime_capacity,h_0.0001,1792,4628.292303391034,,-8.965034484863281,0.2605953514575958,0.7547103762626648,,-8.99073600769043,0.26208800077438354,0.762393057346344,,-8.959898948669434,0.26302751898765564,0.7489497661590576,,9,297,4.110152985958848e-06,4.300983164284844e-06,4.26176802648115e-06,,,,,,,,
128,640000,dataset_roots/N_640000/h_0.0001,0.0001,split_fourier,5,regime_capacity,h_0.0001,1792,4323.80343460408,,-8.958268165588379,0.2416089028120041,1.1359652280807495,,-8.978311538696289,0.2426428645849228,1.1389471292495728,,-8.953020095825195,0.24361586570739746,1.1164625883102417,,6,298,3.224933607270941e-06,3.5209927773394156e-06,3.431771119721816e-06,,,,,,,,
128,640000,dataset_roots/N_640000/h_0.0001,0.0001,split_fourier,6,regime_capacity,h_0.0001,1792,4611.920947170001,,-8.724671363830566,0.22137005627155304,0.8447626829147339,,-8.739212036132812,0.22334618866443634,0.8557919859886169,,-8.727744102478027,0.22072935104370117,0.8346728682518005,,2,298,2.8385363748384407e-06,2.8742208542098524e-06,3.182869932061294e-06,,,,,,,,
128,640000,dataset_roots/N_640000/h_0.0001,0.0001,split_fourier,7,regime_capacity,h_0.0001,1792,4343.8310902500525,,-8.931243896484375,0.31503015756607056,0.8888562321662903,,-8.971381187438965,0.31579703092575073,0.8908820152282715,,-8.946747779846191,0.3169572055339813,0.8741098046302795,,52,298,7.89883779361844e-06,8.145028914441355e-06,8.0578438428347e-06,,,,,,,,
128,640000,dataset_roots/N_640000/h_0.0001,0.0001,split_fourier,8,regime_capacity,h_0.0001,1792,4564.087661762955,,-8.960163116455078,0.2846513092517853,1.0239636898040771,,-8.984434127807617,0.2873149812221527,1.0244977474212646,,-8.972352981567383,0.28547418117523193,1.0094554424285889,,3,295,5.718422471545637e-06,6.023149580869358e-06,5.988234079268295e-06,,,,,,,,
128,640000,dataset_roots/N_640000/h_0.0001,0.0001,split_fourier,9,regime_capacity,h_0.0001,1792,4425.047640508972,,-8.930241584777832,0.3531755208969116,0.893538236618042,,-8.952482223510742,0.35493507981300354,0.8888379335403442,,-8.919659614562988,0.3559234142303467,0.8715969324111938,,243,297,3.2998102597048273e-06,3.3984420042543206e-06,3.6092433219891973e-06,,,,,,,,
128,640000,dataset_roots/N_640000/h_0.0001,0.0001,arff,0,regime_capacity,h_0.0001,1792,31.682664084015414,,-8.974878311157227,0.2600877583026886,0.10796971619129181,-0.17355658113956451,-8.990034103393555,0.25979694724082947,0.10627560317516327,-0.17860491573810577,-8.979504585266113,0.2592198848724365,0.1078009381890297,-0.14478428661823273,,,,,,1,292,0.4570281207561493,0.45669999718666077,0.4585999846458435,,,
128,640000,dataset_roots/N_640000/h_0.0001,0.0001,arff,1,regime_capacity,h_0.0001,1792,31.374437521095388,,-8.929695129394531,0.584938645362854,0.11585631221532822,-0.17998331785202026,-8.949951171875,0.5851289629936218,0.11472831666469574,-0.15156172215938568,-8.921360969543457,0.5844792723655701,0.11576885730028152,-0.16132277250289917,,,,,,48,286,0.4599749743938446,0.4569999873638153,0.4553000032901764,,,
128,640000,dataset_roots/N_640000/h_0.0001,0.0001,arff,2,regime_capacity,h_0.0001,1792,31.867200652952306,,-8.938623428344727,0.30961114168167114,0.1156405508518219,-0.14232587814331055,-8.965670585632324,0.31274017691612244,0.11443410813808441,-0.1414497345685959,-8.952519416809082,0.30987319350242615,0.11567211896181107,-0.14239263534545898,,,,,,12,290,0.4400593638420105,0.4448999762535095,0.439300000667572,,,
128,640000,dataset_roots/N_640000/h_0.0001,0.0001,arff,3,regime_capacity,h_0.0001,1792,31.63535329909064,,-8.988699913024902,0.2145884782075882,0.11108329892158508,-0.2029750645160675,-9.014424324035645,0.21376702189445496,0.10948185622692108,-0.19806773960590363,-9.020621299743652,0.2145226150751114,0.11045362800359726,-0.14811037480831146,,,,,,1,299,0.4652625024318695,0.4666000008583069,0.46480000019073486,,,
128,640000,dataset_roots/N_640000/h_0.0001,0.0001,arff,4,regime_capacity,h_0.0001,1792,31.683905539102852,,-8.954571723937988,0.23457685112953186,0.11282102763652802,-0.17468500137329102,-8.953558921813965,0.23264822363853455,0.11111940443515778,-0.170601487159729,-8.947782516479492,0.234238401055336,0.11305482685565948,-0.17328357696533203,,,,,,1,296,0.46247342228889465,0.45089998841285706,0.4567999839782715,,,
128,640000,dataset_roots/N_640000/h_0.0001,0.0001,arff,5,regime_capacity,h_0.0001,1792,31.42355681792833,,-9.056194305419922,0.9280776381492615,0.10994303226470947,-0.1790313869714737,-9.074891090393066,0.9335557818412781,0.10817744582891464,-0.17790773510932922,-9.05618953704834,0.927116334438324,0.1099570170044899,-0.17790167033672333,,,,,,201,299,0.4549390375614166,0.44849997758865356,0.44909998774528503,,,
128,640000,dataset_roots/N_640000/h_0.0001,0.0001,arff,6,regime_capacity,h_0.0001,1792,31.788205935969017,,-8.812300682067871,0.9609991908073425,0.11379420012235641,-0.151428684592247,-8.848089218139648,0.972479522228241,0.1122610792517662,-0.1370512992143631,-8.812453269958496,0.9629974961280823,0.11390413343906403,-0.13827791810035706,,,,,,277,277,0.4528234302997589,0.4536999762058258,0.4518999755382538,,,
128,640000,dataset_roots/N_640000/h_0.0001,0.0001,arff,7,regime_capacity,h_0.0001,1792,31.611239369027317,,-9.00415325164795,0.229901984333992,0.1076977401971817,-0.14171354472637177,-9.01158618927002,0.2284361869096756,0.1056101843714714,-0.14020265638828278,-9.006850242614746,0.2312459647655487,0.10802177339792252,-0.1408989578485489,,,,,,1,297,0.4713327884674072,0.4642999768257141,0.4705999791622162,,,
128,640000,dataset_roots/N_640000/h_0.0001,0.0001,arff,8,regime_capacity,h_0.0001,1792,31.754559841006994,,-8.939412117004395,0.804074227809906,0.10842043906450272,-0.1529453694820404,-8.948356628417969,0.8046086430549622,0.10692889988422394,-0.1516520231962204,-8.94918441772461,0.8083164095878601,0.10823584347963333,-0.15134216845035553,,,,,,141,299,0.42162030935287476,0.4196999967098236,0.4242999851703644,,,
128,640000,dataset_roots/N_640000/h_0.0001,0.0001,arff,9,regime_capacity,h_0.0001,1792,31.38931185589172,,-8.958578109741211,0.5759791731834412,0.11494795233011246,-0.14646832644939423,-8.952361106872559,0.5786572098731995,0.1136050745844841,-0.1312316209077835,-8.966177940368652,0.5767127871513367,0.11476947367191315,-0.14701253175735474,,,,,,59,284,0.4408999979496002,0.42989999055862427,0.43799999356269836,,,
128,640000,dataset_roots/N_640000/h_0.0001,0.0001,joint_mlp,0,regime_capacity,h_0.0001,1814,1003.4359514500247,294,-10.9078255,0.0592352375,0.222698763,6.93262336e-06,-10.9551563,0.059243802,0.226948202,6.94113305e-06,-10.9357748,0.0587949939,0.229265004,6.98675058e-06,,,,,,,,,,,,,
128,640000,dataset_roots/N_640000/h_0.0001,0.0001,joint_mlp,1,regime_capacity,h_0.0001,1814,956.2869208130287,249,-10.855423,0.0681780428,0.225269035,7.83549785e-06,-10.8913174,0.0682379529,0.225625217,7.96261793e-06,-10.8792152,0.0678777844,0.223639965,7.94054904e-06,,,,,,,,,,,,,
128,640000,dataset_roots/N_640000/h_0.0001,0.0001,joint_mlp,2,regime_capacity,h_0.0001,1814,1011.9643464999972,288,-10.8553572,0.0546934232,0.228502557,9.75386047e-06,-10.89785,0.0547190681,0.226595849,9.88837564e-06,-10.8830814,0.0544208512,0.230632767,9.86069699e-06,,,,,,,,,,,,,
128,640000,dataset_roots/N_640000/h_0.0001,0.0001,joint_mlp,3,regime_capacity,h_0.0001,1814,956.7533425360452,281,-10.9259615,0.12328016,0.229717717,9.62973354e-06,-10.9681244,0.123462565,0.226633355,9.67744745e-06,-10.965373,0.121891797,0.22561194,9.82012898e-06,,,,,,,,,,,,,
128,640000,dataset_roots/N_640000/h_0.0001,0.0001,joint_mlp,4,regime_capacity,h_0.0001,1814,1026.9488708929857,223,-10.8948174,0.0542534851,0.244057298,1.02455679e-05,-10.9350595,0.0543731451,0.244139105,1.03585016e-05,-10.9082651,0.054190658,0.246516362,1.03120992e-05,,,,,,,,,,,,,
128,640000,dataset_roots/N_640000/h_0.0001,0.0001,joint_mlp,5,regime_capacity,h_0.0001,1814,963.6809354019351,299,-10.9943323,0.0575515591,0.187233746,7.22144978e-06,-11.0283775,0.0575145073,0.186532795,7.25320251e-06,-11.0192728,0.0573757589,0.188127518,7.27085444e-06,,,,,,,,,,,,,
128,640000,dataset_roots/N_640000/h_0.0001,0.0001,joint_mlp,6,regime_capacity,h_0.0001,1814,1007.2890824769856,270,-10.9449873,0.059329398,0.184020191,1.06070202e-05,-10.9803686,0.059377607,0.182523534,1.10646224e-05,-10.9703455,0.0592658594,0.184856862,1.06906955e-05,,,,,,,,,,,,,
128,640000,dataset_roots/N_640000/h_0.0001,0.0001,joint_mlp,7,regime_capacity,h_0.0001,1814,964.8256234090077,282,-10.8925419,0.199347362,0.258336484,1.10227729e-05,-10.9341745,0.199092165,0.25410527,1.10456995e-05,-10.9144325,0.197549015,0.258003026,1.1075128e-05,,,,,,,,,,,,,
128,640000,dataset_roots/N_640000/h_0.0001,0.0001,joint_mlp,8,regime_capacity,h_0.0001,1814,1021.7764463259373,274,-10.9488993,0.0471237786,0.211293951,8.82001495e-06,-10.9777689,0.0472581647,0.212955162,8.899362e-06,-10.9808483,0.0466687605,0.213213563,8.85824647e-06,,,,,,,,,,,,,
128,640000,dataset_roots/N_640000/h_0.0001,0.0001,joint_mlp,9,regime_capacity,h_0.0001,1814,967.3519067009911,284,-10.9577541,0.0578668639,0.225361764,1.07754777e-05,-10.9950752,0.0578335077,0.225398466,1.08438626e-05,-10.9863586,0.0578320436,0.227158621,1.08620998e-05,,,,,,,,,,,,,
128,640000,dataset_roots/N_640000/h_0.0001,0.0001,split_mlp,0,regime_capacity,h_0.0001,1814,5049.955135975033,,-10.780091537475586,0.42202470286710625,0.1772083260014936,,-10.82452338256836,0.4245120417473187,0.1754193447554871,,-10.820762484741211,0.4211645865414762,0.17814963926352634,,0,293,1.9607843569247052e-05,1.963120485015679e-05,1.960928420885466e-05,,,,,,0.0,0.0,0.0
128,640000,dataset_roots/N_640000/h_0.0001,0.0001,split_mlp,1,regime_capacity,h_0.0001,1814,4831.419498816947,,-10.86868759765625,0.26367473719770484,0.20568039602218485,,-10.904326434326173,0.2649389799469958,0.20780268650434996,,-10.896793705749511,0.2633537145123524,0.20079694027939435,,5,279,1.4814659152762033e-05,1.48769195220666e-05,1.4877231478749309e-05,,,,,,0.0,0.0,0.0
128,640000,dataset_roots/N_640000/h_0.0001,0.0001,split_mlp,2,regime_capacity,h_0.0001,1814,5085.680520336959,,-10.880651686096192,0.23742576853648453,0.16639661792921023,,-10.925201179504395,0.2383367863296773,0.16586106858658262,,-10.93179467163086,0.2374016562363412,0.165710206768459,,32,271,1.6143761968123727e-05,1.6236885130638257e-05,1.6448984752059914e-05,,,,,,0.0,0.0,0.0
128,640000,dataset_roots/N_640000/h_0.0001,0.0001,split_mlp,3,regime_capacity,h_0.0001,1814,4766.562123703072,,-10.731979005432128,0.3717751975528942,0.20540440509320188,,-10.783086184692383,0.3686045650203336,0.20602483785857778,,-10.753640553283692,0.37588359882643574,0.20501354328817678,,12,299,1.3759670764557086e-05,1.3818104889651295e-05,1.3810976270178799e-05,,,,,,0.0,0.0,0.0
128,640000,dataset_roots/N_640000/h_0.0001,0.0001,split_mlp,4,regime_capacity,h_0.0001,1814,5023.471605272032,,-10.771534796142578,0.3666678557488578,0.18452178047847673,,-10.813566062927245,0.3669758153893862,0.18310774864245744,,-10.797696115112304,0.3682759694927936,0.18213834433666365,,0,282,2.400583980488591e-05,2.404760743957013e-05,2.407721331110224e-05,,,,,,0.0,0.0,0.0
128,640000,dataset_roots/N_640000/h_0.0001,0.0001,split_mlp,5,regime_capacity,h_0.0001,1814,4823.79468358797,,-10.824263330078125,0.24918767976148473,0.17855190243825525,,-10.861602615356444,0.24980570131890967,0.176344581810693,,-10.854885134887695,0.24765914076139459,0.17880773313190587,,3,292,1.3353670510696247e-05,1.3448061508825049e-05,1.348296609648969e-05,,,,,,0.0,0.0,0.0
128,640000,dataset_roots/N_640000/h_0.0001,0.0001,split_mlp,6,regime_capacity,h_0.0001,1814,5096.593505230965,,-10.838917514038085,0.27972852462668574,0.16989789587302248,,-10.892467933654785,0.27989918063650765,0.16398118143360219,,-10.877070379638672,0.28050270774421693,0.17005818991079039,,29,297,1.323335527558811e-05,1.3250544725451618e-05,1.3280679922900163e-05,,,,,,0.0,0.0,0.0
128,640000,dataset_roots/N_640000/h_0.0001,0.0001,split_mlp,7,regime_capacity,h_0.0001,1814,4806.396116863005,,-10.788152017211914,0.272017737690302,0.21616733432598653,,-10.844495571899413,0.2736409383979329,0.214814296834734,,-10.819471711730957,0.2708154054236989,0.2201067192830938,,196,270,2.270908771606628e-05,2.297751052537933e-05,2.289851545356214e-05,,,,,,0.0,0.0,0.0
128,640000,dataset_roots/N_640000/h_0.0001,0.0001,split_mlp,8,regime_capacity,h_0.0001,1814,5098.495836921036,,-10.753182208251953,0.37810082347719043,0.19489966943112025,,-10.791841329956055,0.3772970247714122,0.1897008947212392,,-10.767041038513183,0.3804399985271803,0.19291358213481458,,3,284,1.6689960830262862e-05,1.6763448002166115e-05,1.6920788766583428e-05,,,,,,0.0,0.0,0.0
128,640000,dataset_roots/N_640000/h_0.0001,0.0001,split_mlp,9,regime_capacity,h_0.0001,1814,4748.88282015,,-10.827430087280273,0.33641964138528074,0.16503646044205775,,-10.867039781188964,0.33755750182415123,0.162028513514476,,-10.848449531555175,0.3372661665259552,0.16637497089752068,,1,294,2.0896060959785245e-05,2.095448326144833e-05,2.146934457414318e-05,,,,,,0.0,0.0,0.0
256,640000,dataset_roots/N_640000/h_0.0001,0.0001,joint_fourier,0,regime_capacity,h_0.0001,3584,931.296458223951,286,-8.95015335,0.111803353,2.07405496,1.50846336e-06,-8.9753437,0.111672111,2.0936954,2.09373161e-06,-8.94928074,0.112032667,2.03288555,1.93651385e-06,,,,,,,,,,,,,
256,640000,dataset_roots/N_640000/h_0.0001,0.0001,joint_fourier,1,regime_capacity,h_0.0001,3584,845.4159835309256,296,-9.083745,0.12144658,1.01706886,5.56862824e-06,-9.10397053,0.121228039,1.01452863,5.71207738e-06,-9.06597805,0.121512927,1.00562871,5.66345307e-06,,,,,,,,,,,,,
256,640000,dataset_roots/N_640000/h_0.0001,0.0001,joint_fourier,2,regime_capacity,h_0.0001,3584,930.7592218270293,290,-8.97721386,0.149948806,1.19623148,4.2291008e-06,-9.0196104,0.148536101,1.19738913,4.34534013e-06,-8.98076344,0.149542838,1.17683423,4.39319183e-06,,,,,,,,,,,,,
256,640000,dataset_roots/N_640000/h_0.0001,0.0001,joint_fourier,3,regime_capacity,h_0.0001,3584,844.0822973150061,285,-8.91435432,0.15095681,2.44854093,2.30913975e-06,-8.94266605,0.150208443,2.46193266,2.60817342e-06,-8.91187191,0.150951058,2.39423561,2.63205425e-06,,,,,,,,,,,,,
256,640000,dataset_roots/N_640000/h_0.0001,0.0001,joint_fourier,4,regime_capacity,h_0.0001,3584,894.4146959369536,297,-8.9751358,0.135941699,1.33465612,2.72747593e-06,-9.00303459,0.137108028,1.33911109,2.87134799e-06,-8.97777462,0.135561839,1.30089557,2.78937864e-06,,,,,,,,,,,,,
256,640000,dataset_roots/N_640000/h_0.0001,0.0001,joint_fourier,5,regime_capacity,h_0.0001,3584,850.1278911679983,287,-8.89341259,0.159183055,2.06159854,5.21840093e-06,-8.92717361,0.159461483,2.05734444,5.4990137e-06,-8.8915205,0.158913925,2.02620292,5.7428033e-06,,,,,,,,,,,,,
256,640000,dataset_roots/N_640000/h_0.0001,0.0001,joint_fourier,6,regime_capacity,h_0.0001,3584,896.3623003410175,299,-8.93552208,0.197183192,1.7921927,4.67758764e-06,-8.96619701,0.196325168,1.80291355,4.79717028e-06,-8.93086624,0.197295979,1.78334808,4.91406763e-06,,,,,,,,,,,,,
256,640000,dataset_roots/N_640000/h_0.0001,0.0001,joint_fourier,7,regime_capacity,h_0.0001,3584,840.100219820044,299,-8.86641216,0.141541407,2.51271534,2.75302182e-06,-8.89281082,0.141832694,2.54223418,3.0741553e-06,-8.86799049,0.140761063,2.48797584,3.20746881e-06,,,,,,,,,,,,,
256,640000,dataset_roots/N_640000/h_0.0001,0.0001,joint_fourier,8,regime_capacity,h_0.0001,3584,891.2669873969862,299,-9.07695103,0.139073536,0.872646689,9.82094843e-06,-9.11285877,0.138303801,0.873965621,9.83835071e-06,-9.07793236,0.13884151,0.8660568,1.03846378e-05,,,,,,,,,,,,,
256,640000,dataset_roots/N_640000/h_0.0001,0.0001,joint_fourier,9,regime_capacity,h_0.0001,3584,839.2717371489853,298,-8.92063332,0.122189298,1.56342554,1.6701e-06,-8.96931362,0.122476034,1.55311799,1.9692809e-06,-8.93209076,0.122131966,1.53603554,1.85982185e-06,,,,,,,,,,,,,
256,640000,dataset_roots/N_640000/h_0.0001,0.0001,split_fourier,0,regime_capacity,h_0.0001,3584,4575.609335065004,,-8.944507598876953,0.2561300992965698,1.3451931476593018,,-8.977034568786621,0.25556498765945435,1.367922306060791,,-8.950983047485352,0.2573879063129425,1.3178818225860596,,4,293,4.21071536038653e-06,4.601529781211866e-06,4.802029707207112e-06,,,,,,,,
256,640000,dataset_roots/N_640000/h_0.0001,0.0001,split_fourier,1,regime_capacity,h_0.0001,3584,4386.169204815989,,-9.055079460144043,0.3637372851371765,0.9466568827629089,,-9.080998420715332,0.3625626266002655,0.9427055716514587,,-9.045337677001953,0.362775593996048,0.935364305973053,,90,290,9.886634870781563e-06,9.824059816310182e-06,1.006557431537658e-05,,,,,,,,
256,640000,dataset_roots/N_640000/h_0.0001,0.0001,split_fourier,2,regime_capacity,h_0.0001,3584,4558.513261090964,,-8.970233917236328,0.2644135653972626,0.9981300234794617,,-9.008232116699219,0.2682468593120575,0.9948583841323853,,-8.983614921569824,0.26489198207855225,0.9755029082298279,,3,277,9.952646905730944e-06,9.959157068806235e-06,9.9124572443543e-06,,,,,,,,
256,640000,dataset_roots/N_640000/h_0.0001,0.0001,split_fourier,3,regime_capacity,h_0.0001,3584,4359.503547608969,,-8.959718704223633,0.2986266016960144,1.3926512002944946,,-8.990957260131836,0.29613709449768066,1.3977746963500977,,-8.9567232131958,0.30118441581726074,1.3645505905151367,,34,294,9.28730150917545e-06,9.49446257436648e-06,9.671638508734759e-06,,,,,,,,
256,640000,dataset_roots/N_640000/h_0.0001,0.0001,split_fourier,4,regime_capacity,h_0.0001,3584,4609.21836339205,,-8.976432800292969,0.22825433313846588,1.0349997282028198,,-8.993507385253906,0.2298699915409088,1.035975694656372,,-8.970605850219727,0.22835177183151245,1.0072788000106812,,2,278,8.071493539318908e-06,8.17773980088532e-06,8.283935130748432e-06,,,,,,,,
256,640000,dataset_roots/N_640000/h_0.0001,0.0001,split_fourier,5,regime_capacity,h_0.0001,3584,4333.527675386053,,-8.95609188079834,0.29151880741119385,1.2846238613128662,,-8.973260879516602,0.29144808650016785,1.2914621829986572,,-8.954863548278809,0.29448002576828003,1.2786451578140259,,6,298,6.235472937987652e-06,6.364507498801686e-06,6.314945039775921e-06,,,,,,,,
256,640000,dataset_roots/N_640000/h_0.0001,0.0001,split_fourier,6,regime_capacity,h_0.0001,3584,4644.864105092944,,-8.932904243469238,0.3785167634487152,1.3068041801452637,,-8.954535484313965,0.3741300404071808,1.3170286417007446,,-8.932613372802734,0.38136082887649536,1.3073216676712036,,122,297,1.0761309567897115e-05,1.074261399480747e-05,1.1116453606518917e-05,,,,,,,,
256,640000,dataset_roots/N_640000/h_0.0001,0.0001,split_fourier,7,regime_capacity,h_0.0001,3584,4383.365568036097,,-8.910202980041504,0.40992453694343567,1.2740252017974854,,-8.940794944763184,0.40889665484428406,1.2934234142303467,,-8.912447929382324,0.40915682911872864,1.2620849609375,,196,295,6.194168690853985e-06,6.4592586568323895e-06,6.568662229256006e-06,,,,,,,,
256,640000,dataset_roots/N_640000/h_0.0001,0.0001,split_fourier,8,regime_capacity,h_0.0001,3584,4497.239662367967,,-9.073423385620117,0.2800484895706177,0.7489126324653625,,-9.112299919128418,0.28045085072517395,0.7505460381507874,,-9.090332984924316,0.28190645575523376,0.7454045414924622,,3,292,1.1543631444510538e-05,1.1731544873327948e-05,1.1566124157980084e-05,,,,,,,,
256,640000,dataset_roots/N_640000/h_0.0001,0.0001,split_fourier,9,regime_capacity,h_0.0001,3584,4420.345996625023,,-8.928475379943848,0.32102760672569275,1.0609792470932007,,-8.968637466430664,0.3241337537765503,1.0556219816207886,,-8.939623832702637,0.3214587867259979,1.0507292747497559,,1,286,5.451637207443127e-06,6.174695954541676e-06,5.649664217344252e-06,,,,,,,,
256,640000,dataset_roots/N_640000/h_0.0001,0.0001,arff,0,regime_capacity,h_0.0001,3584,102.46487005299423,,-9.120293617248535,0.2647314965724945,0.09986967593431473,-0.18927736580371857,-9.155545234680176,0.26453399658203125,0.09772295504808426,-0.13358169794082642,-9.133378982543945,0.26385676860809326,0.09949599206447601,-0.1324935406446457,,,,,,1,276,0.4722968637943268,0.4772000014781952,0.4706999957561493,,,
256,640000,dataset_roots/N_640000/h_0.0001,0.0001,arff,1,regime_capacity,h_0.0001,3584,101.8061612440506,,-9.166435241699219,0.5031213164329529,0.0957779586315155,-0.11488160490989685,-9.19616985321045,0.5018097162246704,0.09386983513832092,-0.11469729244709015,-9.182929992675781,0.5018036365509033,0.09598998725414276,-0.11440014839172363,,,,,,33,300,0.47420936822891235,0.4691999852657318,0.4731999933719635,,,
256,640000,dataset_roots/N_640000/h_0.0001,0.0001,arff,2,regime_capacity,h_0.0001,3584,101.9222968070535,,-9.119880676269531,0.30777159333229065,0.09634502232074738,-0.12757346034049988,-9.129401206970215,0.3104032874107361,0.0942811593413353,-0.12569402158260345,-9.146862030029297,0.308569997549057,0.0958675816655159,-0.12587867677211761,,,,,,9,299,0.48144373297691345,0.48169997334480286,0.48099997639656067,,,
256,640000,dataset_roots/N_640000/h_0.0001,0.0001,arff,3,regime_capacity,h_0.0001,3584,100.18919312802609,,-9.249319076538086,0.2274760603904724,0.09777285158634186,-0.14439451694488525,-9.283186912536621,0.2266978770494461,0.09574112296104431,-0.13231125473976135,-9.275275230407715,0.2273571491241455,0.09798063337802887,-0.1314062923192978,,,,,,1,298,0.4650343656539917,0.46459999680519104,0.4706999957561493,,,
256,640000,dataset_roots/N_640000/h_0.0001,0.0001,arff,4,regime_capacity,h_0.0001,3584,102.71352599398233,,-9.263110160827637,0.25413545966148376,0.09670253843069077,-0.11185317486524582,-9.290504455566406,0.25128716230392456,0.09473679959774017,-0.11218048632144928,-9.292844772338867,0.25401589274406433,0.09657209366559982,-0.11200939118862152,,,,,,1,290,0.46777498722076416,0.47029998898506165,0.46869999170303345,,,
256,640000,dataset_roots/N_640000/h_0.0001,0.0001,arff,5,regime_capacity,h_0.0001,3584,102.23671576392371,,-9.112001419067383,0.8849472403526306,0.0952451303601265,-0.14314228296279907,-9.152124404907227,0.8933757543563843,0.09309965372085571,-0.1394270956516266,-9.113592147827148,0.8837568759918213,0.09465263038873672,-0.13886916637420654,,,,,,102,297,0.45920154452323914,0.45819997787475586,0.45479997992515564,,,
256,640000,dataset_roots/N_640000/h_0.0001,0.0001,arff,6,regime_capacity,h_0.0001,3584,102.11667428200599,,-9.230999946594238,0.9944441914558411,0.09681253135204315,-0.14787393808364868,-9.269632339477539,1.0113215446472168,0.09480984508991241,-0.14605779945850372,-9.259100914001465,0.9969027638435364,0.09648274630308151,-0.1329178512096405,,,,,,193,298,0.46357497572898865,0.4708999991416931,0.46779999136924744,,,
256,640000,dataset_roots/N_640000/h_0.0001,0.0001,arff,7,regime_capacity,h_0.0001,3584,100.76682788401376,,-9.177115440368652,0.23557063937187195,0.09502176195383072,-0.13677583634853363,-9.182154655456543,0.23405972123146057,0.09301843494176865,-0.13667380809783936,-9.197794914245605,0.23693469166755676,0.09498902410268784,-0.1364295780658722,,,,,,1,289,0.45442187786102295,0.4518999755382538,0.4584999978542328,,,
256,640000,dataset_roots/N_640000/h_0.0001,0.0001,arff,8,regime_capacity,h_0.0001,3584,102.84540058602579,,-9.251879692077637,0.7586330771446228,0.09660670906305313,-0.13038283586502075,-9.2813138961792,0.7613031268119812,0.09471344202756882,-0.12548595666885376,-9.271599769592285,0.7584559917449951,0.09624079614877701,-0.12525026500225067,,,,,,89,282,0.4627734124660492,0.4649999737739563,0.4624999761581421,,,
256,640000,dataset_roots/N_640000/h_0.0001,0.0001,arff,9,regime_capacity,h_0.0001,3584,102.27332976891194,,-9.07946491241455,0.695205569267273,0.09844042360782623,-0.12902554869651794,-9.116795539855957,0.7010166049003601,0.09637799859046936,-0.12726512551307678,-9.1041259765625,0.6968176364898682,0.09806632995605469,-0.12942832708358765,,,,,,72,273,0.4774359166622162,0.4745999872684479,0.4773999750614166,,,
256,640000,dataset_roots/N_640000/h_0.0001,0.0001,joint_mlp,0,regime_capacity,h_0.0001,3554,1032.7213851230917,294,-10.9736919,0.0481156819,0.179621384,1.05119843e-05,-11.0138702,0.0482580401,0.177774474,1.05328518e-05,-11.0037689,0.0478824265,0.177459344,1.06895868e-05,,,,,,,,,,,,,
256,640000,dataset_roots/N_640000/h_0.0001,0.0001,joint_mlp,1,regime_capacity,h_0.0001,3554,1003.8977589410497,299,-10.999465,0.0605485998,0.220003024,1.04908859e-05,-11.0379753,0.0606390871,0.220465809,1.05661466e-05,-11.0300932,0.0602618232,0.219065174,1.05111476e-05,,,,,,,,,,,,,
256,640000,dataset_roots/N_640000/h_0.0001,0.0001,joint_mlp,2,regime_capacity,h_0.0001,3554,1004.1474845659686,279,-10.9933529,0.0538963005,0.183201,1.3573489e-05,-11.0285683,0.0541802794,0.185175851,1.37565894e-05,-11.0224743,0.0535292365,0.184221014,1.38317346e-05,,,,,,,,,,,,,
256,640000,dataset_roots/N_640000/h_0.0001,0.0001,joint_mlp,3,regime_capacity,h_0.0001,3554,972.0686533049447,296,-10.9436064,0.0649397001,0.197738662,1.14150171e-05,-10.9855289,0.0649238378,0.19962208,1.14335735e-05,-10.9834061,0.064950034,0.196750507,1.14325658e-05,,,,,,,,,,,,,
256,640000,dataset_roots/N_640000/h_0.0001,0.0001,joint_mlp,4,regime_capacity,h_0.0001,3554,1035.4271618260536,294,-10.9418173,0.0539038852,0.204722166,1.22158672e-05,-10.9702711,0.0539278351,0.204896197,1.22951087e-05,-10.9605713,0.0537558272,0.205561712,1.26375271e-05,,,,,,,,,,,,,
256,640000,dataset_roots/N_640000/h_0.0001,0.0001,joint_mlp,5,regime_capacity,h_0.0001,3554,971.9000611670781,207,-10.9506035,0.0691012889,0.199398309,1.29086939e-05,-11.000885,0.0691682547,0.197429866,1.29943392e-05,-10.9761791,0.0688143447,0.198528454,1.29601922e-05,,,,,,,,,,,,,
256,640000,dataset_roots/N_640000/h_0.0001,0.0001,joint_mlp,6,regime_capacity,h_0.0001,3554,1047.957808385021,244,-10.9364462,0.060072571,0.272627681,8.89381772e-06,-10.9850025,0.0600748174,0.276051939,8.96950587e-06,-10.9563198,0.0597414412,0.274386108,8.98371218e-06,,,,,,,,,,,,,
256,640000,dataset_roots/N_640000/h_0.0001,0.0001,joint_mlp,7,regime_capacity,h_0.0001,3554,990.6027363699395,243,-10.9728279,0.0472384579,0.214945078,1.41207538e-05,-11.0093517,0.0473684408,0.214364901,1.44113646e-05,-10.9914465,0.0469430797,0.213602811,1.42616236e-05,,,,,,,,,,,,,
256,640000,dataset_roots/N_640000/h_0.0001,0.0001,joint_mlp,8,regime_capacity,h_0.0001,3554,1019.9603431780124,296,-10.955348,0.0690507144,0.216125861,9.40431346e-06,-11.0061064,0.0689604506,0.217338517,9.46867203e-06,-10.983737,0.0691832453,0.216118038,9.4053139e-06,,,,,,,,,,,,,
256,640000,dataset_roots/N_640000/h_0.0001,0.0001,joint_mlp,9,regime_capacity,h_0.0001,3554,970.5686690199655,257,-10.9852514,0.0628593415,0.248443574,1.07338192e-05,-11.0315876,0.0630395636,0.249702632,1.07501501e-05,-11.0007143,0.0624147244,0.249779075,1.07749147e-05,,,,,,,,,,,,,
256,640000,dataset_roots/N_640000/h_0.0001,0.0001,split_mlp,0,regime_capacity,h_0.0001,3554,4955.223482939997,,-10.794169676208496,0.5049054488873903,0.20157673980595667,,-10.824653288269044,0.5077111931112639,0.20400780760848214,,-10.828541848754883,0.504096227948784,0.2022554156568943,,0,296,1.7670998204266652e-05,1.7655376723269e-05,1.7814863895182498e-05,,,,,,0.0,0.0,0.0
256,640000,dataset_roots/N_640000/h_0.0001,0.0001,split_mlp,1,regime_capacity,h_0.0001,3554,4768.100542375934,,-10.845621575927735,0.30468873310719313,0.18615154117450183,,-10.864548056030273,0.3051771484113196,0.18555602446284386,,-10.868855052185058,0.305519638046916,0.1865251098013768,,5,256,1.2382736713334452e-05,1.2514788068074267e-05,1.2524493286036886e-05,,,,,,0.0,0.0,0.0
256,640000,dataset_roots/N_640000/h_0.0001,0.0001,split_mlp,2,regime_capacity,h_0.0001,3554,5060.980252419948,,-10.925026165771484,0.25805878475298816,0.17448160187505302,,-10.957349993896484,0.25875345829835195,0.17463675845822021,,-10.966156256103515,0.2582817243369589,0.1756074586134457,,32,279,1.6555557522224262e-05,1.6603749827481806e-05,1.6632726328680292e-05,,,,,,0.0,0.0,0.0
256,640000,dataset_roots/N_640000/h_0.0001,0.0001,split_mlp,3,regime_capacity,h_0.0001,3554,4830.621114571928,,-10.874571624755859,0.39728806541653655,0.17375205232450655,,-10.909284899902344,0.39404491817626913,0.17021617090205013,,-10.897791816711425,0.4016322153613138,0.1809729711213844,,12,249,1.9245468138251454e-05,1.9378097931621596e-05,1.9274921214673668e-05,,,,,,0.0,0.0,0.0
256,640000,dataset_roots/N_640000/h_0.0001,0.0001,split_mlp,4,regime_capacity,h_0.0001,3554,5075.1403637740295,,-10.814032647705078,0.39638796631172296,0.20151831618125818,,-10.849781303405761,0.3967071589539905,0.2045219546264411,,-10.847046116638184,0.3981399789518957,0.20199914134927208,,0,220,2.4430722987744957e-05,2.5147313863271847e-05,2.4765698981354944e-05,,,,,,0.0,0.0,0.0
256,640000,dataset_roots/N_640000/h_0.0001,0.0001,split_mlp,5,regime_capacity,h_0.0001,3554,4817.945215224056,,-10.777215544128419,0.39842902409445285,0.1851635893720166,,-10.810600047302247,0.4011096622473835,0.18266893883574964,,-10.812633432006836,0.39467536052833707,0.18404698747263873,,5,290,1.730113035591785e-05,1.7571208445588127e-05,1.7416527043678798e-05,,,,,,0.0,0.0,0.0
256,640000,dataset_roots/N_640000/h_0.0001,0.0001,split_mlp,6,regime_capacity,h_0.0001,3554,5000.290412095026,,-10.853475939941406,0.3958737735635996,0.21638596731117282,,-10.88309615020752,0.3949927028859736,0.21409565212408396,,-10.88151714630127,0.39868058631201814,0.21261182147908833,,30,296,2.3467106075258926e-05,2.3629036149941385e-05,2.3770748157403432e-05,,,,,,0.0,0.0,0.0
256,640000,dataset_roots/N_640000/h_0.0001,0.0001,split_mlp,7,regime_capacity,h_0.0001,3554,4818.59894780803,,-10.906527442932129,0.29774154459164265,0.171540358256895,,-10.931948770141602,0.29955010819266226,0.17147605279901784,,-10.932344403076172,0.2957634474594434,0.17240353278372345,,196,267,2.2031415937817656e-05,2.218124245700892e-05,2.20816600631224e-05,,,,,,0.0,0.0,0.0
256,640000,dataset_roots/N_640000/h_0.0001,0.0001,split_mlp,8,regime_capacity,h_0.0001,3554,5011.059733495,,-10.786776086425782,0.4141877625485982,0.1758859696665249,,-10.835819993591308,0.4134065151162634,0.17930245331291195,,-10.822382083129883,0.41667787676808216,0.1756944528945717,,3,296,2.1354202544898726e-05,2.1417590687633492e-05,2.1443349396577105e-05,,,,,,0.0,0.0,0.0
256,640000,dataset_roots/N_640000/h_0.0001,0.0001,split_mlp,9,regime_capacity,h_0.0001,3554,4754.127891267999,,-10.878635232543946,0.3262269080734,0.1756341734776787,,-10.909128091430665,0.32686631819924633,0.1656056749462196,,-10.907365356445313,0.3271163904314339,0.1782247528372348,,1,293,2.94742076221155e-05,2.9705772249144502e-05,2.9578397516161203e-05,,,,,,0.0,0.0,0.0
512,640000,dataset_roots/N_640000/h_0.0001,0.0001,joint_fourier,0,regime_capacity,h_0.0001,7168,896.5093280080473,285,-9.09152508,0.124424979,1.20124447,1.30330818e-05,-9.13100624,0.12316566,1.18995166,1.31363659e-05,-9.10918903,0.125819951,1.17676997,1.32302503e-05,,,,,,,,,,,,,
512,640000,dataset_roots/N_640000/h_0.0001,0.0001,joint_fourier,1,regime_capacity,h_0.0001,7168,840.374075421947,296,-8.93710423,0.186335519,1.27884042,8.50829201e-06,-8.98572922,0.185353011,1.2837534,8.73029967e-06,-8.93619061,0.18571423,1.26447594,8.59952252e-06,,,,,,,,,,,,,
512,640000,dataset_roots/N_640000/h_0.0001,0.0001,joint_fourier,2,regime_capacity,h_0.0001,7168,903.6824542609975,288,-8.99124622,0.157689586,1.48755097,4.26609995e-06,-9.0156765,0.158368692,1.49576092,4.37847302e-06,-8.98402214,0.157869741,1.47531068,4.83106987e-06,,,,,,,,,,,,,
512,640000,dataset_roots/N_640000/h_0.0001,0.0001,joint_fourier,3,regime_capacity,h_0.0001,7168,870.8428914069664,282,-9.01456738,0.162983388,1.37498939,6.11222777e-06,-9.04119968,0.162578553,1.3783617,6.37798394e-06,-9.01590633,0.163643733,1.37667215,6.32424326e-06,,,,,,,,,,,,,
512,640000,dataset_roots/N_640000/h_0.0001,0.0001,joint_fourier,4,regime_capacity,h_0.0001,7168,889.2944829269545,290,-9.08431816,0.130579695,1.04778731,1.33159865e-05,-9.12014008,0.130653054,1.04743648,1.35841192e-05,-9.0856123,0.130882174,1.03925967,1.36599456e-05,,,,,,,,,,,,,
512,640000,dataset_roots/N_640000/h_0.0001,0.0001,joint_fourier,5,regime_capacity,h_0.0001,7168,834.7387250770116,295,-9.04094028,0.169313043,1.05158854,1.01178175e-05,-9.0769825,0.171223328,1.04783356,1.02634149e-05,-9.0416851,0.16852361,1.04186153,1.02904669e-05,,,,,,,,,,,,,
512,640000,dataset_roots/N_640000/h_0.0001,0.0001,joint_fourier,6,regime_capacity,h_0.0001,7168,885.6942261699587,281,-9.15184307,0.138243169,0.879296899,9.51758011e-06,-9.18031883,0.136767209,0.880831242,9.75485091e-06,-9.16035843,0.139276549,0.878792048,9.76790488e-06,,,,,,,,,,,,,
512,640000,dataset_roots/N_640000/h_0.0001,0.0001,joint_fourier,7,regime_capacity,h_0.0001,7168,838.6015581759857,274,-9.06673908,0.177344739,1.5456419,2.28209433e-06,-9.09390926,0.177692458,1.55950415,2.63825086e-06,-9.054883,0.17773594,1.52046633,3.04211994e-06,,,,,,,,,,,,,
512,640000,dataset_roots/N_640000/h_0.0001,0.0001,joint_fourier,8,regime_capacity,h_0.0001,7168,878.6501447029877,296,-9.06881809,0.14827922,0.916648269,1.59762822e-05,-9.10541058,0.147508413,0.915396869,1.59569772e-05,-9.0635643,0.149371594,0.903912961,1.61907101e-05,,,,,,,,,,,,,
512,640000,dataset_roots/N_640000/h_0.0001,0.0001,joint_fourier,9,regime_capacity,h_0.0001,7168,836.4207327460172,297,-9.01547432,0.199026793,1.56804812,7.52328378e-06,-9.04509544,0.199780881,1.57478392,8.09493758e-06,-9.01457405,0.199485257,1.54603112,8.09892026e-06,,,,,,,,,,,,,
512,640000,dataset_roots/N_640000/h_0.0001,0.0001,split_fourier,0,regime_capacity,h_0.0001,7168,4585.304301586002,,-9.09778118133545,0.4258013367652893,0.8898350596427917,,-9.125336647033691,0.4236331880092621,0.8795110583305359,,-9.114189147949219,0.42694616317749023,0.8729463815689087,,83,285,1.8119300875696354e-05,1.8647280739969574e-05,1.858216455730144e-05,,,,,,,,
512,640000,dataset_roots/N_640000/h_0.0001,0.0001,split_fourier,1,regime_capacity,h_0.0001,7168,4382.723398927017,,-9.004792213439941,0.49970492720603943,1.019591212272644,,-9.03915786743164,0.5011333227157593,1.0220223665237427,,-9.009761810302734,0.5015642046928406,1.0027011632919312,,81,290,1.1767559954023454e-05,1.2536623216874432e-05,1.1783515219576657e-05,,,,,,,,
512,640000,dataset_roots/N_640000/h_0.0001,0.0001,split_fourier,2,regime_capacity,h_0.0001,7168,4521.986821859027,,-8.974967956542969,0.37783288955688477,1.1146372556686401,,-9.0022611618042,0.3730469048023224,1.1211453676223755,,-8.96729850769043,0.3758144974708557,1.105648159980774,,32,276,6.612393008254003e-06,6.8168696998327505e-06,7.1641225076746196e-06,,,,,,,,
512,640000,dataset_roots/N_640000/h_0.0001,0.0001,split_fourier,3,regime_capacity,h_0.0001,7168,4499.730024174089,,-9.013011932373047,0.38870251178741455,1.0289123058319092,,-9.048978805541992,0.38596081733703613,1.02516508102417,,-9.011788368225098,0.38886380195617676,1.02423894405365,,34,295,1.3920942365075462e-05,1.4079211723583285e-05,1.4321311937237624e-05,,,,,,,,
512,640000,dataset_roots/N_640000/h_0.0001,0.0001,split_fourier,4,regime_capacity,h_0.0001,7168,4637.445208960911,,-9.04609203338623,0.44557875394821167,0.7604604363441467,,-9.073369026184082,0.44331327080726624,0.7467011213302612,,-9.061098098754883,0.4473712146282196,0.7538952827453613,,68,288,1.180644721898716e-05,1.204535692522768e-05,1.1954854016948957e-05,,,,,,,,
512,640000,dataset_roots/N_640000/h_0.0001,0.0001,split_fourier,5,regime_capacity,h_0.0001,7168,4362.0574544389965,,-9.057578086853027,0.4108677804470062,0.8722549080848694,,-9.08276081085205,0.41020557284355164,0.8661872148513794,,-9.07068920135498,0.4139365255832672,0.8633604645729065,,0,294,1.4368878510140348e-05,1.4474025192612316e-05,1.4845203622826375e-05,,,,,,,,
512,640000,dataset_roots/N_640000/h_0.0001,0.0001,split_fourier,6,regime_capacity,h_0.0001,7168,4570.433472069912,,-9.147613525390625,0.43764474987983704,0.7767341136932373,,-9.176616668701172,0.43374431133270264,0.7764323949813843,,-9.165695190429688,0.43864333629608154,0.7745808959007263,,122,286,1.4347283467941452e-05,1.4567084690497722e-05,1.458364749851171e-05,,,,,,,,
512,640000,dataset_roots/N_640000/h_0.0001,0.0001,split_fourier,7,regime_capacity,h_0.0001,7168,4525.1131628070725,,-9.122641563415527,0.3894645571708679,0.7567068338394165,,-9.148818969726562,0.38860055804252625,0.7568829655647278,,-9.125608444213867,0.3907184600830078,0.743750274181366,,36,297,1.1560674465727061e-05,1.2144358151999768e-05,1.3604598279925995e-05,,,,,,,,
512,640000,dataset_roots/N_640000/h_0.0001,0.0001,split_fourier,8,regime_capacity,h_0.0001,7168,4722.749823935912,,-9.053732872009277,0.492751806974411,0.7290825843811035,,-9.098628044128418,0.49150097370147705,0.7264829874038696,,-9.048959732055664,0.49142536520957947,0.7204082012176514,,118,275,1.9070621419814415e-05,1.9591423551901244e-05,1.928727579070255e-05,,,,,,,,
512,640000,dataset_roots/N_640000/h_0.0001,0.0001,split_fourier,9,regime_capacity,h_0.0001,7168,4367.416224094923,,-9.038994789123535,0.4078052341938019,1.0662287473678589,,-9.066263198852539,0.4098532199859619,1.067277431488037,,-9.033402442932129,0.408420592546463,1.0518022775650024,,1,284,1.5984896890586242e-05,1.6014568245736882e-05,1.607042213436216e-05,,,,,,,,
512,640000,dataset_roots/N_640000/h_0.0001,0.0001,arff,0,regime_capacity,h_0.0001,7168,388.7598626189865,,-9.301119804382324,0.27639830112457275,0.08888997882604599,-0.12383168190717697,-9.337762832641602,0.27582111954689026,0.08680737763643265,-0.12409807741641998,-9.320232391357422,0.27552342414855957,0.0885319709777832,-0.12256001681089401,,,,,,1,300,0.45292654633522034,0.4616999924182892,0.4545999765396118,,,
512,640000,dataset_roots/N_640000/h_0.0001,0.0001,arff,1,regime_capacity,h_0.0001,7168,379.00123548391275,,-9.291720390319824,0.5374996066093445,0.08916798233985901,-0.1248667985200882,-9.324430465698242,0.5361037254333496,0.08733747899532318,-0.12249964475631714,-9.321832656860352,0.5363757014274597,0.08905414491891861,-0.12305838614702225,,,,,,31,300,0.4619280993938446,0.4617999792098999,0.47200000286102295,,,
512,640000,dataset_roots/N_640000/h_0.0001,0.0001,arff,2,regime_capacity,h_0.0001,7168,391.06542900798377,,-9.304661750793457,0.2973480522632599,0.08824717998504639,-0.15290911495685577,-9.336966514587402,0.2992402911186218,0.08614365011453629,-0.15057049691677094,-9.327404022216797,0.2982032597064972,0.08783993124961853,-0.1532076746225357,,,,,,8,293,0.4626484215259552,0.4684000015258789,0.46779999136924744,,,
512,640000,dataset_roots/N_640000/h_0.0001,0.0001,arff,3,regime_capacity,h_0.0001,7168,389.93403415894136,,-9.30176067352295,0.23812851309776306,0.09050418436527252,-0.12926478683948517,-9.34009075164795,0.23743225634098053,0.08864042162895203,-0.1292051374912262,-9.330695152282715,0.23793740570545197,0.09006231278181076,-0.12868429720401764,,,,,,1,298,0.47528278827667236,0.49069997668266296,0.48159998655319214,,,
512,640000,dataset_roots/N_640000/h_0.0001,0.0001,arff,4,regime_capacity,h_0.0001,7168,391.68643477605656,,-9.324491500854492,0.2602761387825012,0.08624163269996643,-0.12516652047634125,-9.354991912841797,0.2573462128639221,0.08420885354280472,-0.12315558642148972,-9.331852912902832,0.2601803243160248,0.08586834371089935,-0.12434184551239014,,,,,,1,295,0.47233280539512634,0.47679999470710754,0.4667999744415283,,,
512,640000,dataset_roots/N_640000/h_0.0001,0.0001,arff,5,regime_capacity,h_0.0001,7168,380.32554953102954,,-9.256499290466309,0.24141725897789001,0.08646418899297714,-0.12290473282337189,-9.303471565246582,0.23936976492404938,0.08451081067323685,-0.1207057312130928,-9.260215759277344,0.24090883135795593,0.08599000424146652,-0.12104392796754837,,,,,,1,298,0.47819218039512634,0.47919997572898865,0.4756999909877777,,,
512,640000,dataset_roots/N_640000/h_0.0001,0.0001,arff,6,regime_capacity,h_0.0001,7168,391.3459946520161,,-9.302986145019531,1.1176776885986328,0.08752821385860443,-0.13235735893249512,-9.324471473693848,1.1316144466400146,0.08550996333360672,-0.13104675710201263,-9.321707725524902,1.1242092847824097,0.08749525994062424,-0.13173188269138336,,,,,,207,299,0.472906231880188,0.4772999882698059,0.46859997510910034,,,
512,640000,dataset_roots/N_640000/h_0.0001,0.0001,arff,7,regime_capacity,h_0.0001,7168,394.18854081002064,,-9.319395065307617,0.2459566593170166,0.08672364801168442,-0.13218766450881958,-9.359830856323242,0.24402925372123718,0.08483637869358063,-0.129116028547287,-9.347482681274414,0.24734611809253693,0.08652565628290176,-0.13140670955181122,,,,,,1,297,0.46810469031333923,0.4812999963760376,0.4712999761104584,,,
512,640000,dataset_roots/N_640000/h_0.0001,0.0001,arff,8,regime_capacity,h_0.0001,7168,390.5087709190557,,-9.324021339416504,0.7035413980484009,0.08260885626077652,-0.147158682346344,-9.359268188476562,0.7068415880203247,0.08052927255630493,-0.14333245158195496,-9.346173286437988,0.7027168273925781,0.08245816081762314,-0.1470092087984085,,,,,,55,300,0.47568437457084656,0.4893999993801117,0.47999998927116394,,,
512,640000,dataset_roots/N_640000/h_0.0001,0.0001,arff,9,regime_capacity,h_0.0001,7168,380.17271630000323,,-9.310763359069824,0.7195855975151062,0.0859391912817955,-0.12558680772781372,-9.338401794433594,0.7303919792175293,0.08415333926677704,-0.12513473629951477,-9.33037281036377,0.7188726663589478,0.08537083864212036,-0.12376665323972702,,,,,,60,294,0.4696468710899353,0.4729999899864197,0.47039997577667236,,,
512,640000,dataset_roots/N_640000/h_0.0001,0.0001,joint_mlp,0,regime_capacity,h_0.0001,7244,1034.800025044009,244,-10.9573841,0.0398584642,0.223162502,1.40491002e-05,-10.9940701,0.0404060595,0.224580735,1.40895845e-05,-10.9933891,0.0395410657,0.220610157,1.41010951e-05,,,,,,,,,,,,,
512,640000,dataset_roots/N_640000/h_0.0001,0.0001,joint_mlp,1,regime_capacity,h_0.0001,7244,970.4924463860225,285,-10.9670954,0.0602202751,0.315879226,1.19583801e-05,-11.0023899,0.0602362305,0.309899718,1.19834713e-05,-11.0007439,0.0602246448,0.328842968,1.20188906e-05,,,,,,,,,,,,,
512,640000,dataset_roots/N_640000/h_0.0001,0.0001,joint_mlp,2,regime_capacity,h_0.0001,7244,1032.2991972310701,293,-11.0377874,0.0499240682,0.204607099,9.52703977e-06,-11.0783243,0.0498166233,0.208212852,9.68719542e-06,-11.0751028,0.0499051996,0.203324556,9.6910635e-06,,,,,,,,,,,,,
512,640000,dataset_roots/N_640000/h_0.0001,0.0001,joint_mlp,3,regime_capacity,h_0.0001,7244,964.6118537159637,285,-10.9746103,0.0499901548,0.21980454,1.07482774e-05,-11.0090456,0.0502084196,0.219262823,1.08896693e-05,-10.9912243,0.0496077798,0.219817907,1.13143988e-05,,,,,,,,,,,,,
512,640000,dataset_roots/N_640000/h_0.0001,0.0001,joint_mlp,4,regime_capacity,h_0.0001,7244,1029.9526697209803,299,-10.9766588,0.055995401,0.209138513,1.24724811e-05,-11.0170765,0.056498494,0.207927823,1.24753524e-05,-10.9886494,0.055618003,0.207602978,1.25153956e-05,,,,,,,,,,,,,
512,640000,dataset_roots/N_640000/h_0.0001,0.0001,joint_mlp,5,regime_capacity,h_0.0001,7244,1065.3607822189806,256,-10.9648771,0.0566009544,0.346765548,9.07014874e-06,-11.0071354,0.0566002056,0.303027362,9.13870917e-06,-10.99259,0.056512624,0.35387972,9.12511769e-06,,,,,,,,,,,,,
512,640000,dataset_roots/N_640000/h_0.0001,0.0001,joint_mlp,6,regime_capacity,h_0.0001,7244,1021.3663099979749,291,-10.9622822,0.0593111031,0.206514612,9.72806993e-06,-10.9848032,0.0593872219,0.205136985,9.77036689e-06,-11.0016031,0.0590014607,0.203463361,9.76023512e-06,,,,,,,,,,,,,
512,640000,dataset_roots/N_640000/h_0.0001,0.0001,joint_mlp,7,regime_capacity,h_0.0001,7244,994.556916427915,272,-10.9578915,0.0656601116,0.236271963,1.11350582e-05,-10.9979448,0.0656496212,0.230613559,1.12126463e-05,-10.9752874,0.0655717477,0.233530775,1.1220498e-05,,,,,,,,,,,,,
512,640000,dataset_roots/N_640000/h_0.0001,0.0001,joint_mlp,8,regime_capacity,h_0.0001,7244,1028.1305507250363,248,-10.9751568,0.0772792771,0.21674563,1.20223503e-05,-11.0161209,0.0773837045,0.220996886,1.22054153e-05,-11.0028172,0.0767427087,0.217775211,1.21894864e-05,,,,,,,,,,,,,
512,640000,dataset_roots/N_640000/h_0.0001,0.0001,joint_mlp,9,regime_capacity,h_0.0001,7244,971.087639853009,273,-10.9507055,0.0516749732,0.221268982,8.82355744e-06,-10.9772263,0.0517912358,0.226318285,8.85933969e-06,-10.9894123,0.0512849912,0.222755432,8.85298414e-06,,,,,,,,,,,,,
512,640000,dataset_roots/N_640000/h_0.0001,0.0001,split_mlp,0,regime_capacity,h_0.0001,7244,5079.33646171703,,-10.795088961791992,0.5123700814816025,0.16937056229936498,,-10.838286294555664,0.5150376515408883,0.17030139036802294,,-10.821474797058105,0.5121610152634435,0.1713907945583569,,0,288,2.8731958082062192e-05,2.8791257136617787e-05,2.8783131710952148e-05,,,,,,0.0,0.0,0.0
512,640000,dataset_roots/N_640000/h_0.0001,0.0001,split_mlp,1,regime_capacity,h_0.0001,7244,4841.123575450969,,-10.858206294250488,0.3159149484411068,0.1990227494484816,,-10.893479792785644,0.31665076248472657,0.19381584613340433,,-10.880510997009278,0.3165383591691428,0.19909933975024763,,5,272,1.8489112335373648e-05,1.8474664102541283e-05,1.8514765542931855e-05,,,,,,0.0,0.0,0.0
512,640000,dataset_roots/N_640000/h_0.0001,0.0001,split_mlp,2,regime_capacity,h_0.0001,7244,5060.476414795034,,-10.87932214050293,0.2992723716422946,0.21977340591189382,,-10.910189608764648,0.2998059629137857,0.19972304611642916,,-10.898506190490723,0.299785246819364,0.22553867777867745,,32,204,3.1344956369139254e-05,3.13620112137869e-05,3.1397117709275335e-05,,,,,,0.0,0.0,0.0
512,640000,dataset_roots/N_640000/h_0.0001,0.0001,split_mlp,3,regime_capacity,h_0.0001,7244,4806.179231117014,,-10.838831713867188,0.43071704453554915,0.1762143139419199,,-10.86487190246582,0.42705451123766147,0.1781298823891461,,-10.869516427612306,0.4358345958475115,0.17928651078832394,,12,282,2.330604547751136e-05,2.340018363611307e-05,2.349047463212628e-05,,,,,,0.0,0.0,0.0
512,640000,dataset_roots/N_640000/h_0.0001,0.0001,split_mlp,4,regime_capacity,h_0.0001,7244,5029.422771213925,,-10.776536347961425,0.5043512290580419,0.14978888314161043,,-10.805164642333985,0.5046229537162003,0.1483179179962086,,-10.804614518737793,0.5069757909308955,0.15602120251871093,,0,289,2.5317873223684728e-05,2.5563029339537024e-05,2.5440403987886384e-05,,,,,,0.0,0.0,0.0
512,640000,dataset_roots/N_640000/h_0.0001,0.0001,split_mlp,5,regime_capacity,h_0.0001,7244,4766.528262783075,,-10.657877684020995,0.4243345607493027,0.1905723881976575,,-10.691477250671387,0.4271593750075652,0.18827841052104055,,-10.701599940490723,0.42050506823540224,0.19034801076513672,,5,297,2.6292425900464877e-05,2.658036828506738e-05,2.658645826159045e-05,,,,,,0.0,0.0,0.0
512,640000,dataset_roots/N_640000/h_0.0001,0.0001,split_mlp,6,regime_capacity,h_0.0001,7244,4985.241158494959,,-10.82590288848877,0.4421319383750634,0.20079891779817027,,-10.859639093017577,0.44120748729772236,0.2000397188445856,,-10.826653367614746,0.44560575129639646,0.19977354865660393,,30,245,2.4438048058073036e-05,2.449509884172585e-05,2.4464996386086568e-05,,,,,,0.0,0.0,0.0
512,640000,dataset_roots/N_640000/h_0.0001,0.0001,split_mlp,7,regime_capacity,h_0.0001,7244,4803.615387229016,,-10.83681494293213,0.35221777766194695,0.16389520216264045,,-10.881121730041503,0.354463821517788,0.15795516172101007,,-10.858230833435059,0.3498876787312881,0.1622838744735281,,196,232,1.672194957791362e-05,1.68897895491682e-05,1.6890367987798527e-05,,,,,,0.0,0.0,0.0
512,640000,dataset_roots/N_640000/h_0.0001,0.0001,split_mlp,8,regime_capacity,h_0.0001,7244,4942.570191544946,,-10.803351556396484,0.4346744353064673,0.18284095449725032,,-10.81619906463623,0.43372835074002414,0.1850289371384796,,-10.838326498413085,0.43763765291959017,0.1987963449910656,,3,270,1.4818557247053832e-05,1.486934706917964e-05,1.4933549209672492e-05,,,,,,0.0,0.0,0.0
512,640000,dataset_roots/N_640000/h_0.0001,0.0001,split_mlp,9,regime_capacity,h_0.0001,7244,4820.945274907048,,-10.899148048400878,0.2678511654520422,0.18115161347213507,,-10.940296896362305,0.2684698988816073,0.17704885847796184,,-10.930981547546386,0.2680335016038874,0.1857103052338885,,1,296,2.1100762751302682e-05,2.1132160327397287e-05,2.1129557353560813e-05,,,,,,0.0,0.0,0.0
1024,640000,dataset_roots/N_640000/h_0.0001,0.0001,joint_fourier,0,regime_capacity,h_0.0001,14336,889.7872871969594,296,-9.10528374,0.24457106,0.977433443,2.25430977e-05,-9.14571381,0.246025398,0.97448808,2.28958761e-05,-9.10920143,0.243809178,0.965315402,2.2627728e-05,,,,,,,,,,,,,
1024,640000,dataset_roots/N_640000/h_0.0001,0.0001,joint_fourier,1,regime_capacity,h_0.0001,14336,864.1236310850363,296,-9.15044022,0.253506482,1.0332315,1.19222377e-05,-9.18515968,0.25567317,1.03261876,1.31388661e-05,-9.14928246,0.253462642,1.02370298,1.64507201e-05,,,,,,,,,,,,,
1024,640000,dataset_roots/N_640000/h_0.0001,0.0001,joint_fourier,2,regime_capacity,h_0.0001,14336,849.4354599079816,288,-9.03701305,0.236786395,0.910047293,1.58908315e-05,-9.06698895,0.2376609,0.904277384,1.60168893e-05,-9.03109741,0.236509696,0.903151631,1.61439493e-05,,,,,,,,,,,,,
1024,640000,dataset_roots/N_640000/h_0.0001,0.0001,joint_fourier,3,regime_capacity,h_0.0001,14336,885.6327840090962,278,-9.16072178,0.219650224,1.23939359,1.76070389e-05,-9.17792988,0.220003724,1.2293191,1.77791753e-05,-9.1618433,0.220507085,1.21540236,1.75507539e-05,,,,,,,,,,,,,
1024,640000,dataset_roots/N_640000/h_0.0001,0.0001,joint_fourier,4,regime_capacity,h_0.0001,14336,883.6705000009388,296,-9.08370972,0.253765821,1.05824339,1.9271265e-05,-9.11184788,0.255112797,1.05438292,2.04378357e-05,-9.08124161,0.254192978,1.0474962,2.4247227e-05,,,,,,,,,,,,,
1024,640000,dataset_roots/N_640000/h_0.0001,0.0001,joint_fourier,5,regime_capacity,h_0.0001,14336,837.9686480180826,295,-9.10691547,0.214976743,1.10353053,1.86183497e-05,-9.13797569,0.215910882,1.10008621,1.89313087e-05,-9.11800766,0.215164647,1.08902204,1.85999907e-05,,,,,,,,,,,,,
1024,640000,dataset_roots/N_640000/h_0.0001,0.0001,joint_fourier,6,regime_capacity,h_0.0001,14336,836.3026523609878,292,-9.04236126,0.213744268,1.25529957,1.86512971e-05,-9.07111263,0.212723732,1.25133336,1.87109436e-05,-9.0441103,0.215882599,1.24544036,1.91243962e-05,,,,,,,,,,,,,
1024,640000,dataset_roots/N_640000/h_0.0001,0.0001,joint_fourier,7,regime_capacity,h_0.0001,14336,882.5854284199886,242,-9.10156059,0.212218925,1.16264462,1.08874638e-05,-9.12878227,0.211788863,1.16083992,1.15028979e-05,-9.11017513,0.212676331,1.14690614,1.32617433e-05,,,,,,,,,,,,,
1024,640000,dataset_roots/N_640000/h_0.0001,0.0001,joint_fourier,8,regime_capacity,h_0.0001,14336,885.3559002039256,292,-9.06971836,0.257726222,1.0574255,1.84281271e-05,-9.11019802,0.258120686,1.05479264,1.8733941e-05,-9.08345413,0.255935788,1.04729259,1.89168477e-05,,,,,,,,,,,,,
1024,640000,dataset_roots/N_640000/h_0.0001,0.0001,joint_fourier,9,regime_capacity,h_0.0001,14336,849.1466060549719,299,-9.14775848,0.200719506,1.12199533,1.66108439e-05,-9.16928101,0.20190753,1.11789954,1.70103958e-05,-9.15908527,0.200291827,1.11149704,1.6653159e-05,,,,,,,,,,,,,
1024,640000,dataset_roots/N_640000/h_0.0001,0.0001,split_fourier,0,regime_capacity,h_0.0001,14336,4306.735536192078,,-9.141082763671875,0.5908464193344116,0.8376919627189636,,-9.17434310913086,0.5867764949798584,0.835379958152771,,-9.14280891418457,0.5933852195739746,0.8284649848937988,,83,281,3.1470233807340264e-05,3.171077696606517e-05,3.185107561876066e-05,,,,,,,,
1024,640000,dataset_roots/N_640000/h_0.0001,0.0001,split_fourier,1,regime_capacity,h_0.0001,14336,4717.068764820928,,-9.143760681152344,0.5620564818382263,0.9946107864379883,,-9.18126106262207,0.5606656670570374,0.9995819330215454,,-9.148493766784668,0.5621797442436218,0.9804930090904236,,92,296,2.758497248578351e-05,2.802899143716786e-05,2.7675467208609916e-05,,,,,,,,
1024,640000,dataset_roots/N_640000/h_0.0001,0.0001,split_fourier,2,regime_capacity,h_0.0001,14336,4788.858064966975,,-9.091925621032715,0.6271660327911377,0.806830644607544,,-9.108466148376465,0.6220926642417908,0.8049961924552917,,-9.099154472351074,0.6216056942939758,0.7965256571769714,,32,285,2.367706474615261e-05,2.3958718884387054e-05,2.3838249035179615e-05,,,,,,,,
1024,640000,dataset_roots/N_640000/h_0.0001,0.0001,split_fourier,3,regime_capacity,h_0.0001,14336,4467.869665107108,,-9.129925727844238,0.5835534334182739,0.9335994720458984,,-9.150481224060059,0.5783973932266235,0.9248635172843933,,-9.144497871398926,0.5824892520904541,0.9194855093955994,,34,283,2.4556646167184226e-05,2.4933646272984333e-05,2.469485843903385e-05,,,,,,,,
1024,640000,dataset_roots/N_640000/h_0.0001,0.0001,split_fourier,4,regime_capacity,h_0.0001,14336,4236.664695912972,,-9.080753326416016,0.4709359109401703,0.8582402467727661,,-9.109590530395508,0.47214046120643616,0.8522385358810425,,-9.092228889465332,0.4728561341762543,0.8496719002723694,,0,287,2.607932037790306e-05,2.8447968361433595e-05,3.0227874958654866e-05,,,,,,,,
1024,640000,dataset_roots/N_640000/h_0.0001,0.0001,split_fourier,5,regime_capacity,h_0.0001,14336,4588.321703258087,,-9.13359260559082,0.545080840587616,0.9281532764434814,,-9.168006896972656,0.5445379018783569,0.9281814098358154,,-9.128704071044922,0.5472887754440308,0.9172050952911377,,47,294,3.258997094235383e-05,3.293196277809329e-05,3.315461435704492e-05,,,,,,,,
1024,640000,dataset_roots/N_640000/h_0.0001,0.0001,split_fourier,6,regime_capacity,h_0.0001,14336,4583.312276529032,,-9.11981201171875,0.5000513195991516,0.9518458843231201,,-9.149153709411621,0.4950276017189026,0.9468152523040771,,-9.120182991027832,0.5016621351242065,0.9469669461250305,,57,299,3.415718674659729e-05,3.458623541519046e-05,3.426401235628873e-05,,,,,,,,
1024,640000,dataset_roots/N_640000/h_0.0001,0.0001,split_fourier,7,regime_capacity,h_0.0001,14336,4457.845543400967,,-9.132502555847168,0.5357515811920166,0.9143927097320557,,-9.165053367614746,0.5338384509086609,0.9139274954795837,,-9.151159286499023,0.53360915184021,0.9061076045036316,,36,283,1.8352051483816467e-05,2.549881173763424e-05,2.4296061383211054e-05,,,,,,,,
1024,640000,dataset_roots/N_640000/h_0.0001,0.0001,split_fourier,8,regime_capacity,h_0.0001,14336,4347.697315904894,,-9.075262069702148,0.5315483808517456,0.9998820424079895,,-9.101472854614258,0.5273932814598083,0.9963807463645935,,-9.077106475830078,0.5319032073020935,0.9884240031242371,,76,257,1.982602225325536e-05,1.987373070733156e-05,1.984054506465327e-05,,,,,,,,
1024,640000,dataset_roots/N_640000/h_0.0001,0.0001,split_fourier,9,regime_capacity,h_0.0001,14336,4419.392697637901,,-9.178201675415039,0.4881468117237091,1.0208321809768677,,-9.215081214904785,0.4885357618331909,1.0169250965118408,,-9.196276664733887,0.48918136954307556,1.010231852531433,,1,289,2.05136548174778e-05,2.503985342627857e-05,2.1197056412347592e-05,,,,,,,,
1024,640000,dataset_roots/N_640000/h_0.0001,0.0001,arff,0,regime_capacity,h_0.0001,14336,993.5855384480674,,-9.398392677307129,0.28436729311943054,0.08034422248601913,-0.15438975393772125,-9.435179710388184,0.28375479578971863,0.07807854562997818,-0.15076185762882233,-9.421246528625488,0.28318139910697937,0.08013582974672318,-0.15386557579040527,,,,,,1,300,0.46821874380111694,0.47419998049736023,0.4713999927043915,,,
1024,640000,dataset_roots/N_640000/h_0.0001,0.0001,arff,1,regime_capacity,h_0.0001,14336,978.5948743680492,,-9.39551830291748,0.5316396951675415,0.08033352345228195,-0.13893365859985352,-9.436833381652832,0.5299900770187378,0.07801751792430878,-0.1393926441669464,-9.416234970092773,0.5278520584106445,0.07994867116212845,-0.1394694745540619,,,,,,23,299,0.47532030940055847,0.48649999499320984,0.4821999967098236,,,
1024,640000,dataset_roots/N_640000/h_0.0001,0.0001,arff,2,regime_capacity,h_0.0001,14336,984.6499109789729,,-9.424626350402832,0.3024359941482544,0.07704807072877884,-0.11552523076534271,-9.447555541992188,0.30518969893455505,0.07464689761400223,-0.11438093334436417,-9.444999694824219,0.303145170211792,0.07641217857599258,-0.11473754793405533,,,,,,6,299,0.4848937392234802,0.48649999499320984,0.49079999327659607,,,
1024,640000,dataset_roots/N_640000/h_0.0001,0.0001,arff,3,regime_capacity,h_0.0001,14336,990.9368053600192,,-9.369245529174805,0.2538151144981384,0.08082721382379532,-0.12594111263751984,-9.4067964553833,0.2535715401172638,0.07874076813459396,-0.1255962997674942,-9.401188850402832,0.25346264243125916,0.0802484005689621,-0.12591552734375,,,,,,1,296,0.4742390513420105,0.4802999794483185,0.47839999198913574,,,
1024,640000,dataset_roots/N_640000/h_0.0001,0.0001,arff,4,regime_capacity,h_0.0001,14336,989.9078192940215,,-9.3943510055542,0.2695085406303406,0.08103861659765244,-0.12063244730234146,-9.422080039978027,0.2661985158920288,0.07892535626888275,-0.1200508326292038,-9.410283088684082,0.2692922055721283,0.08081325888633728,-0.11997642368078232,,,,,,1,300,0.4747999906539917,0.47519999742507935,0.4737999737262726,,,
1024,640000,dataset_roots/N_640000/h_0.0001,0.0001,arff,5,regime_capacity,h_0.0001,14336,986.3827672349289,,-9.40087890625,0.2483377456665039,0.0800519585609436,-0.1259310245513916,-9.431347846984863,0.24631129205226898,0.07787825167179108,-0.1259240061044693,-9.417723655700684,0.24764232337474823,0.07941747456789017,-0.12457624822854996,,,,,,1,300,0.4799906015396118,0.48339998722076416,0.47759997844696045,,,
1024,640000,dataset_roots/N_640000/h_0.0001,0.0001,arff,6,regime_capacity,h_0.0001,14336,984.4276165009942,,-9.3712158203125,1.1702897548675537,0.08020901679992676,-0.14717227220535278,-9.405418395996094,1.1801928281784058,0.07778260856866837,-0.1450565904378891,-9.39200210571289,1.1777600049972534,0.0797489807009697,-0.1476520299911499,,,,,,187,297,0.4821734130382538,0.49069997668266296,0.47939997911453247,,,
1024,640000,dataset_roots/N_640000/h_0.0001,0.0001,arff,7,regime_capacity,h_0.0001,14336,990.2972065779613,,-9.388306617736816,0.2500164806842804,0.08092058449983597,-0.12271152436733246,-9.417113304138184,0.2480810284614563,0.0787619948387146,-0.12012305855751038,-9.402617454528809,0.2514040172100067,0.08041684329509735,-0.11988415569067001,,,,,,1,289,0.48961561918258667,0.49079999327659607,0.4860000014305115,,,
1024,640000,dataset_roots/N_640000/h_0.0001,0.0001,arff,8,regime_capacity,h_0.0001,14336,990.5879129199311,,-9.400489807128906,0.7384485602378845,0.08053327351808548,-0.12493574619293213,-9.430065155029297,0.7467645406723022,0.07839369028806686,-0.12439092248678207,-9.423246383666992,0.7335631251335144,0.08031173050403595,-0.12416628003120422,,,,,,46,299,0.4915124773979187,0.4926999807357788,0.4885999858379364,,,
1024,640000,dataset_roots/N_640000/h_0.0001,0.0001,arff,9,regime_capacity,h_0.0001,14336,988.3168009080691,,-9.357461929321289,0.7151910066604614,0.08058744668960571,-0.12033957242965698,-9.395971298217773,0.7245622277259827,0.07850918918848038,-0.11948703229427338,-9.376752853393555,0.7157655954360962,0.08011193573474884,-0.12013968080282211,,,,,,46,300,0.47267967462539673,0.4779999852180481,0.47279998660087585,,,
1024,640000,dataset_roots/N_640000/h_0.0001,0.0001,joint_mlp,0,regime_capacity,h_0.0001,14180,957.6212346040411,259,-10.955739,0.0602368042,0.325762987,9.12961059e-06,-10.9925318,0.0602941103,0.327331036,9.15797045e-06,-10.9921246,0.0599960573,0.333430022,9.16288081e-06,,,,,,,,,,,,,
1024,640000,dataset_roots/N_640000/h_0.0001,0.0001,joint_mlp,1,regime_capacity,h_0.0001,14180,965.0384103769902,246,-10.979208,0.0564092509,0.31944412,1.19090009e-05,-11.0079403,0.0564837456,0.311045051,1.19670403e-05,-11.0175352,0.0561452396,0.325377941,1.1927229e-05,,,,,,,,,,,,,
1024,640000,dataset_roots/N_640000/h_0.0001,0.0001,joint_mlp,2,regime_capacity,h_0.0001,14180,990.0887323420029,271,-10.9909649,0.0596738718,0.297993034,1.31546758e-05,-11.0244665,0.0596139766,0.282307178,1.31734696e-05,-11.0251102,0.0593468659,0.30650726,1.3195815e-05,,,,,,,,,,,,,
1024,640000,dataset_roots/N_640000/h_0.0001,0.0001,joint_mlp,3,regime_capacity,h_0.0001,14180,1052.4665805760305,299,-11.018013,0.0456337966,0.252661377,1.20879331e-05,-11.0454416,0.0456463806,0.243237719,1.21148651e-05,-11.0471306,0.0454335436,0.258643597,1.21240473e-05,,,,,,,,,,,,,
1024,640000,dataset_roots/N_640000/h_0.0001,0.0001,joint_mlp,4,regime_capacity,h_0.0001,14180,950.78314477799,293,-10.9512253,0.0565796904,0.251052558,1.12863454e-05,-10.9892359,0.0565770864,0.250517845,1.1361225e-05,-10.9784899,0.0564158149,0.251661152,1.13992355e-05,,,,,,,,,,,,,
1024,640000,dataset_roots/N_640000/h_0.0001,0.0001,joint_mlp,5,regime_capacity,h_0.0001,14180,999.5473174040671,270,-10.9302483,0.0588555224,0.267632216,1.14571121e-05,-10.9736795,0.0589767769,0.263102233,1.16733663e-05,-10.9597092,0.0584812015,0.2701796,1.15684343e-05,,,,,,,,,,,,,
1024,640000,dataset_roots/N_640000/h_0.0001,0.0001,joint_mlp,6,regime_capacity,h_0.0001,14180,977.8665959800128,282,-10.9791136,0.0869256109,0.198928937,1.3626598e-05,-11.0079823,0.0870559812,0.19731459,1.36025064e-05,-11.0062027,0.0863081962,0.199320704,1.36286126e-05,,,,,,,,,,,,,
1024,640000,dataset_roots/N_640000/h_0.0001,0.0001,joint_mlp,7,regime_capacity,h_0.0001,14180,965.1496501018992,297,-10.9410095,0.0788964182,0.200077564,1.02396689e-05,-10.9823294,0.0789766386,0.201356679,1.02576114e-05,-10.9776812,0.0782829747,0.199260086,1.02627782e-05,,,,,,,,,,,,,
1024,640000,dataset_roots/N_640000/h_0.0001,0.0001,joint_mlp,8,regime_capacity,h_0.0001,14180,968.7401393860346,299,-10.9621525,0.0532960892,0.183331266,1.15022476e-05,-10.9927683,0.0535338297,0.185418457,1.15713719e-05,-11.0045938,0.0528488867,0.181623042,1.15657167e-05,,,,,,,,,,,,,
1024,640000,dataset_roots/N_640000/h_0.0001,0.0001,joint_mlp,9,regime_capacity,h_0.0001,14180,978.4541416990105,268,-10.9536514,0.0603048615,0.265615106,1.31306551e-05,-10.9845905,0.0602036715,0.260030985,1.32079986e-05,-10.9889431,0.0602956526,0.265516996,1.3176058e-05,,,,,,,,,,,,,
1024,640000,dataset_roots/N_640000/h_0.0001,0.0001,split_mlp,0,regime_capacity,h_0.0001,14180,5074.432566803996,,-10.803291383361817,0.5089432903858914,0.17533944667584464,,-10.833775981140137,0.5112923807363445,0.17877499269531283,,-10.830074560546874,0.5092794556606245,0.1843787383651347,,0,271,2.6909181542578153e-05,2.6965350116370246e-05,2.695818511710968e-05,,,,,,0.0,0.0,0.0
1024,640000,dataset_roots/N_640000/h_0.0001,0.0001,split_mlp,1,regime_capacity,h_0.0001,14180,4826.75758781808,,-10.808383032226562,0.3360969589467824,0.19581368523905163,,-10.837513581848144,0.3365515013913484,0.1940915827262129,,-10.832870613098144,0.337218976190332,0.19607586680219866,,5,253,1.9469825929263607e-05,1.95496959349839e-05,1.951802369148936e-05,,,,,,0.0,0.0,0.0
1024,640000,dataset_roots/N_640000/h_0.0001,0.0001,split_mlp,2,regime_capacity,h_0.0001,14180,4740.180326152011,,-10.845523880004883,0.3576242054502037,0.2301646776322004,,-10.882375221252442,0.3576726094462133,0.22909595935203467,,-10.87822785949707,0.35892929693716724,0.2432388113616284,,32,280,2.1437930627143942e-05,2.1492740415851586e-05,2.161168958991766e-05,,,,,,0.0,0.0,0.0
1024,640000,dataset_roots/N_640000/h_0.0001,0.0001,split_mlp,3,regime_capacity,h_0.0001,14180,4798.399631968932,,-10.769908236694336,0.5268041129160641,0.2574942945040344,,-10.812686642456054,0.5220582976673926,0.2473713687859792,,-10.788352362060547,0.5331585929535543,0.2679262721144904,,12,219,2.726277853071224e-05,2.7384974600863643e-05,2.732783104875125e-05,,,,,,0.0,0.0,0.0
1024,640000,dataset_roots/N_640000/h_0.0001,0.0001,split_mlp,4,regime_capacity,h_0.0001,14180,4792.432424045051,,-10.75715170288086,0.487502463548942,0.1984378292740337,,-10.795083779907227,0.48750665426748696,0.19250898710228548,,-10.785033581542969,0.49052297216624735,0.20979285540891965,,0,270,2.7991418392048217e-05,2.801369373628404e-05,2.8413058316800743e-05,,,,,,0.0,0.0,0.0
1024,640000,dataset_roots/N_640000/h_0.0001,0.0001,split_mlp,5,regime_capacity,h_0.0001,14180,4794.773949704948,,-10.886577809143066,0.2512566295371486,0.16220057594071768,,-10.919930111694336,0.25257348777843897,0.16111867610334016,,-10.914151943969726,0.25207809533925035,0.16165580440256722,,116,237,2.811399826896377e-05,2.816610322042834e-05,2.817133645294234e-05,,,,,,0.0,0.0,0.0
1024,640000,dataset_roots/N_640000/h_0.0001,0.0001,split_mlp,6,regime_capacity,h_0.0001,14180,4792.113406813005,,-10.794794662475585,0.49013452389449913,0.22642038795245092,,-10.82478439025879,0.48907166068384034,0.20621150056723403,,-10.819023582458495,0.49399559970252466,0.23600785385976591,,30,285,2.2133104721433483e-05,2.254310493299272e-05,2.3481372409150936e-05,,,,,,0.0,0.0,0.0
1024,640000,dataset_roots/N_640000/h_0.0001,0.0001,split_mlp,7,regime_capacity,h_0.0001,14180,4708.682201946038,,-10.81633673400879,0.3807676825242196,0.17995664928332203,,-10.860577879333496,0.38296920754114216,0.1784016049576124,,-10.85044602508545,0.37867731630093904,0.18001489593429312,,196,270,2.7463162041385658e-05,2.754553861450404e-05,2.7478617994347587e-05,,,,,,0.0,0.0,0.0
1024,640000,dataset_roots/N_640000/h_0.0001,0.0001,split_mlp,8,regime_capacity,h_0.0001,14180,4898.558328520972,,-10.77827981109619,0.4368483760643019,0.2151295257183139,,-10.810536755371094,0.4356543465707424,0.2088150252831965,,-10.814112916564941,0.4398146358157826,0.2242742164532596,,3,230,2.518377914384473e-05,2.5246305085602216e-05,2.5233874112018384e-05,,,,,,0.0,0.0,0.0
1024,640000,dataset_roots/N_640000/h_0.0001,0.0001,split_mlp,9,regime_capacity,h_0.0001,14180,4811.36058673705,,-10.853681558227539,0.25838134317290384,0.18723115250236774,,-10.884733267211914,0.25870296630772244,0.18513146671734135,,-10.88084486541748,0.25858199574375684,0.18684168403556262,,1,214,2.2761714717489667e-05,2.2813643226982094e-05,2.288391988258809e-05,,,,,,0.0,0.0,0.0
