iteration,training_noisy_mse,acceptance_fraction,pre_resampling_ess,unique_parents,maximum_offspring,post_amplitude_norm,post_frequency_rms,post_centered_frequency_rms,proposal_sha256,acceptance_sha256,internal_noisy_mse
1,4934.31298828125,1.0,601.7646684683384,559,14,4.1397163853324175,0.25907645154252906,0.2590654822122699,bb74bcbd4bb32cc71749402a52e0975214aa79941ab42a28d621b7be6feccae7,484ef6e57fc31539b812a1b9e06d7b52400e3aabfae63f9dd44ad3139b51872d,4734.8642578125
2,4932.4384765625,0.8125,618.996659262302,610,15,4.781994763636639,0.41031634490860014,0.41021901840470476,35dfb2db1424c76e0d05ed97c7719fde56441003133ed7590bc40144e4363e57,641e71be5f034a3373eda13596cdedbe9bb60afb217c692bc8b32cbc1d5a0cc5,4741.43994140625
3,4925.03515625,0.9306640625,498.52866054497935,593,26,9.24343650167147,0.575216455446458,0.5748010942473265,4b4961bd4f00c85b9be64f1b7bd2ce83f16beba624f311c6c8bfb23425cd02f4,eb69b3e1e2d759bb2e920b7229192b71716c11f526d97c290f72a89af132a4ec,4744.90771484375
4,4920.8212890625,0.7490234375,608.9813603728162,589,13,7.633054419455349,0.7515634443914344,0.7464820004683546,d72115df4a657f67a3ceefb1f088a98c71f3a2162294dd268772c7ec57c218b6,33df9a65b19cf2e90c850d03082982316363c7854328a04de806b7e6f5d799f8,4747.92529296875
5,4919.32861328125,0.7607421875,702.1059217693676,591,10,6.155338965000253,0.9245442518182337,0.9058993680972149,3e0f0449c16453489eef61b691a2cf60972469272c6466f56d7a967ab7c46e1f,9309621232869762ccf074dc37479ade13fffe66ab6207e517a59f2d20055bb1,4749.560546875
6,4916.9326171875,0.8408203125,703.8059185261894,607,11,6.979925516453348,1.1165533194631765,1.079650925116231,d7e423d2922ce90bd91e5e62e85ec29390bfce25b4cd769a3948524aa3878fdb,13a0611be7cff7d3ab0935da58ef298b6903d38bfd58b3887fa54510efc16380,4749.60986328125
7,4915.01171875,0.828125,765.3570466031454,599,10,7.231733733727493,1.2906454155543352,1.2206912678706319,0b21fe08d30f1bad91a710883634e0491281981856735af2f950d1fe28581f01,8e6527cff58e5062f889c807c11f8c2e9a3820433bdfb018b0c229a42e6768fa,4749.27978515625
8,4913.38232421875,0.841796875,767.2569786943882,616,8,7.190597156472467,1.4611113429352574,1.3592968305432933,dd09d13b0d0d422c295d08f88b7605f4dc815423cf764cc783e6042f93fd3ec4,a14328478d960d0bae00fb85a3e817b0226956073419045b8800662221d2050f,4749.2841796875
9,4911.2119140625,0.84765625,750.3149850867475,600,15,7.648822082213058,1.594893887816431,1.465975299683455,05ca8f4bc6a38586e0293e1091d4527737ae7cd3533b0bce9cdef7109718e26a,d37d158fdb5a090871def3ac79c0664a69eea6b29f68b47e3d7e92d8e4c7efab,4752.1669921875
10,4907.22216796875,0.830078125,690.3676892628249,592,11,8.817288539570672,1.8141514533077776,1.64006586392887,2db48dd5de0a335c65f6c66d35de014941f02b0b36e1e66040cece2acaa87404,7cdb82d142c8c8d3087ef6d0f79c6e4f96c410e6d259c518b573058fe76282ef,4756.30712890625
11,4903.78955078125,0.8642578125,720.9876050438137,595,11,9.426343821502153,2.0509257594136847,1.781817218983973,a799dab3aff8dbf0994fb0320aa6932a9ae1ee93012c5a2dc11b3920c9c0db23,ecf45f67526dc8c4663aa3136154486b52a3dfb58a84201099b1623a8b921de2,4761.5673828125
12,4901.15087890625,0.873046875,783.0706453149992,600,9,9.275606396809998,2.2161436303635376,1.879756845061638,54251ab0205e49932d780afd709171c3670dae754ba9012a5fd582a07c82bdcb,3a1e86194ae1216dedf1ff930a6de73521d0108723e680536a0fdbef4eb5e141,4766.61669921875
13,4896.81884765625,0.8193359375,711.7484173971634,603,12,9.161860819990236,2.3576841643608177,2.007668117456443,996140e65a4d8e328a8296fb71880fc0d55d00975198705ef85534090cba4ab4,9df46f586209e534e2f9caa4aea13fa06c4397a4732cca0274602ae8330e3e55,4773.3798828125
14,4894.3955078125,0.8486328125,764.9420647055035,622,9,9.029343679990326,2.537323349228425,2.1227269346496636,036ba766651171885ff3cca1aec4a6800e0f6de0fc5ac82a1a668a76cc464f45,f675cfb12a97dcf761ea0ef9aa59e223a47a7e99799ffab333916ab4544f931b,4779.07275390625
15,4891.43212890625,0.857421875,770.9542701735891,610,10,9.096888053147799,2.6837898038071324,2.2259808747434997,7f0e193575fead1a983d520d459532e9569217f5636be32de46f792e8c88605a,dc55f4d60af08726ce72713323bc54818cf7ea6d8950351f20646e71450f0710,4779.984375
16,4888.9775390625,0.8662109375,800.7984608210083,624,6,9.20539650177757,2.825929726244649,2.3628457204690654,a685cbfb66fb6642c1a832cfbd45a2ce6a96d1d631406738103b347a95fc3c08,8176c5166b8d51ad353dc2070bd760aecc19f624995bd7ebd604a0da9c4d9ce0,4778.32421875
17,4885.4599609375,0.8798828125,772.2349455394216,610,12,9.513315100033273,3.0015189649166403,2.514674323991618,1439d00750be2d3c1f93a9e58bb5c26bdfa65c91093f9e8de40266000570ea38,da656a2efd3370454a91acea3b40fc2a49c52f8c5219652f98eeae2616514c27,4775.78955078125
18,4881.9638671875,0.8818359375,775.3777449245181,613,10,10.364258588214165,3.15543210450792,2.6360929197070133,08538bdc7ccb3b956daa030f361c7d48fdbeeb1546fe79f68f7f9e5807004feb,8fd77c04b3d82f2093d292d9ba2cff4234da9e9f994a432a1cfb6a5c1f94e6a7,4774.5322265625
19,4876.72314453125,0.861328125,738.0758708276238,612,9,11.320376150930084,3.3815128615470806,2.751941440676402,13b4ea982a07b4410e2124ad48dcfa2bedd51acb8f9a338c25c1bc36ef217eb7,616bc513a0d45111bb4a8e4f9ecc4fb985b8a1d331e30d0d8682504fb35e686d,4771.76611328125
20,4871.6875,0.84765625,739.5792175176407,606,10,11.7785916138749,3.5981656130914166,2.8947932621667114,775c1ec941bf076a946c6c35b5b1adfae3edba96bdc6de4a2b947e09fdd75e44,516b2943b37d64b333071de6d6ca950441ece541fd65678f3c61df9b583d67e5,4776.7451171875
21,4865.90673828125,0.8466796875,722.1756142216966,595,9,11.970130487251852,3.79262349487007,3.0465221592363343,43be2eeec8f50c1aaf7004548cd2dc69e9c387d2e8f0b3e53ba4255b277663d7,df3e092895d2dfbd3d3fec5d802ae9331a1b620ff058d1745d9248eddf823f4f,4787.02783203125
22,4860.529296875,0.837890625,737.9599392209806,620,9,12.170485401109506,3.954968670615378,3.1474692254042127,729487f08d064e5d42d08b566b12ab4af8ed1165ad726b9fb14e131d69a24b7d,a6ae14a3184b1e7ade0cad0a29fcca8748cfa5b401c48c89b651fc62629f56a2,4796.1513671875
23,4856.794921875,0.8642578125,749.1247746580708,591,8,11.7468137010365,4.142943991308123,3.270770209323838,0fa8930ec920a89271c5570a94c17e9eeeaca1ec64104e250a7a8782ad300dec,93ea9203c2da7521c9b1e6e9dba4100ff6bddaa0b7fa3970a743c104c94fbd88,4804.1923828125
24,4853.34228515625,0.8505859375,791.5673297341807,599,7,11.399175338201882,4.287144115162152,3.4061223258571567,2c8651bae6d9a8492166b0a84820f2640f4f91d5e9d5bd703a1374ae95a543de,85b257b8f7de89bf6d7e281992da6e622fd350c7491686ec0653a4a771c056f5,4814.560546875
25,4848.9716796875,0.845703125,771.3945776087459,590,15,11.024456303824245,4.472081101100348,3.4876828761804415,b2f2148bc393d22bcd67b8f379a395ab6cac0549ae931722e91fee3c8d6813cd,2d674d6a7400c7e9e5ef339d734b1d9258f9561d52c3d785326d916b3083746a,4822.8974609375
26,4845.4296875,0.861328125,806.5971193835226,602,7,11.351574203473493,4.610808858804755,3.5214368228700654,1132bde631a0e27bebb53aef467ae0d428197736c75594bf5bacc6a798b1335c,853c1bceb52fc1f6d1dd84c3e987340b039d4a115da0edc8c6033ada0b17b6fe,4828.6865234375
27,4840.9267578125,0.8671875,766.8412764460282,605,11,11.875080683989772,4.7542155584183865,3.5939038714117424,5731109edccaf6b99f186ca00ab34cd9718a1ee3766857ab881b2aa3ebafe6b5,b643104e0425ed223e5075c522b383a11ba952722762baa75b9a29184680aeda,4833.39404296875
28,4835.5361328125,0.8662109375,767.2956065342835,598,10,12.352009052406794,4.889963701490158,3.682146707882687,b3981ee604db6e94275f973d62b132caeca1cade190b9206af5706f6fad62f87,52a18594b1cd98d33db7bdd78b9c353c42449e98e506b96474bb3ba77fee91b1,4834.11181640625
29,4829.3623046875,0.87109375,771.0300472680706,603,8,13.19313065229668,5.1018109149976265,3.878670212903356,6c2fda3f03adb41cc9dc499677195f7571974d9e0092ddef31423febde06d7d8,af00a0c73980aa345cd7e57ac4ecd8b3f6bedeed7edca7d0a307ce1536cb0bb3,4844.88818359375
30,4823.36279296875,0.865234375,775.9623663730367,618,8,13.957973600857613,5.24053307797974,3.9927139522537596,49d01f3b893c36ada4c7073c58f95e318540b6a5d0754cec360731d800f6a9f9,2cb05ab3d98d2ae72bd2f3b7c15e736f3a967c231a7cf28763962d1755773542,4855.443359375
31,4817.3701171875,0.8828125,779.242132361616,596,7,14.008210473834875,5.378189664641571,4.092304877657237,3a4eae19cb7cc0d922f175e638e5ecb3cf5a95376a710c5469a33678eafc5a66,5a6cab1189bfc0628742bbe1019158957b71c6a2cedc1bc4a889a831e5036724,4867.20458984375
32,4811.1533203125,0.8681640625,801.246203814134,615,6,14.451410466018787,5.497648190398733,4.21195763647221,80c179c2c6b979c98f38f3a792ea96a46633144a6e13be3f66427d58251559f3,c433a9cefdbcfd24f3261af238d62ec137f31e3fa408e3dd8c3c0a13c67b3e99,4878.13671875
33,4805.2177734375,0.8583984375,796.9599307562111,611,6,14.692938309412794,5.6991683175995655,4.4044739819080085,77e37ce3d9d20f6fd31aa2cacba9157272ec2b2655b1fdd934d95ea75ab07805,4ea419cf4f0bc5e3126c21724c7abaed85c46d127e1d6c110b10154bf819fe3a,4882.19287109375
34,4800.78515625,0.875,810.534142690628,624,5,14.78615308794706,5.817341300151237,4.486869687552988,5e84f265ab36ad23a0aa4d426d9e6150575493480ea93d41e5757047d5e7ce80,3f6ba72d324a1979921f625e3d6f6004a14e303488d2c453c55e5c20f17b5939,4890.47314453125
35,4796.7060546875,0.87109375,814.5282859562755,623,7,14.742167903918443,5.878969276893627,4.546967793451074,85bd4096bd7645e318a34a726d984ec1bd582b6427c0613d79240404589f7d83,376ec07ceb496e16469fb23e2f8b5252a7eb363f31f9d34372821b1c271d2cf1,4894.48681640625
36,4792.85498046875,0.87890625,825.363795809519,610,6,14.728331867395717,6.036413376906757,4.72398074903088,689ef6424b54a0e63f6eff12754f5f04763b0be80d7abb666f97629aa6d83a09,2df2ac8a4fd646b42b2e0efe3bdafcbb4d210328428563981b3cfd3b9835751b,4897.3740234375
37,4787.89208984375,0.888671875,816.5490943332285,623,7,14.996479069744941,6.141213195237602,4.890370209750606,5150582b5b3fe1fe9e63dccd3005607ca7d9c69db985629295537ecd22db9ffe,618f62380cd4e6ac3fd1c57fb62686178b7d16bbdefe5ffc2e0a3ce7d1acab66,4904.50732421875
38,4783.841796875,0.892578125,835.5369905838218,607,11,15.047119796995657,6.3202894764273525,4.9686175200772915,e1707b0cfd5d6ab8a73dfc9503250e9cb0b174d50d39285ed83c414054d5f4b6,6c36c7e15e5ad7b4ef59358bd041685797b7d1ae91e79f0815dab0e2dfdfc76b,4909.638671875
39,4779.29443359375,0.90234375,852.7094330974431,632,10,15.52277024338578,6.469241949197646,5.071485176262056,6c15fc3fead99b2483c8c99b6e5b03a22970fa568ac733950ff0c808c87ff691,7a479d5bf3ab45d5d23ce869de6c670f1d3ac2986c4314303263e467f1b2ab68,4907.71484375
40,4775.49609375,0.8798828125,842.4294581854955,598,9,15.950956269020882,6.52103069706651,5.108225044699244,17e0b94c194e4f3d9c92b2aed58b125e3d824020bdd418896f41b988ef70d55e,9eef45834b875f30382784a825ec1df171205ac5da55d5638d1752ba97a0cc6c,4911.8720703125
41,4771.46142578125,0.88671875,850.1925656822966,593,10,15.803135184821146,6.557028813980677,5.150474792573754,67d97d4af7f21e81b78a1a2518ed19d4d6cce3a12455b917e29bebbba4300b0e,3858a9e986c5ef50b493ac7e57223d24c020e79f4a68aaaeeeef6be735b3e27f,4917.54150390625
42,4768.14501953125,0.8955078125,865.7626619475018,637,7,15.968846915787417,6.834963047439996,5.315082338738013,6444c6f1dc640a45ba47026a9d2222759db37036975b583a8176895931f525a7,ca0bdf029422c19a2531f6dd15f9108abab30d25c849789e3d9223f3d7c71ad4,4920.17724609375
43,4764.13330078125,0.884765625,867.4009260556052,608,6,16.410106509617627,6.870983418608212,5.35181681546434,8c7975ec05f6d204773a7f53923e277ae34ac2046c62046dad5d772ca8538d6a,19be30014ed11d5764aa5599ae4f5e2849f159a6ce8a172f87e7057acf72f31e,4924.09716796875
44,4759.7333984375,0.89453125,862.247209996037,608,8,16.858128307665375,7.017867495409527,5.523885105077067,fe4c056b3135db96b8091036294f1750d4b300baf138c61108ca5fc39f9f21bd,08ad272907932c3e58b3cec1f28ee2f4f0edfeb8076247d297d593152990529e,4931.25537109375
45,4754.77734375,0.8916015625,869.3889111318093,623,6,17.754568287189233,7.174132899196047,5.643333162666787,f312e5c266a1f9b45003b1719881e40f3e38cca72fb862ed843ea428bc87652f,2cdf1bd710030f4b1d7d81b83d368953b5aa5fcc31cf43e4b1368cc1cd26fa00,4937.15380859375
46,4750.2421875,0.8779296875,858.2119093458019,639,6,17.78692093271291,7.28360097241801,5.705921151340327,597ba448938a65230dc79c9ebea727e55204717b4da3e5f706b5c2d9b6f8b09b,9defd89c46217b7f7626bba80c24b42ccad86f3c357de3aaa3b5d593069b4ba6,4950.89501953125
47,4746.74755859375,0.8798828125,875.3131807239831,623,7,17.756004119271854,7.318885900750609,5.7484127423135,88e9507a4106a7b33f98f3c26e3cd8fbda807153cb53235848135c2a65085226,f0db2ed8c399a1974cd78525a61f32244f20459766d6e03b651c25de1a270e56,4951.2529296875
48,4742.37158203125,0.876953125,849.0673688027412,602,10,18.06923017240194,7.447798341644416,5.875081779153412,632d66aa25848452b26a9b2df256013ca83fa9ef3ee6d195a808f22b1ed62c17,adf7f3c34e50eb8e2a4fe05555bce8b5891e78c9028a76b47bb15700394bcb79,4958.44189453125
49,4738.646484375,0.8876953125,849.2827706791163,619,7,18.149598781698533,7.516725354731505,5.963178506623865,6b56203c37f0f0b254c8656c6b567a50a5f16ce3a4c3647e27b5c91af5cf1262,a8ab32fd7a2dcff2e7d325bf97f75366f75ed12d30ec18b991c5006609a20ed3,4965.0693359375
50,4734.169921875,0.890625,854.8874019611302,610,6,18.59861295282023,7.773481125624869,6.151711230109863,529c5593e7aac8d1ca38821df8bd01bfde79532398f42749e134bfd274936f10,53f1d7a8157f7c7d7d8d466ac04f005d80b2e9c32a2e02c6886612224650f8eb,4975.17529296875
51,4728.41796875,0.8818359375,834.9959364290514,610,9,19.08849085893796,7.850326283770346,6.281363458070973,023f9dd9337143a14f251044a4cbbc7c0c24324f3e113d90b880bcff9af77238,8bccdfd7e92cda8c5ed3f135fc4c1d4e602330ea7bca6be5171981270dec8e48,4987.26123046875
52,4723.16552734375,0.869140625,839.8174573713826,620,7,19.10440651401624,7.768394162752084,6.249733904150559,5fdb47249643e26edc7c3af0ecee59c509c4c9b50bf6905835477e8bc2d4031c,047c681225517af0ce12886137017e86bd6fb76f4dfb7a7e3a6807584b271379,4996.44384765625
53,4718.21533203125,0.884765625,851.6554230568898,623,7,18.966255839789294,7.84816479826412,6.297128910823294,e9ae38e1c88e6b5b6a86bfbb3da521c93f14fb39d6d6c57907d0985b622982bc,c1485dd1000b0060e774f24616bb287504caa3a8c5e0b6c408f1794656e530b1,5003.71826171875
54,4713.2509765625,0.8896484375,867.2500912273041,639,8,19.394903389188183,8.040390543589174,6.448586499351711,b6b8032d6e3ecfd95603b5b9db109a620c8b68c887339832b1b9ec010e402753,f4083d60202ed92c0e6a36694b781d0517dcc899e3964b7dcaa9aa66c6b2eea3,5011.265625
55,4706.54052734375,0.8896484375,841.7844328995186,606,8,20.415243182392256,8.182178479707813,6.414763132844068,5e41ba9348ec564e3c45c6865f180f4e4e0a6113548a299073c269013eb12fc5,800b7c217d9fd68c464f86c0ef829a7b7537bc3f5871eef8e50b9f752070220f,5016.18798828125
56,4701.31591796875,0.8701171875,852.6454650232109,631,8,20.67403540483795,8.274054517763638,6.539173287171057,d2e4ff754c59075ab21fe20d394aec2ce507ee352a77f4c09c3cbb2077ee608b,e5799bc15102c0c9f691295c8f83ac07bec2a960c291afae93cc52ad827981fe,5024.310546875
57,4696.9169921875,0.876953125,860.7436763755128,634,9,21.281720987264812,8.41786478970594,6.614497387783789,ad283b5c17e967dc0c9c88c569a8c452eadfeec01a2895a8472f721600b16f9a,395e08eaead2379e425d25c8aa2933321986e75f069e60af47dfde047dde2f76,5021.33984375
58,4692.14208984375,0.896484375,859.3103854882975,625,8,21.933267015221,8.60366607924849,6.8087378975714605,734a898c29e675caac72291e78e5c738a5c9e1ee58ea7e942594f046daaa0e94,206c3dcfb4ae3463cae3f4f727666ef1a37e1e53cb4fc675d8e97a0d59c2ea32,5024.3193359375
59,4686.7744140625,0.8916015625,850.8088679525499,638,6,21.87987756951207,8.598168305247974,6.734201985268797,fcc451407e22c8fe6e9a6193fbe42951e022e28a0493be06b97c985284760658,a21b74d10d27b109bba111fda4229e697dc4a6cd4c4857b1a2588144025ed0ad,5029.029296875
60,4681.29345703125,0.8818359375,865.577672532022,637,5,22.25261002443166,8.706308591859681,6.869759791511773,dd92faf9d4e46bbb4901a0ef56d368a50e14e6b895460e2861342c7c465fd560,d9b4a093ec85f5ad38d8e26745a3ad4dffc39cfd65e2956085f3fa58200e0c62,5025.1474609375
61,4675.74560546875,0.8837890625,851.1214708087125,598,6,22.402892991055232,8.775860157258204,6.94927441009959,5c5aece22807f25b67b921ac4dbf8bbae363e5e339756575d955d12790568114,7619b239933e92272eba2ec029a54f05302789808c1805eec8bbcbd974d85a39,5030.24267578125
62,4670.12646484375,0.904296875,857.2082171979735,621,7,22.93916093142182,8.892119409325964,6.930393778532796,dffbb2f408b52c372381930b672da2bafe8c43c796e3dfc121e09479d1ca7f73,f25a918fa9c42e448fd1aa20f7f93ffdf9672a98b46341c3bacce756d16c838a,5026.57177734375
63,4665.38916015625,0.876953125,852.8938503666594,615,7,23.471575570812377,9.055071142633263,7.030201587607425,439d1e7c415e3af58c4259e5dd7880275375616799a2d8aabd543b2ee289616e,f32673ffa5c9ddaef8d6e82187c683cee0bb649d326aa5da51ece435e3d3b5f0,5024.3203125
64,4660.44140625,0.8837890625,851.6532598327534,622,8,23.91369786297702,9.14858936471215,7.081432388712159,7735b29ff55ef457e969bc23523aeb7d6aa95cc81dd5a21a9813bb65ae5071a8,fb3b2ef358ea0613d44f437055dd404bd959c596890f8aec9628fef09f514202,5025.3291015625
65,4654.59716796875,0.865234375,827.5254590634178,612,9,23.615027589842853,9.227285990604296,7.107339807315968,c9e70a4146311f67cbb011ab7b854f6ae28f6524ce1a5d93f21ebc7974762613,646c6c6895f3063acdf595a4a0e13c8d6aa5f6996d34a46206242d144ff7f744,5032.275390625
66,4648.27197265625,0.8818359375,835.5577338513248,607,7,23.88459600423468,9.429738959615781,7.317853391897054,8a215612e1bd44655be3ef4f381811d53c5b5bab5b4b68c9e92ab3af39ec5929,6fc2c5d46f9f3a2f1518f6d2b7d55d17bfae41d510c18b7dea0d599ce815ca43,5041.80224609375
67,4640.55224609375,0.857421875,835.7211327703999,631,7,23.75429253387202,9.289180754756897,7.3534147840774144,47b53805559471d2c57a8e97492ee1c009057a7c0326921debe3b813ddcc16d6,d589f79bb2ff2421fcc2426d9fdb0d91e6e32a04266178f2e0629b09ca3c2962,5055.85888671875
68,4636.0419921875,0.896484375,844.3385010278098,626,7,23.748267897003142,9.435056698172025,7.435409419781788,fc22d62ee6c7225779b90c952031c0b6c5928047b0d956f6b80ea278611115ca,af93a8272beabf18ca851be17431110fdcf47c8467e625954e1d4c557388641e,5053.74951171875
69,4631.5048828125,0.8896484375,854.9164502127281,611,7,25.011728010251154,9.60283981336146,7.468390978242399,c604a69c5738276e376c139efcc40c3b736ab226911216b2dac6a602c0193662,c2095986931ed1543872d425fdbaf26bcf82bcae09844baece717d1964072234,5060.73779296875
70,4623.4814453125,0.87890625,822.2432947436587,591,9,25.39854934198491,9.64819472361029,7.474456481731436,94e2d7774999e6fdec1ff94ad8401face5646bb989882345c0dde476f8a5e4ea,600bb398c69f05057372f231f2bdb10fdd7d437856c1281956fdc98761f4125e,5063.73876953125
71,4618.79931640625,0.892578125,863.6746842415847,617,7,25.488359316027164,9.678955517741613,7.7046731228893135,573a5805291c9dee0397d9a152a9fbf3351e6618fe00b81e105761e81367043e,d81a6dfc9b3d9512054980ff958f0e88afdcb9d6467ede34ad45c3f8d861cb2d,5072.00732421875
72,4615.0498046875,0.8857421875,858.2838332605335,613,7,25.72663075387151,9.702455249867516,7.713272706038459,34d62348e45342110ca452f0960913edd151bf3b9bd11a8884c6978781c9d380,1587c79dec762a0c1573b1b34639dbfcc114239b89e8d6d7027d391e04aa4168,5070.0595703125
73,4609.373046875,0.8828125,855.7697591687877,605,6,26.30239229458559,9.997379373802767,7.825235004018791,866aae57647ed736830a3fabfe8cfdf847897d3e115b9e73f304a490543a1269,3fc27a613996c46df165c4640f568e15bfd199993722ae0f7db2c5ce5eff0cff,5074.2939453125
74,4606.57568359375,0.8544921875,851.5392248734225,603,6,26.525245365050907,9.96757319481518,7.920332305964538,9da82f239863bb3e037661253db0efc5c9546e3a0b33b1aa2b61425fdc17a7fc,7fdbdc8b4e2c9a92e556828ba37734384937e0127c02b1e961ad99f4f5ef7e49,5060.22314453125
75,4601.31640625,0.8740234375,862.1155977867064,621,7,26.883161864466942,9.865706063104273,7.827040979825352,c576c1c317def5d26bf358800c13ca9b4449a511d30f516a555faec860140a7a,8b209a143758cf5b1f43e889f63f88281d003744522eaa49f4e64b6e2eb12cf6,5055.94091796875
76,4594.85791015625,0.8662109375,848.7421949301386,616,6,26.938985615549015,10.144953527600173,7.9392993952743325,d31432804a8c7a687ee9b11fd3634ccc6582a8363d8fb659aa570566754ac89c,2029d88ccac9ae9474b2137a6323b091aa96db9c8f1b0224af4628adecad3326,5056.4423828125
77,4589.9404296875,0.8828125,847.4567501939689,608,7,26.504166467641607,10.17423873878621,8.036094917219469,1160113d1e863fdc53f9a6ebe01901491dc6ff3b4a7d1e591c3c834f339f6462,afb01d3d1582ca2c5b035aa8b8d1d9b69cb311b5d96260b636e5218ba2000395,5048.4599609375
78,4587.04052734375,0.8779296875,860.6198140796,614,7,26.7874533007232,10.194058357918074,7.952675857268418,5c70547e335830e182695800ae92b722ff06218fdccce8dcd869f19c61cc915e,9cb5da16f869864646eb729de232eddfca2b8b4408b3c361668eb381abbf2b2a,5055.4921875
79,4582.75927734375,0.8681640625,855.6135097896831,620,8,26.8304239416195,10.264058626352176,8.01844387980521,455d7601a7f860105f789eb1c1cf4d3460b8c9e420865dda6b50c37d5df69a58,7e9cddf21fbdb5e4b416e0af95cbd9a6df6770329f65b8763a5709c161de4af1,5051.5458984375
80,4578.0205078125,0.892578125,848.9819733247073,626,6,27.219190573518155,10.389504832256598,7.9589700059146935,0a90a9d0959b5c226ca6873a263003f66e37152b5ef7b4b89002ddadb3af614f,6a3fdbd287ca793293dedf5416649c4b90241d7f2e8fd873eb67a8f0a4606f75,5055.328125
81,4573.40234375,0.88671875,865.3356841498203,630,6,27.57719579010746,10.384447976934855,8.14333168460092,7c69d11be51091f666d29035ba46a7cc5e3847bca637e86d55fb914f762f823f,443794f2f8254ce08f02e36a1e6cc8e898af9b6c0260d0cde475a96950c86d88,5050.45263671875
82,4568.34423828125,0.8935546875,840.4772420534185,613,7,27.93034305040134,10.437621372804825,8.225719662373066,011f04cc46f13130903a3053f0ea1b643ddab8eed1da3160302a697d36d76dcc,29431f820cd038ee25a6760c04247aa42c60a3fde5aa9c607232a8b791668be3,5046.59814453125
83,4563.5693359375,0.8720703125,848.95680223212,634,7,28.102060348278584,10.676828343620553,8.246445581028231,51dd66e027d0b163de8db9e4be5f586f7a88b2817f4e8e6ebf491133d3f37e7f,c8f8efa2a33223b9ca4fd257331adb7b7e5776074d4369c062c76b94d8c326eb,5053.58984375
84,4559.6181640625,0.884765625,851.0054918200481,590,7,28.581905614565585,10.681676830996093,8.19377698568762,29069ed68490d0c0082dcf51a8d27b1fd262c1dda16c50afab063d62acb8f71b,8f9079fe06c5133d8b30d64baa02c002785fbe19b7b3c241d7a18eacbb8a527e,5049.5302734375
85,4555.18896484375,0.8935546875,856.2551306237053,610,7,29.46907765014878,10.788645744597707,8.33003141706433,de94a66c983ee304f4a610c6d884d785c5911d977639a05d7749565ef0ee46e5,e9a901f1d499c4d75ea6dd9744d59d97c2ef815ea9081f21b3d8d969adce2326,5045.46044921875
86,4546.45263671875,0.86328125,847.1483232968787,608,7,29.60317312248223,11.058526794647753,8.564322424322725,7c2a10bc0810fb17e395dfcd1bf7f379f9822745dde4be11b848d87177c4a59b,cf0f719b8ecfe967819d0bd79f7a2a69271510067910c2f2b599929bfcff6c35,5038.3603515625
87,4544.35400390625,0.87890625,865.933219655538,621,6,30.116574215202377,10.961188304418538,8.605719207214332,842deedf8bb73c613ab58c22f7c2ca3faf75a48a267b684253a9a9167d968654,2b4cfd96313bb995e10243ba941457db99659179e7435db03bb15df886cfffec,5022.18505859375
88,4541.07421875,0.88671875,853.814232305413,604,7,29.780027462684192,11.00142171377184,8.50033010458183,a6d141ea8e173c1643c753ffab1ffa5b316b13c967bbdfc6670b18e4d7ee2b6d,b184b158a4ebcfe79f9d07a29ecea98da96b35a4002e6aabd06fbea51e148621,5034.1669921875
89,4535.48193359375,0.8876953125,837.1279602706785,602,6,29.623929236093215,11.055018699554946,8.526781034987508,12865218a2ff3d0f54c7794366c1460f049ccb185a5f52b8024a930ff74fb5d1,de8237cc69544db1364c80616e529ef3db4f7f5378b74e417fd670918d2202f4,5034.80517578125
90,4533.6142578125,0.880859375,839.1320608246172,605,7,29.54780576545895,11.20925194844413,8.620799954491527,f2f52cad32643f888453d31270eae864d54c66d7de793c7d0e5dbcc268613e41,6e87f49f0c2b9689556ca6c94e463deacb4297e27ba892906ac17734b6c4419f,5027.31591796875
91,4530.30859375,0.89453125,840.5596098272258,612,6,29.61129695218282,11.137577819594515,8.593990005652108,e55ee037ac761ed7b287a92acda52a962e11e9ccb7e0c9fd6218b274e74eb55c,fac4009caa59eddb649c16b62d2cd1da06841c72b4849a5c47568eb0b5041b4a,5042.43408203125
92,4526.2275390625,0.8837890625,862.0870043557934,627,7,30.242330040092156,11.076618458955698,8.621324787152039,9670aa648788f4f27312070d9d2b687cc2a3cc0183dded05c6fa39b7d001c0b4,61a79395de703f092f1b25f6b01f433e9b4d02cbda86b412dfcabc729ebeab8a,5035.58203125
93,4522.70166015625,0.880859375,868.8262736942725,598,6,30.604348248388646,11.047940725443883,8.725445719858614,bda7795b5cbbc47f83cbec3605a7ebfe52d938debf1f99b4797ab6f54e2a0bc1,985ec1fe78d8faa8713ce86bee695fdb78ffcedeb492b1f881d981642e247654,5031.87451171875
94,4518.859375,0.884765625,852.9530778116557,618,6,30.89898148332558,11.194694586698283,8.811087689374222,19ff4a8d590aa01e56849c35cb1ef177cf8dcbafe7d4169303f621cc33d5d601,83740542cdf554ea0e3765176f395ff2bc154d4980c4d737d8bacf09db6df5ee,5033.916015625
95,4513.7041015625,0.876953125,852.9698925310374,625,6,31.12226422929283,11.486423076498772,8.96062124795384,694fcec64ac2106c5ea771ccb2774684512e36497f103bb0ffdebe0dea3664b4,85235d72a1c6f398e46e9266177ab7ff7b0843fd5d140ccb86127337aa398a04,5043.06787109375
96,4508.71533203125,0.8818359375,831.803588165001,615,9,30.508263655227786,11.475893559826034,8.993875548669507,cf2109997953f7428da1f2fc65d880f2326c46310d75ee3a6906dab817f77d9f,09c2f7243b746fcf47b0c3ccd187b047ac6d6b6f5a781624d16e029b1d2cddff,5043.5556640625
97,4506.4892578125,0.88671875,853.7979680519805,610,8,31.005002589631438,11.573833723492896,9.024544805664068,6bff363fe259c660264d94459d954a546428e9fc0cfc29f420531a2773ae4773,eb502d9f0498c09cc79479c3530ca7104cbf2db971deb024f34ef268c96266df,5070.4912109375
98,4503.9150390625,0.87890625,849.4072054023025,593,6,31.544091320668446,11.756845600669077,9.26119422924903,82bb7c195d7d72af071bbf72de0f049c050ba6849841e9e8a5f2133e8743d100,b67dc8a74ea970d5f9701abc8b04db87d402dd26b8290c10ffb9952d97eda026,5065.5087890625
99,4494.88916015625,0.876953125,834.5319440776755,604,8,31.99624846362956,11.647500355347038,9.157699033439405,bf106ed10e6540879a547519149241d718b1d443bcd5aed15e56ca5897a5941c,555348933a2f54d49cd058f04c57b8320394d3b3b8f0cf4de3e644b687323bf3,5071.927734375
100,4490.78857421875,0.8798828125,842.9867336399983,603,7,32.41828554477652,11.739039034357088,9.245152261122884,267ced40c84abbfbd6f11f3202ae8b1c103233b086bf1a0a96cc232cb97bbe21,78dd358ed5599717b9907cc3511b8deb192b7a4ce6f80b6448745372a5d397cc,5099.56591796875
101,4482.59912109375,0.8720703125,845.175886316428,637,5,32.9868359732936,11.941458852496432,9.504565564721485,f12c66cb5e518056a213b859730f3c8dcee030c3c76f2c13f53c692e9ec1fee2,cdbdbad8050bfc528955ba2a30ca5cace904c0d62a7fe5f424bc2a8a0f6726cb,5110.83642578125
102,4480.2109375,0.888671875,841.1586066990321,611,6,32.6500825492634,11.902857670112695,9.574353167055204,679766e543d51d4f84d15f03c76877554cbce0baf1c5df87157c55ea5cac87b2,6897517fa1d01e72de37a9208ef29730a6d582db0236dc0a08e18a151b06af0d,5098.138671875
103,4476.251953125,0.8837890625,851.1945870194311,610,8,33.04171468357825,11.895138437638861,9.527448706788881,b98a17c90785b497b735827fe417faf0aa4fc0fe9df15fe7e9e735dafb88a759,d44de354f4f511e7af0b5406ca3c79ddf312bf62e7a564b78d42f08a0bb67faf,5113.69970703125
104,4472.916015625,0.8837890625,853.6978200592417,610,7,33.548737278639024,11.938373967678501,9.406487587012226,32aabd2931d7bef494bb7945b994ddf6c2e79d7d9aa946000736fdf3c2be6b59,e1d6b9673c2270ed471937af2afcb63b2f5f1324bdb8b57e234fa73b1ebdb70f,5101.16552734375
105,4475.0771484375,0.8955078125,837.0053940210216,614,7,33.831362203008624,12.003451484125346,9.648859267204681,b5f8d840b76921d39657e9ddfa66002d58cc455cacb9148787ab1bc61ae48b5c,3ffa52a0b264dd6beeda044db956d355503699dbf2dcc269c8005f2f159562c0,5102.44287109375
106,4466.33056640625,0.8564453125,831.1538169181861,613,9,34.19851994391064,12.175687016056893,9.709138529800278,0492668bccff1c4c178489eeaf32142c0060be7199de7beb08eacf74f4a68064,d2605242e2b8774b73e353769974b8600e37dc63053d7672ee698bd5604151b1,5119.994140625
107,4462.48193359375,0.876953125,843.7613973342278,611,7,34.21728212534561,11.983754079820555,9.517040953477533,7475079e57ecbcff68c70b858a06c3ed5d6b3463f88e69ac07859b9c8b9991c3,0995814ce6c9694112d0fe22fb15816253ac2103479f1e179bbc570cac0414ea,5106.2900390625
108,4455.70556640625,0.880859375,845.2827024015556,618,6,33.92424138224024,12.038919216129544,9.420449376431177,910d322d4296855b04063440b22db951bca8bdbeea48d35d74fa01788b28fb94,ebdfe9965992783c62e5da36577e76f88ce0fa75ed69ccdc55886f39e967fac2,5117.48876953125
109,4446.759765625,0.87890625,861.2292461443354,623,7,34.395275732563285,12.35325067217593,9.761254060490096,3234478cb8172f4c895380ec271f7fdecb68808a2f521ae9a8ca94d1ea1537ff,ad5ca90d3297c7531d27b61ce5f876b2eed002204a16d72038de91a65a506dc6,5148.74755859375
110,4442.373046875,0.8642578125,855.7241210666766,616,6,34.40252311703694,12.330253313411715,9.813446724797348,5fbb68cdd0f7538f509887aac9d420045af39b8d99aed33fca590e8de51ec254,451457cc6f4cc168868887bd262d26832a6d1debdf712bd7e63fa347e7da65ba,5136.19873046875
111,4442.05078125,0.8759765625,860.4106452777603,624,8,34.68203282911246,12.65595096338732,9.804865092691804,76e9635cce3451cf67b58cfce075d9ca2aae4c04ce7d224093b7093063facf02,339c6e611f25897a4f58db7f74e2140128cb59ded73220eb570b4c9b1ddddd6b,5121.60595703125
112,4439.62109375,0.88671875,855.5053075695263,620,7,34.899901301694555,12.61526513992576,9.79675658517663,c2fedbcf4ded76587749776883aa6dac720f375acf8f08bbcb546311f29dba0d,6ec4cef19f446d02fb2dfbf68a1114593ff935c70746a3641c25089ae2c1d055,5130.3115234375
113,4443.490234375,0.89453125,844.1655530108056,594,7,34.970288575511034,12.672508204125213,9.936108395516767,3974275ff98f7d37dfa619d5d75aa4fc75e4396d2bc333caa1e2164f72ded644,4d3fb4b95ad33bec2ac11fa78b09f64c5cad395404b38834c1d8def111741800,5127.0732421875
114,4435.42431640625,0.869140625,851.5232427649242,601,7,35.61217491581128,12.809918232462984,10.021728364304618,30a3cbf883716c82de1ebd7e047fff8774b79311b4badead12f91dde0a660fa0,98d7af7c41cba44368a5c5429831fa186b51b8b734186aeb9722802210b6c224,5121.986328125
115,4431.74609375,0.8720703125,863.1703210349474,612,6,35.999077503162994,12.794556592265138,9.92905044258193,90e0d66722786fd3fcddf2e9bd6915c9d84347d1b9c8580caeb1a16f7c61f2be,02d672f61318853dbd84a18955b8bb1ec39894964026bcb966f5342e8082c5c1,5093.27392578125
116,4427.11767578125,0.869140625,842.2150708560442,608,7,35.47035092360342,12.615710014947755,9.766092254841606,51a61c112aebe5e14a0ed6ef1d10400f3e2c9fc62a7c1d65949c38f07f3224fb,257fe494375a2936d413e69c078883c79f14826313f676160e8fee5aca2813c7,5102.58984375
117,4420.22705078125,0.896484375,822.7693852872726,619,7,35.56023070650457,12.861242071948093,10.061973620730715,db6294be34bf5a03d254c2c71c7a078955b0e53b85fa2bff129ddc6f212cae7e,1d5ce901a49d8fe75b921b29487cd7c95037088d6a18c883d5bb39a1f5d36df5,5116.87158203125
118,4419.080078125,0.8828125,841.4437868071623,604,8,36.38779550929299,12.975546979561244,9.891266343877268,d41b833d92757e4b837f2f2e2955009c8e614fd491f98eede8be8f19925b15a1,b6f5a3db98711e379d710276987a8a40e4989c83e26330cd839de5375d0b232f,5132.45947265625
119,4411.8046875,0.8935546875,848.3418072274054,612,6,35.81193962661718,13.013711485568667,9.91317827721661,78b7e63605f680884c81bf5573716d804b04280ac2b75321b48dcc41baede91f,72c8268d858b55df554943cf854151fad391acf9eedaa209be33be55d1792298,5151.1162109375
120,4403.09765625,0.8701171875,858.5467733030109,626,6,36.19123423560623,13.002625985688207,10.131241455849986,2a8d16460a26ad2a13240940fb8e6b57a7ff50674eb86f92aa724554ec6a2a8f,928fb85d7ffe797bf626543c6e63d1c8329e57a1329e4bb622893c675f9c4622,5146.85009765625
121,4404.14013671875,0.876953125,862.4996964169363,611,6,37.07184211752144,12.989575616604531,10.211047669036834,96f1adcaafab4da07762c5bee54f2e3586f40e430ce799a06644a29a172a32a2,bed2d17930ea7a7e723f47d3ddfee82e77444eeb1906480d0ff2fbcbe295337a,5132.37646484375
122,4404.541015625,0.8837890625,823.8831370401825,610,6,36.80161212379811,13.071210637727132,10.249586844028794,6f74750ac61352e390481babbffdda9dd5ec7078235ce8902b98ea0c0ac0b147,7a1a6b44a7b6cbc4a40eca931b306671de69b8fb7f3c200380c0961022c022ff,5160.376953125
123,4402.927734375,0.8779296875,846.8145650634915,609,7,36.75518772575487,13.150436187261686,10.143699496443132,8760cb12c5a0f31d6a63bfce67c2576137974b56203d5195151729436ad2234d,7073517f3721f3b73c61aee223dededaf5d6e598826a1d6a271f4771ecc60bce,5184.166015625
124,4400.6787109375,0.8974609375,838.9627994399847,613,6,37.08535724701096,13.184591754238358,10.152711377087234,69bb4e582f4af21c72c04e79e655031fa5b35f89d055d9efc298357b51bee1a3,04dffce9d1b3e987b660e0d6beaf9c98e28a12e40695ee50be49ab4b62d693c1,5153.9873046875
125,4397.05224609375,0.90234375,853.0768422148487,615,5,37.08387919229879,13.09475548463891,10.145567268516338,9b4d96303a9b34ae7e90aa097b8e70fac060440142cf29f6e70e0497795222ea,f0d397e136ae7f69726027b373b4e0c23580931149a0f075e60730b95ce5bb87,5187.7119140625
126,4397.08349609375,0.8779296875,837.481205582097,620,6,36.99143093525142,13.136706535558348,10.243013733181277,5b81802a235f2c6572f8e6701991dc786c820db952cd86634148b855b364f68f,8673d7d9bfe2b2322f8f5d04dbaabf12cdf102a5c82b62abfdf44e963dfe6793,5171.9501953125
127,4390.5283203125,0.88671875,846.0196790557467,623,9,37.49727146603795,13.41550789639474,10.36280517895134,1931976905e0e746f9b80d981a25db0f4c541f33a92198716d296ed87b99706a,5241a25a3d6a4805f7cd40088723c6b97693fbe6df87d5b52639db307f489e18,5167.17822265625
128,4391.0302734375,0.8642578125,858.3241926392839,637,6,37.75712373003327,13.442550553189033,10.53987772926245,8df38c2ef850d9a811b02881b1965007cb2e82daa4293a5d00955e61153bde56,83a1ecc8f83aad6aa436e07df10af95a32251b6f3ea1ad075d286959de37750e,5154.71923828125
129,4388.65771484375,0.8896484375,850.6000174302809,601,9,38.06741437452156,13.35260913190308,10.453922766498435,b8e4b978cc592776db2253882a9d2e4dd208cb65746d579ac1ccdc70a600785a,215ee8f42ffc01765964cc0a021ce8ed409182e822ebc9fe804b3748aa1eedf6,5156.9873046875
130,4382.65673828125,0.8720703125,853.0698125831562,618,6,37.924974335096515,13.362847619437051,10.471228565454348,fb7497be375afdc1da53193d76151b1cd4cd5b348a4ee3f0c722cbd0eb1866c6,49c0007740ff10c519268d265c48c73d007ce36a739934753791a651dff5a757,5148.3251953125
131,4392.5849609375,0.8828125,865.9405143192364,594,6,38.23611885003798,13.475512326362947,10.314178585667594,07eac683a783697c6c982b571db70cd14efdfe8646fb18d89e88e944c8e64192,c2004f894d8f5a4bed4a442522312863bf68da1feec4d367a40113f40916a58b,5137.2353515625
132,4388.11376953125,0.8798828125,846.2952788988797,612,6,38.31647373547378,13.786802599424258,10.550908878568842,d468c3714b8faf23e85efa99b9dea44a72c967224af0cd94e379588ec70b9045,e4f4ff4f86fdea5afbd1cf0d854d46f22436b1c075bc0d7b05d8b2073aa8bf30,5151.12158203125
133,4379.16162109375,0.8896484375,846.3049219415959,623,7,38.324983245190076,13.600659358348347,10.631449051837318,76d8645dfd17560e54063b4627aec527906771810ffb04815eb66d027afe4f7b,31fe1b24d6668ffe90d2d774dd9fa7b912f72280322cbfa227ec6812924394b9,5160.65966796875
134,4378.09619140625,0.9013671875,849.3040879378614,628,6,38.894815659781685,13.61941656242436,10.610002145759866,e2d020e5a3c9736efd4137f1d8a0506b490aeee6ce6113adc29b53f044540a13,3edb5c96548a68799efa1a58bc7891057f902ecb6db8c81baab8fd0f0ed9b2b6,5140.462890625
135,4381.24609375,0.890625,844.5884387696531,591,6,38.32613459051079,13.738984026261662,10.396291678950519,7d9eb30b17a98c91b4f17de8481928ddd91f5be1ead5105d2301d541259db7dc,85416461dd8c7a8e077d3583834e383182ae1677a61af1ee677c32d8fd99692d,5125.1171875
136,4380.4208984375,0.8779296875,844.0842798223138,604,7,38.543359254013666,13.794350312366971,10.700727133239157,a13d67f93b12e03a6b5aa868424ae434e1cee251f5b12cd234f076910aa6b0d8,f7723c65c42ee13d746cc1dbde474650e432a4697905d2f695f0e47d4c984cf2,5125.3505859375
137,4381.2314453125,0.892578125,853.6571013779586,622,7,38.59264979217404,13.721648431845768,10.759347296433086,33fd166ea8454f57e5896fae1ef3f114a0ffd7bc8b0e720bd3c0435cc12624a8,997c25e067d4fe9c8364cade04f0ee749cf705e1dadd964808cc67317d6a1b67,5122.19140625
138,4378.2158203125,0.8701171875,858.9541571429922,612,6,38.801410500710894,13.881634442393551,10.971657082079892,acaaef2814d564d5ceb6c4b973dec6aa336759855f8e6b8dce5737826b634aac,37b244ab35b16cb2942c471181b725f2b603648c4a50fbe844dba7653df9114c,5140.5595703125
139,4371.166015625,0.8720703125,852.8522894598416,616,7,39.09638370495213,14.027582420856294,10.897215286401298,0f879011d531c93400bc4dce01248eea765979d6bf50fe58547f99e4e44d2230,6358c2c732a88bfc406125223354ff13613521d934f9f4388ad21a30334273a5,5163.03662109375
140,4373.5908203125,0.8857421875,853.2305923623896,633,6,39.27013902563062,13.915745563305666,10.78782863366514,005bacf55fcae4ed4ec3403674f6b9286c3726ed9849a45bde165c0430b7cc6d,1224feb3c937b8cc9903907666ab4e43d1e2e2b58d222db1ef88773fe616eac7,5163.26513671875
141,4370.52001953125,0.890625,849.8174918493038,618,7,40.06322661281521,14.020538740669055,11.099569417542506,8850aee010bbb31b8f3132f98579badbe3bd8f8dc48f483abd8e9f8853f2da93,96ad784c2bd6386d1b432892d4b7aadbdf7e83a7b397ab32b986bf5e02ca0b1d,5188.994140625
142,4369.98779296875,0.90625,843.5569984775759,613,7,40.19989932472198,14.008272217648653,11.152104668585078,397dc3165bf1a9d8bb5d8b0a8eb37bff662dd899903e03fae56605b5164e8d90,55f89ef4e472174a3fc47921c2c1a350884db9ee3ceb63f0d022f54ccef95f80,5145.4384765625
143,4362.26220703125,0.884765625,854.3910479315841,608,6,39.8146937994077,14.087470970837824,10.901670365281369,29974ad7c2aff52733f247af6b53a7f2bd792898f7ade339b59be3a6d388db20,5ed7a098239e9b9f82f28a9f5f64083127690692c982c4e93a1e196b0a4d88e1,5157.4716796875
144,4368.37353515625,0.90234375,858.4874059528654,615,6,39.498452066166166,14.089751812261095,10.942995173759895,2a71a783693e86d554cc28e2e7f0a2cb44a77a0769c707e89391df8210060ab9,cb2e60134f8238d86cd48412f11465ce5a80d2e05d5e082948d49a012ba54383,5177.99462890625
145,4362.08935546875,0.884765625,858.2049896098209,612,7,40.40920549707506,13.935672993705209,11.043787546368435,bad19f724d77d556c62fd63153fcb17927842d1776fc85888918cc01aa37b4cb,70a5e7f626efc96c7a1efa0e10e63ed7fd1e4dbacdcdbd32a072417488c3c458,5196.9912109375
146,4365.02392578125,0.888671875,857.5405140967122,618,8,41.03388972784343,13.944835506017277,11.120955773239576,0e24e61fabc50ba6224350662e2e2721c773866c6106a836ad447d19dd1bbfc5,622da5a59af64d372699309f58e3b357f6ffa030825c3b2a7ab7de1c1abf9ead,5193.13330078125
147,4365.7724609375,0.8671875,842.541997565642,617,7,40.749532423359284,14.066293475230864,11.167325193850015,3c0e8d9d1c262dea08bc51f98a9324f06e1e8ee6ddae717e914fe0c8fe6ee2a6,8adb56947776c90fb33ea9bf2688dce76efbebf02f439fb49d060748cbf8f01f,5199.89501953125
148,4369.2119140625,0.8583984375,836.1801152412795,597,7,40.00892149958377,14.112876845466397,11.2931942099929,42ec62114939d49c9ebabb939e058c7b63f47f56da89d839ac4068c96ae476e7,bd50fa41898641b628716b23972c7d9026cbcd054888b859141007699cadd35f,5170.73876953125
149,4369.06689453125,0.8994140625,832.5309031148962,613,7,40.41040482750429,14.08386245709178,11.047983575413227,afb03835ee603453d91ed0fd75e94eb4345cded462c22d0a9508fcc01d974832,e6c45a08adfc4d287315b40b851c189c5e6b7c8b18fe71dbd47ea6951e445a32,5168.9794921875
150,4359.63037109375,0.8916015625,848.3734443948172,612,6,40.76280901736975,14.002309964373232,11.0144531635829,de7d51a57dc2e762600d030542962e8005a4eee93bb94619c9a9ef1e28774062,6814701b8fa90e4a3a43de5dd8c85ce86767ac094fa93a395457d10cbe0f855c,5177.3212890625
151,4354.36328125,0.8828125,845.3561177971166,612,6,41.280936366389,13.97343498572782,11.018852995439234,e7e9ccb9d189b1c209ae4acf8914daf502ae8db43dc08d0874a153e39e2a7798,158b1bad46019f9a0f0d061636a786dcd13591b7d3c50ef32a09d28c096c09a8,5151.99755859375
152,4347.66796875,0.880859375,852.6571647875378,620,6,40.82904662860336,14.165622992286789,10.926477913390482,3fcc8d61716fdfe4705afda4c4a884503b514ec7e198cff4824ab069e8d775b4,7c29c06dd69db73723c4c65aa4063960a8192397fa79f47a47357038e41bab64,5183.73046875
153,4351.1005859375,0.8828125,848.8001152620636,601,6,39.82952669699791,14.322200092031498,11.082361410434439,4b4292aa14739fa28db7d4f289557b4a02e05ccdf4c910d8048f0df58c689b3b,10a9f64e28acb2b2c967e9a258ff958a4a7fa1dd749c60c7401eed12e6b88e50,5195.53076171875
154,4348.57421875,0.890625,850.3837840726004,622,7,40.08568983886651,14.090895448083463,11.108388102081644,239a84f61dd325608dc1f59c838438dd8c275dbace6395f539b4d526a9ff3ebd,f668fae66410c2d0779fcd753c94988e8652ad1af2ae5feff0920877533655e7,5156.08544921875
155,4339.486328125,0.8828125,838.3935620601019,611,7,40.20266242132647,14.189881118231039,11.154317974497312,bae5936cc8ed780bb021855d3aa3f4e8ca1f94a28e51675b9e04defa3042ee12,bf5f65941579a32f91d1bd6a3a6af79a0ab289fce90ca67325a743bd2b8b296f,5191.71337890625
156,4342.3095703125,0.8916015625,862.4005670096079,623,12,40.12713877690075,14.459041702551831,11.443317168252564,b8a094b7b68c2e63811a8f86b9149305d39057b2beafa0866e329627e0646391,77bad91a28e8077857af6a430a20adac485e091b696e377a84cd6a8bcab67503,5186.67529296875
157,4357.1865234375,0.8779296875,849.4307039138781,601,6,39.752374473691305,14.487863290560039,11.228267586112871,7aeab82c927bba76cb83773f998b779bfe61ab96c655c4066bce77887a507240,b3b0e47a6cd846f747d8fa47aac4644153f0ef633afd865c0b1a585df5a00dc5,5172.4033203125
158,4343.41650390625,0.8916015625,844.4130292613609,611,8,40.668629706453444,14.349859874555348,11.312884443641083,124f97b9fb02e86237c74573b55dca5fb63c603eab56cf817bc3817332409343,8e6db6704a3ce37f81b3a33b055bb21b78a957260f3c5bca7a6174397fb18762,5175.85595703125
159,4346.939453125,0.8681640625,864.9522923696782,611,6,40.09566825552645,14.436210786488788,11.465471825443599,542ca30b4529bd3a4c765d5ceabdc6d99508514d60e131cb29d0e86baa450265,adb8d7e5ef6d0aa602433e24792f80fa1bba88f7424b0998316841c543834b96,5192.06591796875
160,4344.1142578125,0.8681640625,845.3402501131279,618,7,40.16462445226381,14.491062857389947,11.456594480147963,31af6d2ab759b6517208031cd194a0e51da3c759d9069feb164edbcc654a3343,b5cda15fa5339ab4ec136a3119a0b30c7670fb30976c140c9881b2424c31cc7a,5164.59130859375
161,4337.44970703125,0.8818359375,851.1899164732542,613,8,41.057473809487654,14.616312436836644,11.260186208223038,898951070b7e22225c26b0e5a8672b8041e0dfe9c558b774c5fdbdc123b20bcd,ec04eee7504c0d5d5ab538a484e69f038873375f27596642e3cfabd2828e5687,5165.892578125
162,4331.505859375,0.8759765625,846.7363817855713,619,5,41.70640350492075,14.275556294357013,11.20980371265424,d019700cd45198d43b60e4433f9a92ac57d6d4ee89d52ae836dcfe262e68db85,47f57585bf12963c1926f5b89cc443569a24782ecc661e4ea52aa69fc7228de8,5151.015625
163,4335.37939453125,0.875,854.1540629532925,614,6,41.231985637263485,14.335677022328506,11.076832200429187,3baf5a7d0b33534216ed0a4b3e3bf64eb5c8e951157496391cd53f175a251bed,709cde163a3a9c0da1d18fd17fbc4c7520bb2b76080cb2913be1923d7d8b1956,5161.32568359375
164,4329.1689453125,0.8828125,855.6884517280098,611,6,41.366365534894314,14.593757623070909,11.283848691894425,ce5d3d398e61d50e44d9fa69a93db8d5e6bda1870127ab956038b24ce3d995a7,6cbf61d785b052b263a660e16e1523835a5021cffc74d46606c062a707e4078a,5184.18798828125
165,4325.87109375,0.8671875,843.9108197867947,610,7,41.43074756295688,14.59326267993117,11.375720587442302,7a24cda1d3920ea9d748447f7f37b1596d7b8470476a304e9cd53b7117b72972,5c4f40bb8d2647a59833749d61c8fcef4d5cc1c4955e5b1e66b74478efd1d877,5176.18701171875
166,4325.49658203125,0.8759765625,843.8101893039096,605,6,41.05973752821433,14.622832153742422,11.47219744673932,a88e8460d726d71876629e853bec0d130c4c4500592c71cfdb2f9d3108d52665,7ec40a5e6ff7ebefc4f1e2b6050921142a736b451b19e6b6e157dfdb6cb86225,5169.65478515625
167,4319.32763671875,0.8779296875,861.6757548643366,613,7,41.455296431768026,14.530284899191798,11.424587212707088,052b8bea9f329150ec98ffadff981797fb7102519e6df09b4876cf4491b23ed0,d687547a68d8c4e637eb875b338b4c1795b472a3ce4cbfacbf9aaa9c8076a4b2,5199.6220703125
168,4317.99853515625,0.8662109375,846.4960710837228,611,7,40.742500345255635,14.63628164450153,11.361657082620635,212496c5233073677447512481bf5ba23c8048dfe6d94cc091f786395f28b256,2a4529ef676515dc7b17981441953e9405f7818ec5ba0046dc85c7386bc5bdcc,5197.76708984375
169,4319.32373046875,0.900390625,855.3146232435405,610,6,41.38801091535087,14.474722418256748,11.349017193622485,cec31ca7f8dd4ae07e74c48360e6b30e4896a4ea028620aa67e78f66f4cda0cc,cd4d49c2dabe01204d0cab91b5f437a7015d4c805629e3f7854eb290a7ec61b2,5207.228515625
170,4322.23486328125,0.8857421875,861.5602657754987,618,7,40.92429881740306,14.637548123198325,11.359483265627034,576544ca66dbde9080f5c209e1e31dabf6a5325eadbf17ede3d3fb48fa110df5,13e431f48d1a0485c60f2adcfc21baba0e7c2d45dda98252ca38ef5b32b603f8,5247.79638671875
171,4314.4501953125,0.8857421875,856.0989671588741,609,7,42.116266014174236,14.820940035242746,11.361102441729301,3ee9eb4931d5086176e128da8cfa83f10aac262831b112e4c09f3106bf3ade02,6d5423a743792b7c334471f131cc8233e8abe8493c5230b6b0b2efb66e7cc242,5224.9580078125
172,4319.83349609375,0.8798828125,861.3459580229589,625,6,41.81171307118071,14.48828726668163,11.449011348011295,c839abd55915dae4ea469fed36e778eecaac83f1a656083fc1c29e33b641a850,1faa74baf0e44bb33ca34de855181ae181a3424b4d6a78a21f9bf762d8b7c52d,5227.64111328125
173,4324.60986328125,0.8623046875,859.220065749647,612,8,41.90152882392952,14.414370671698961,11.27522894922791,89dea2e748e0935c3082d8082553c0d1659d9c03e05da62534099013e62eb02a,247719475a4cbe374ac12d090bd2574a4f51f02545000f17d5c4608aefb0a9d2,5232.87255859375
174,4322.73681640625,0.900390625,855.8083386124047,623,9,41.80640630318668,14.711022770494006,11.419709356791738,0e369bd45d794f65ab7d28788c597c2f692bad058821f833ad1569dc03f46a59,6bdb9417572cb5231694819b317d0ea1a4c9fc702e169f3e9293de8e0b531fc5,5226.72216796875
175,4325.09716796875,0.884765625,857.5596878580632,617,7,41.046272890246954,15.113539274728687,11.533235721282692,0756e03001bb6746f931e88ce9ed0fba2ba0aed98f068c39bfa9255138335c24,6e67b48236af76d82be18db518340b32e9f73dd4775372e3b6bad5d2462e67c6,5215.70458984375
176,4334.48291015625,0.9130859375,848.5638831994427,604,7,41.42579464721196,14.986769249214836,11.427836418877572,5d36cbfa6774c16508ecf18f91d664019f08359e2941142b76afb8597a9bd182,f2e385bb3a03ac7611eab8785b4b357fb07ad78a2a8102d7dad2b9b2d3be1ca1,5213.1845703125
177,4326.34912109375,0.8779296875,848.042619542676,618,8,42.96479342080296,14.915681718809063,11.480455846185311,df1905cc4a39f28ea88e1667862e2a639542aecfc4e0c5e1d7e243800d5a48e1,3378b27e9f80a602dd6f680281172158e813d7c7679c7f1da49b68f2cdbc28bf,5186.6943359375
178,4320.4853515625,0.8857421875,856.757560606815,616,8,43.78647537773478,14.87532339013286,11.459963644295504,6f0c05603bc6bac8eef8f1220c9cff2ba6371732f4178199c1f182f01fb07ea4,57795b621636c1272c8683668d161eb9c6ebae3981b07ac288fa5d02c8dbf725,5186.08251953125
179,4322.80615234375,0.875,849.2834539001287,610,6,43.234138238857874,15.177123634951926,11.616617658780315,79dd87109f55bfffc2ce29e77832aa0ab5695948ca9bc4bcecf5512d045da701,e39ed9fcfb5431039a97b3445404d5dc0a1c1a73aeb253a3d29fae2b203b6cb7,5193.98046875
180,4321.5791015625,0.8876953125,840.4607300250591,622,6,42.76465637211519,15.201024553991875,11.536034882902007,499cd10a6afdec975e266f3c18db465b48234ffdb10ff9ebc3776dba50079855,580f1db612ee830a6ffdb30d758557c63e92886b509e75bf617039eddce99397,5188.88623046875
181,4308.00439453125,0.8720703125,855.4304917624354,627,7,43.803764910383585,15.32425980790173,11.953565041152961,544a3e15a8b1da5e3dca7904fc5fcfb4c805d82e64e897b0dc00e466d159fff0,d5f968ebd94e31e178503b30351fec9649f88b3853ba48aa8c5369bf442a9af0,5199.94873046875
182,4307.3427734375,0.8701171875,845.25680111427,606,8,43.31343187946114,15.341354778054065,12.097474954886492,1cf0308d11dafad92828e61f3b9e876458403135f31ba0ec4a1d64b7cdbd2d6d,da67d6a468f408999da6c68f3cbf775f648a9d13b4486b125ab91413ed9fb05f,5228.505859375
183,4303.32275390625,0.896484375,849.0607973311077,628,6,44.3280028865234,15.21804619657453,11.977328783436427,256a6c04ba0cb3a46c95b4f60aad49c34310a097b522e4a2ecf136d6526248d6,aff697850827607c29e128ce99934a99a43ac175dbc0b7f487a8e4222ea46c4d,5201.20751953125
184,4296.05859375,0.880859375,856.2280471393087,615,6,43.542572443336766,15.51654876520884,12.059443419027735,a67cb4fdba6ce306e51ea33a44a2777997b98055bf856ed3cf2f9f8238388685,70f07c898de517184ce45ea5652033c92e756877945b6f5c331f9e500f30ce8e,5193.85009765625
185,4304.88232421875,0.86328125,854.9389511281493,613,6,42.55024696933569,15.150452913966108,11.649184305560354,7d92458c8ca8600ce746a69e29b99a583571c43c3b17079d28928d3fa066eb46,225880b0aee8fb427794de7c0bb429daaa90db81082e58dbcb4ef8edca645172,5173.06982421875
186,4305.5283203125,0.8984375,851.0847897583192,630,5,42.59335072333112,14.981181841113864,11.775463253441101,df7b1018563008ac50fb36893765970cbfe9ca9ba10e45f24af9c05b572185fd,bf79d047f43c9e71cd73d02a8cf1e66e4f90224b0d8cc91e3b9a9e83ecb6c430,5154.55615234375
187,4303.94384765625,0.87890625,846.0707831812468,607,5,42.83165018625135,15.180514707874828,11.593825849206844,888d7d17a55b6f5aea3d685bdafbda7d4ea9056e901d4b034403597132b10bf4,b709e80c243791b3dc538d38fa0f6ebaa6a932ce1f5f8fdf51913f71615a1d5b,5164.83544921875
188,4308.82080078125,0.884765625,858.1005097300555,599,6,43.368176018059174,15.347852719269751,11.825086196482415,7fc6831e3165af764eae7024303c8ba9fa2afc00fbd13db719523648b191dae1,55cfdc47a9633b741555768067d26f4135d4eb825aa7b27a8592ea4be74248fe,5202.6240234375
189,4311.18896484375,0.8740234375,851.134952571012,612,6,43.13663215979548,15.258917441216477,11.735466954701652,6d039ed364952482b287a941cc1a70c9926e09d078c5d132d5967f3ad67f1937,dc45825df2151aa6da2089a65b5c0281d1f57eede12b389449760fd49ca21e0c,5222.05517578125
190,4304.1875,0.9033203125,859.4337822707694,597,7,43.789165202370455,15.372128872564769,11.843610640387112,0e0f436d9ba4497e12be6b892f38967ad32d615a098e9c15fa43f65764556b24,78aed7c31b98c22669091e05ab9407bf47b1c90598d8f1fe888eff24f05dc06e,5208.34521484375
191,4304.2490234375,0.8818359375,852.6936737952058,614,5,44.03039805000223,15.454297138477596,11.747289101479051,df7e0b3566524bb8e995a047ad12f7145eceee378578cc22a3fb327e61ce7c15,6169fb5a3afaa7125368721f4d3d17aef74e58569f1823e73c65420a761272ce,5210.984375
192,4304.24462890625,0.8798828125,851.9418738282282,615,5,42.951175106457754,15.24409021308927,11.928672420708995,170d7e153fd1ab0cd1bc4fd6362d4fd8bd562d3970c268a7f86b33a98231574c,c0d2f315a549ea1e631876cf56a1a3181da3830b7e1b7650e2e99495e6c29ae9,5180.6728515625
193,4299.88134765625,0.8955078125,847.7015077257473,617,8,43.932693446209306,15.5357399294735,12.180933875696892,196dcef822a723aa4705e8278cba1196ea77c1e7275b560b2435ac3d6dafc148,1080be41a98323394697e38dd0299baca99ab41700ebac4f9f51da3f687c17a0,5194.1455078125
194,4301.99609375,0.892578125,851.2057562902997,607,6,43.510609241223555,15.408173382478306,12.211223092106732,9d3dac90e9a29d963fbed4225f35029b094101bea2eee5f2f6c175a33d28707a,d05b92c0d5abb061d26f9562f5c4835ba671c5b309b7d701be04524ea8e41df3,5214.34814453125
195,4307.99755859375,0.8662109375,840.530291483868,618,7,42.26567209726011,15.54117064148868,12.192343130393866,89aa27586e683707024ead8b8c96c9bb82f31dc138a8bbaa8474e6ffd4d385ca,58ac2ce1b2b92b54239311a41c18dcdd28714af7ee1a7613497b0c39c23c88b0,5191.9560546875
196,4301.84423828125,0.8896484375,851.8817937820473,616,8,43.330751459834374,15.67175889047564,12.01461181837804,f59cbf634b11cd3382cc7c80908e1237f0f55cb30bace2b3d33ceb8ab8b5ea2d,20f84411e7c30335c6f7221d2853794ed9d49302dd15b21301892d86d3b58f59,5181.95263671875
197,4297.78466796875,0.8916015625,846.3200681232757,614,7,43.08086861665263,15.39750129129168,11.82711214821894,615bb914ac949edc5304871540e5d5874b792b948d005fc61c02d92e0ac0ae56,0dc175707376feb02e0f61d09279f904609cfdbf4fe7aaa06850c24cc818dc36,5235.3701171875
198,4290.494140625,0.8779296875,842.7250149407672,625,6,44.250921288797464,15.458773116151779,12.05224854099908,984765744e8f4f24c5ad0bdf5c60f62224f1c9a41d6678b28a76d171a927384d,b2c25358be2b536a4958320db7fdc2a4832855bb013fce961680f024ccaddd25,5229.71923828125
199,4288.849609375,0.9033203125,845.026915935646,611,7,43.51107239359564,15.699086874375032,12.221202172426771,b8244d076e735a588a385d0033d72c4faacd48088bb2ba0aa39b18a4309fefe2,ef953cd54470ce65e2f3f904378ef4e72d242c5eeb8e95b61ea4c03fe4aeb07f,5244.08642578125
200,4302.05078125,0.8876953125,852.9698618424021,603,6,43.081182502057246,15.654514710349197,12.267968756129408,3abce32d69fb1886d8698eb6027cc4ae007a40ff268125099e018511bfef96ef,fcfd7b25f31eb5f1a7a415155296c514c2c704f86d43b20418e6ba5a2eefe3c3,5202.3671875
201,4286.16064453125,0.8828125,836.3465710074078,593,8,43.60592899911111,15.588767180042614,12.230093624897538,b4a8ce11dfbc5ece599454bc2df443e1ba7ebcf8830a3929f405ea3c75a07267,21abb10dd1579d1aab812cc14e842e30c0ab00d61d1738e792d04c44073a4c69,5174.875
202,4282.9228515625,0.90234375,870.7912999771739,628,6,44.29900449091128,15.82212201462722,12.102561731857339,4142ef3798773e39f789c6b49449da8ff05ec333c2db7495652b45967365c7ea,d1298a33806f8c1eae97670ebc8fb7e4950781201987e78d93944dc31cb7d43c,5210.88916015625
203,4293.61083984375,0.892578125,852.6478279278758,603,6,43.88322248079232,15.72901125371021,12.16953515014459,2550e41c7cbbcd08b6a7f16ec889c1966de59d1d329954ee077c1a99df6251da,8a1fad3a621755bdcd1b9bded26b5999b82710ac063e2197eb17285d71929e57,5156.3212890625
204,4295.48291015625,0.8798828125,847.573976812032,611,7,44.168664851349604,15.509301590791072,12.217275226982448,3a078edc125bff34bbfa74faae63df8221e6a5991aa43516a713884cf8fb83ac,530629f16402f9ac0cc2fd4927cf6c225894293c27c5c4f0bdf9f9c83bd526f4,5172.794921875
205,4285.359375,0.8759765625,838.8305203092531,597,8,44.140600453745876,15.253939411090487,11.943102448959971,781aaca0a942aebbd0453c19c3b345b10abb6a63d1bd601f3acd1c7dd5328457,ede23b40a2c5cffb433905b9b389c6f8e78221cf09083b6834f6dcb45aa02465,5193.369140625
206,4286.31201171875,0.8740234375,853.353560432168,616,7,43.52988087242865,15.648147443358411,12.137888679161218,90157bed3bd3db3eca9fe28ae1287803830bf3586721c04ae0274ded5ec3d582,616b1f1ca78edaa84945fb860f2bf8bc8f60f701ee2b56e8b9eec8ae642fbdc8,5198.14599609375
207,4285.5458984375,0.8759765625,853.0902299731185,624,6,42.836916708593165,15.866621890385336,12.154665408922595,c548e8bebfe401752daf5bf1d18732867850421de0f369fee1d06cc7be98c63f,bccd656a78eaa113477a7f0d4104f0d9f4e2de18c581be339235d4a6864e4f14,5201.62060546875
208,4284.97607421875,0.8916015625,856.1768118776337,633,6,43.21648045999574,15.949869121530469,12.361264628236048,4aebfea34cd9add3257cd200b05d51e06c23b3e31adc118e237de343da5c0258,0977f1bf277fe48a09cfd4bb63b598ea8fd973c5dbae841ea893a5a1594c0781,5183.310546875
209,4277.8544921875,0.8740234375,861.1252748980598,614,6,43.533936054620405,15.85619371239154,12.222726019878682,9b4714e32530c260a58e80da003b183b41fbd3745e02f70586731bde986befa1,adfae22dfc5a30342a91f43a67ddc659ac472cd9691e941db045085bfb21acf3,5209.9033203125
210,4276.1611328125,0.8857421875,861.3402555205324,609,8,43.06371283766048,15.84147476696143,12.160892856231266,68445cc782e0adc05e5e6c7f18021e167accc1242a1f7354ae6fa0c89febbf25,9077d681c249fb211c4e38af45d9a9d0ef51152b78bb9a7d12aaa0f269a37d25,5210.638671875
211,4283.81005859375,0.8916015625,844.7166096185991,621,6,43.76941407265378,16.12248621539988,12.331067598362727,96d6c64b0fac3a60543ea9ce7954729268c7e5900390cf54fb463e602130dbe0,db472881c9998a1e9329cebde00a26305bbc49f6fc5f23d9af553dc591e73a20,5232.259765625
212,4292.38916015625,0.8681640625,858.1600200568122,602,7,42.89727281166682,15.867525707217153,12.262753446193997,7b90061f034a774b3551ffed09ad07ee936ec4ca3434074ffa7c9bab9d433976,f60740592730046c7b139fca9e9559d3fd38572da6cd0f68f6e747185bb87c12,5221.33740234375
213,4283.853515625,0.8994140625,844.3062285268717,610,7,43.67206828001741,15.920769478947673,12.463313797205712,97e15f0483ca62a619c920ff9aeefdc20b0796c05705e3b25435ac18da65cfe7,6df01601fce39450fd64f951b64efbaf3f56c11a43c8b5b1f7996e9180d30732,5184.15625
214,4284.03955078125,0.88671875,847.1350207787842,616,8,43.40086799770945,15.79469950706331,12.175909906057143,ed73b8db37047c9cb33492b673f66ba9df5e390753ea79d7d8e556bacc3a95fd,1e816388bedf330b9441f90d5481a047ed894f28c9cde6c9f91fcbeb1c43009f,5193.30712890625
215,4289.84423828125,0.8876953125,848.0802582331486,622,6,44.03996119328528,15.957283609568869,12.347013981290146,a806216e61cd1d935b1cd26bceb45fda9e4ea0a0813d5b8f621e7075abd603de,76382ddc5fe6a93fce37c48bb1aff0febec73254f1229e57232cc79b09e50750,5207.51123046875
216,4283.71875,0.8876953125,838.1958288831233,596,9,43.855481319150606,16.117008637662483,12.466367505020832,f4d00f0d9aad29522b46ea5f1f9b6fd114f21f8bda69dee5164a5811248d42db,fe22378fddacfcb006b5e729b4d44b8821325c5520964432821f16f4cb7e6742,5190.70166015625
217,4276.32177734375,0.8994140625,842.6704603800579,612,7,44.31686465017635,15.941838163549699,12.223808801253053,69560d718905903f6f5e64ed9f791cb947990a073ff9adc78070fc5ce5265449,05aea7d8ee02492ca8a31f94cbf67c4c11d188707abc7be228f07941ebeac2bd,5206.068359375
218,4269.3251953125,0.8857421875,868.499056649033,626,6,43.98509245355937,16.089129695283127,12.285110772533903,81cc8bb02c16077485d8d7aaa31684c5d00f807104952c661443ed677eeb6808,2eb43dd30b780474d614959a2c47064caf1b978b7ac2fbe2a2aff495022c6340,5215.96240234375
219,4269.70703125,0.8828125,851.4617280141294,620,7,43.674039147498995,16.063069029895033,12.500915383077166,4834512632429786c801967d98df5c13b484aadcb90e24d463deb5dbfb7a4e17,2205f1b04551a9c5f88a1ca87de24ed685fd1f553c889814751499d8b8f32526,5211.7001953125
220,4281.79345703125,0.880859375,863.5803231844347,605,5,43.439436724170676,16.111120382109995,12.60988436993624,2e346d7a88b0ffe9758c1a850928eb2fa2d43789bdbc3f27941e09a20f2c0ddb,02c826cf56ce8df941b5e26051f4564f02249907f7198cb73e944b6545fb7494,5218.97509765625
221,4280.17529296875,0.8984375,849.3926868899986,619,6,43.717820373846905,16.307611668712696,12.834680733324543,f2328f14226e5051747a6b4108fa6bf828b56c9b33a96228c97c826a434dd052,e1e102813590126666e98783270c5db5a351696d04aa12df70118aa27162fa3c,5211.27978515625
222,4293.93994140625,0.90234375,849.8409913173234,614,6,43.785653239404226,16.19353711765921,12.613302568563828,45de26756a8ad493dda06a5b9feb66e50f25ab71274d8dfd391282b3fea58f0e,a224d8a51ef9d06664f4a206018c1a5bb8be36b2bcba2bc0831b67ff54f3f2a7,5221.08251953125
223,4288.99853515625,0.8896484375,856.6740897980521,634,6,43.92044604250896,16.013516537414173,12.4584359887269,a1870cab4d6cbd59d1183c22f15cfa69c12cc82682f51d7701e53210c67ed229,dae660d55a8ab1b2b93c7841b95aca2521105774a98eaf88c5956de140a0576d,5244.13671875
224,4276.2216796875,0.87109375,859.9217673594193,626,6,44.18333563779519,16.131030034785546,12.564335167780989,2a026225dd6304723fd2fc5bf114ab33362710852cd3e27257b2e995c7e96ce0,012cd2c58b9f4b4733fd918d1da2a5650af6a70014de142ec80888ee9ddb1288,5253.03173828125
225,4273.79248046875,0.87890625,858.9125582495684,615,6,43.72854951298603,16.045783760991533,12.585774333073733,365eef588c30aaa8d8cfbf5c20713dcc61f57b15633bf365a9047b3cad846505,992ce4b96e81d84a10752ab576d820aa3c88c11db9cc6b948d893b41d0844a77,5257.6064453125
226,4274.6044921875,0.90234375,864.9845842216836,615,7,44.34594695985717,16.385343525868134,12.769021492951985,341032d9cd3e07c4bfbf7a44194389903a105051b50e26b2a9659d3293bb8b3c,de5dd1dafd6dac5b66d726d2dae8d6f24287aaeff25ea7965af462d41031bbe0,5285.17724609375
227,4266.67529296875,0.8916015625,871.190106874417,634,9,44.62462392544744,16.50986766518841,12.804926701409716,425e4e29a89f70760b82696c92b6f651f39bedbc8c573ddd59a59e48eaaf4c04,bfe6a31d58f45b83d4f3db11b55c9bb47ca4c3fb62b04128a24478cf1bf5bee4,5273.873046875
228,4275.1884765625,0.8828125,855.8242306510263,625,6,44.151470585548196,16.415214159452642,12.55338939598,bd495342624575afb0dd7f5e447adba2666f31c9e8f259a8a1d4a56207493e63,28e0daf8035b30f71696f32a70455241af6bc621f1af1a902769e0bb3df3d4b5,5294.05615234375
229,4273.7138671875,0.8740234375,854.4103259200299,626,5,43.88098680522344,16.321016348995908,12.538486010422947,9d49dd68e026fc7434210e809aba15de90c58ea19ea0df62a86d53b3df10778e,fbd47cc5f4fe57d407fc45d414b1e70c94710226d3a43ad8b1ab916374cd55f4,5274.4326171875
230,4277.630859375,0.8828125,856.8932145411494,618,6,43.396379326723114,16.097511077020087,12.540191860155286,c6b9595b0699f2b0c5d10cfc145f4d1b70cc3106201eb55db5502630d67d8a1e,1475936613cd79409adbc287da3ccb68ebf1a76b705e255c434ef1d960de89cf,5267.40185546875
231,4279.93701171875,0.880859375,861.1829879032618,619,8,43.42305321073922,16.274729491975542,12.659177473008873,227acbeb5758515f25b046665c77967b34c129d69eb275956d567893c620c8a7,a20ffa3869712549211808e3166a93fb39e155427de66f04ee57aeb4df5ea20d,5239.09765625
232,4277.36962890625,0.87890625,860.386378433687,611,7,43.48207034356219,16.379281932624167,12.77070033797044,3dd83acb40db0aa0969cbabca08302301309108dc4d0d7957d03afde56ded6fe,2c83214f670f52f2b2bb0e31e1b363a1cadc740f938d5f6609991104b68d1766,5261.9462890625
233,4283.8193359375,0.8984375,851.4593747564599,610,7,43.1311252005966,16.261137595693643,12.721195897583886,3b1e9d198bff3ee0e59263045d4b8731cd9ae184dfc3e4a45e5fbe0931566ac3,ead29c7b0a569f44f58de98bf6e4dbab12378a06a164994a248d4097488ad797,5245.806640625
234,4285.52685546875,0.892578125,850.1532760743344,601,8,44.016439790478124,16.23518906111391,12.491862559242122,ca8c49ca667bbce199bc7ff0ab97e0db615d75ccf80613e4c75c52c25656f821,9b6c55c931402fdc1b858b2cfb3ada65aab5e081b665bea9d1ced3360da0070e,5281.97705078125
235,4279.9921875,0.8701171875,850.5042265527596,617,6,43.84214685049956,16.523979762536843,12.962036838964861,eef1914e38aebc5e8517c6b13da30b890556838ed778557b61b9b73ce9d6f9e7,e6449f249f99eca1df345ee55d240b8bbfc2b75151ac98327ce1476ceb089bf7,5258.1943359375
236,4271.44775390625,0.9013671875,858.2261149354979,609,8,44.79654027638699,16.653694477069376,13.050930417579641,62780691c54636b2bc019a7b91614e0a8100a80d092830d3e780494d7154dfe8,70c3a309fed7f2e22e7ff4464b415985bf6d6d54a8bc1139f5e82c5c34cc99ec,5234.482421875
237,4284.513671875,0.8984375,861.5603971193161,614,7,44.130300289791094,16.893171523997665,13.211550296841203,41d529e2d0d5652a2a5a927708a9c5f97c98d2876717918575031e39eeff10e5,0d5049742a8d2e1aa1e9f0c19ad4c3c65898da7bf417a1bab4e7d519f1fd3ace,5253.58544921875
238,4271.27734375,0.8837890625,860.6682879805346,628,5,44.98531498210074,16.668541043807988,13.296609654723301,5fa3271445e66a704689cef48e8a5985d5e9f856c9c131d8f15cd63c65dbc1fd,76c9e0ac6f289f4bf1941d6830fbc59aece27a0e9ac40f38b38c8c7ce3e73525,5230.74365234375
239,4261.0478515625,0.8935546875,853.725019427398,621,6,45.70923698320485,16.72080613865295,13.053963140009076,44620cb7697d2b890e485b26718c0a3af58e736fb84bd596ea5686f42b674674,9fdbc9649f28dc208f3f48a8a98eea42b2a0a9a37200a297f6a56b8939830bf8,5249.62060546875
240,4261.619140625,0.8974609375,863.9690200627379,636,7,45.992221957458874,16.69232990020232,12.91675189636093,5c5b589e7ac2dcb0a653c775dd67ad91f749fd661812d47e7671e327fd61bbd6,71182c177d156448ba0b0513facf73662b85c2b9bfbee7e9e8126862f06450d5,5266.1806640625
241,4266.890625,0.875,853.3809290603542,613,5,44.896998505295706,16.860967020651042,13.259429647654466,b64b11db4b6d3ff7d664c105286731ac12fb77fa6990805c119372c778f3721d,eee4323d3259cd089647afa7afe569853b1152df838696e1f500f1979349ecf8,5281.35302734375
242,4274.19091796875,0.8720703125,866.3212173785365,630,7,44.70411616389715,16.62266381050176,13.172731837628126,192c2d62c1c4c05fafe210bc43bd8a256230433f03555a15fe99e88989225761,f77b85c542f28e077fcae5e7c3cd0622df670131147492bcdbd7483eac99d667,5252.6279296875
243,4273.189453125,0.876953125,859.2212520666698,604,7,44.37285539318583,16.57386403327312,13.03267717700636,073e9087fe16d1d80e9b5c1b52205fab76ac9fe89b791a9df49eb8357c802ebc,6edf6b8868c482af728392fbff916f3db486c1b1055382fba0d620e5633efe30,5279.931640625
244,4271.26904296875,0.87890625,855.6171058816951,603,7,43.77238467086329,16.650944371451835,13.156991618166433,30cb3ab99a47230b8433a8a8d1ccb6e2d87a71547b33d73403e169b1c3ed3133,0de19862c2e43728999569bfc08625c40c519ba6f8ec97f1d2d6538364f42e2c,5276.1806640625
245,4272.2255859375,0.8994140625,866.4570460437718,621,5,44.281306120219774,16.579113097782,13.085640631452952,8616cf459d9feb1893dd0fb70226b4ef56ca689c3e5516171fb23f132e8fc918,7c8f43535ee0dc287e20fe3ee29fe55f825a7fad375b4c59ae095c9bd1174a0a,5285.05029296875
246,4262.16162109375,0.8955078125,847.7259087506554,615,6,45.03000723619754,16.448078498001504,12.899765979736209,0ea7ef1f81674eff3ff48149ec1d4851263258adedef21e2ce7cd249e83119fb,188d0305677c6736b1a4bc1c2407ae6f53e81962da98fe8d2888d74481886b83,5320.76318359375
247,4266.1953125,0.8798828125,852.0805331926108,608,5,43.38074999701763,16.72143060445906,13.078072529779488,0f2b56bcc761673a1e130cb1e247ab3513620b65dc310c52ad6f0285b7e2805c,ff76df40e7b087862aa0b5a65ab3588e47e9e4ce462fc1be4f14a2ff6eb7a4d7,5295.90625
248,4267.81689453125,0.876953125,855.884282380907,609,8,44.4351060108097,16.70547850348892,13.479898015090324,1bf65fd5afb4a24c984b9725b0e030f07f83f78025cdc057ad2f069cc1e7e64b,8b72ca747e5da9af0706d2391416b90f701f1b6464edb55565bc7549ed18d695,5290.64501953125
249,4265.703125,0.8916015625,852.9216126213336,608,6,45.061147454720164,16.81923348658542,13.494141615928502,8ef185db22f0add7bf9b617cc4846176196dfa8749a7c7e43bbee6113fa15ccf,7dd655cc6c5bc74b66c6a5fdaf17a354edf902803b503274b227d9b9c7dfa37a,5317.30712890625
250,4259.90087890625,0.8779296875,855.5316003819479,603,6,45.18181762253617,16.870187126843295,13.379057318049375,9976405da8c6aab3de5d1aaf132e970bb0ab3695c9b338740ae1c10272a2a91a,51b7dde6c3a76501f364be5558befafa7b40ac25c0fab2777ea0bdcb79b93ad5,5342.61083984375
251,4258.8623046875,0.888671875,870.8272531473164,613,5,46.197730183912384,16.92463643739471,13.278107185311002,f6fa2f7e94985324aa78866aacb752b39f1280fa76c0d615dff9c3162ce14e6b,b99324e67d594aab2a9ba3f748c1e662eb9b6b7cd346dfa4da3b99530687ac6d,5334.59619140625
252,4256.3974609375,0.8818359375,847.4852893414687,606,6,45.44058299023816,16.865968662891266,13.538256069760003,fd3169230a23a8a941b0991630a2b0b6a473ebe20b17bee21c4092d0eb772c6d,e5ff98fc5d7d0117a6e07170af241f4b7868840d68f63574268844412b9adf26,5314.716796875
253,4252.72509765625,0.8837890625,856.6040500955294,612,9,45.417460325268834,16.46649949819009,13.069191636251773,3ea3e670a6ec9da74546a5bae6d8ff2a376e22baaec37b17800677797fc606bf,cac064f117f14341e197229da89062801f06d1d1b7b227e3e4d20b73d4320d70,5335.28662109375
254,4257.82373046875,0.8994140625,843.6306134059781,620,6,45.73298694933185,16.718029230951462,13.312946832117072,72e9b6b783a839720a3874fb45169f8e165e2f163352123ac7595fc8cee44d4b,8317851398fd1d810314b7b62f4e70c5c46b46d301261fadf5098971adec1ffb,5334.0400390625
255,4249.1103515625,0.896484375,846.1514210561734,613,5,46.332506039539815,17.067468002226367,13.638596806643458,2ce273e8adc5c6befa2535d6f1571697160f0a88087e030908df2e503ac5c69f,e909c7ec907613a6577cffb550ed1191acb934e3a39364bf486cdc95c4216b59,5399.65478515625
256,4247.9892578125,0.892578125,867.6023221558698,627,7,45.770157142715384,16.5916386920064,13.343240222601143,0472a3aff1d8dafa1bc113c18bf8db8b419ec80ff2018fa8fd27f9edb226d012,6eb8c10ecbdbfb5d12357d1e3c83d1bd7f46b5f2fa3f74aea8db5f8fc1b68133,5431.4453125
257,4252.8251953125,0.8896484375,855.6249796835865,625,6,45.09755041378088,16.996600571740345,13.531952192697656,64485b2086eb457417f9e8812ff5df81673f31a929abdbd23ae7445f101b6c08,2a154dfedf3a60255ff559146ceb0c71aed45a49e9383da5da8781e4db5f6412,5417.359375
258,4261.912109375,0.8857421875,850.2641430064939,616,6,45.04469651595794,17.073040230945594,13.572375114943368,32bca7799ceb42e8787980a3a2db5395f5c93cf5f1f09426a8c93651e8e275b1,c1c1fa7fad2082c90336929b636180a8ef9144452f9cf4233d23c43fbdb06059,5378.0986328125
259,4261.013671875,0.873046875,858.6261459787157,605,5,44.38590164036353,16.93961270523051,13.368991990038399,af99d707ae2676c526d963296e7eb9f287139e760d92d5ad315370dbc052dfff,a91384d8d47bdcb8c2ef1b2ec0dbe734af7e100b1d610ab5a42e1eba24edb0d4,5371.57275390625
260,4269.56494140625,0.900390625,862.4521010123394,615,6,43.74854674643436,16.92489532617575,13.422701616834415,298f340d099965249bd8cc81ac09c573e857452a863769339243a000dece4b28,f481bbfa657a4d416be7e94d22ee212e7eb58c4fa95723084cfdb4845f5180d9,5354.88427734375
261,4276.26220703125,0.90234375,861.1383636547761,605,6,43.72098403550177,16.84142568448598,13.501674630370257,3b1b0567383282bc9b72de361416250a2f305ab8ec20578cc79b4d57609fe6c3,e1a180ce86dafbcd4355cf01da83ddd670fe1ffb5052cec4ad4d3d76088ae80b,5366.69287109375
262,4269.58544921875,0.9033203125,851.0331596989054,594,10,44.29816130640639,17.09115704824408,13.43792004111842,3df159f6b87e95cd47f455339c8d846d9c2cf18b29e09034b05553bc46e3b53c,1f8dde593dd19113663e8fa8b084f517a9a279bc0210a345103c5a155d3e8a6d,5322.47265625
263,4261.86669921875,0.8857421875,872.7691940052417,628,6,45.29498880052451,16.987159250067016,13.427328483867038,ebc4e82b4c8a8ed257dd46bc8db3ab084ff884191634dd3635c1e93aab1d3a9a,bcfebd74dd900f309e05120413ba1ca38cd9df088a6f56cb9a3787af2fecf8b2,5361.7109375
264,4258.599609375,0.900390625,850.5162170323523,622,6,46.157514575298315,16.94435415738603,13.248038732428506,45fdab8e0991fb3393e8b81694ca3ee8907ba8b62a1b4cf54611fb48d801323c,e9669fc66c8aeb1423632279c3566369399b27e3223ed2fb1e239d69eac500d1,5328.32373046875
265,4255.76904296875,0.892578125,856.443650905196,607,5,45.29285340219659,16.968929942269327,13.45308635120466,1136d65dcc96c669c0b7377aee2f6446ae9a7251986d643afffb5ca0def10688,1a06238c7f9162b5bd0b34daf25ce3d5d05e3e228537edb3b48040cf6d32a857,5333.86083984375
266,4259.5849609375,0.8955078125,854.5271688607095,616,9,45.42455664394382,17.140046537061053,13.601506671367334,81baca873aeb9b08d990feceb0898937e3aa4559b441f70d5ef25bcc322eeb4e,68b999973ac7b24fc142fe40f5a03de069e27efff5baee07d162c1de1ea850b1,5298.578125
267,4262.3515625,0.8974609375,848.0728657608153,609,6,44.434559351392664,17.049259219110766,13.591591538202827,bbbba9724592944451eec6a6d2c508c9046c80129000a9e6e2b8afd0d4767bca,84ed1151e6de19e2b80eafe9034a991d81f72b047af538aee22fe4b0022913b7,5259.236328125
268,4259.9296875,0.8994140625,860.7714345376737,619,6,45.31618984570089,16.866572532300353,13.348002854030142,8c16f26e6aec84eb5ffbe7a1821e171a3a1cf6fbf189a10cca38b23391a9b20e,988f691b588e4331d4378be2cf61dcf2ba62cd9b5fe64243d517be2b99028f40,5277.908203125
269,4257.74853515625,0.89453125,843.1021574610223,611,7,45.15384163426872,16.964954141564657,13.496288385932646,479e807e652764db8d06a889d005c23fe3dc18f1be51678c3ab80cd67ff0e387,2c308c33e93bf206f45b0f1a0631400bd35cc424794098935ef0eaafe6acc094,5316.53857421875
270,4243.568359375,0.8974609375,860.1278694053582,627,6,45.98435959043477,17.17090253275807,13.525451465640625,3622e65328ef085443b6c65c5ddfcbd24ab412ff23372984c8fcd96d75c6989a,fa1b3ef510b6a85d2046f5775ce6cb1566fcebe86cd739406fb54564081ee09c,5316.5166015625
271,4239.0185546875,0.89453125,853.8373264503224,626,6,45.53376804993185,17.01323797779273,13.562404553740238,2403519eadcff5cee733ea61e00544aae3c0db7d6d84404219e20a3042ea9e8c,094854c675dc71990e1b63cef0b4b13698c3afd21244dcb7aaa790154bfa337c,5309.37744140625
272,4257.50390625,0.888671875,872.5232564996782,600,7,44.89531766759681,17.301688918990276,13.613403136845271,77c0df83cb07e92ab46bf4f5268c928a5165e91088e2be0a72b557b3b9898db1,381957e6718fd51085c9fb48d63dd01001c7c1e9a9b44cdc94fbb39106a5dc67,5265.70263671875
273,4252.89794921875,0.8955078125,857.4883313410085,616,6,45.24276719557293,17.21174294059191,13.502668221938334,1d5c660c3862c7d6b4d5e16d139e2c67d03f9fb0b509dc18893af51306771118,f2c1de098aba197dd273074e811673b007fb566ef000259a5670c63e5aee14aa,5297.91796875
274,4239.45654296875,0.8759765625,862.5655147558804,611,6,45.226157104237814,17.106633897584857,13.349556753036012,2d0ca2566c377901b9d44a232f56e1c1b964c74594aa27e446fa1bd68899dd8b,6fbccff909a05738128628f9a85c573c7cc2d86c4ac0daf1f9a8b98154b53bdf,5306.04736328125
275,4231.97509765625,0.8837890625,869.6969833430501,615,6,45.83135451472129,17.377896979442134,13.547551556126399,cd6b3b73e0a89024ffbb2e5d628fa122be42c505cd723ec651093e1ed3ecba56,9c9fc526f6fc40b4df9ec3db13f361d0d5ce92fd6deca89646848a1879658239,5302.4091796875
276,4240.52099609375,0.892578125,861.4763383111659,614,7,45.3883979717572,17.126604634651773,13.364882108686759,a7e002f37ec2daf49e5677121be0d757901c9e63d2d0b5c261e851327808e5d7,82e6224af5fe9c4f1119f27d4479fc73c21d280fe8b3d4bb1f99ae9af63049b1,5266.04052734375
277,4241.287109375,0.8837890625,864.6256743076268,623,6,45.46562671343358,17.30234640196795,13.560461702926698,cedec3b79b1b3ce7d4dbe39f84e9196537065c6057d65a9ddf5616bf3b8c2841,76f7d87cde3b77218ab774760c7a752a87436721209b0b5a860974922c42155b,5266.24560546875
278,4241.59716796875,0.8935546875,854.6539327337956,622,6,46.0731094972007,17.170833420812933,13.18743033477907,8563bf2921d5b596e38edbe4c05dc28702a8d4e323fe0377541094929e87679c,98d6e0719470b51b335c03fa9954f8ae3ff617f96410ca1aca600b9b649c5ce9,5286.3134765625
279,4247.3935546875,0.90234375,851.159821990917,597,9,46.954637157870714,17.36868371088578,13.381536932384815,736181d4c0d93c34584f8ed8f0ef138c3277269d60706f5569974f082480f501,e436bb4041602b26b0acad9f71f5490ae5e9c819054797dd897a840c5488553b,5289.85986328125
280,4256.3056640625,0.8837890625,844.3537132349394,618,6,45.95937470099317,17.348865494485935,13.578702438174082,f6c7464bb5d916cd2020bc558acee14eda917af8bd4602ca408e703940c02fed,42732c58e1827cd779deebc45038469b8170da737fe80adb0136857f69c4f85e,5288.951171875
281,4258.98876953125,0.900390625,853.8150440494306,617,7,46.29676221570071,17.528604915252135,13.316683884394825,03d1102b35f2085988cf5e742ee911986ee35410b8fd4bc7923f427c8306414e,e960fccbdd0ebc286cc29f0a10b8c00a7208df7ae18e836ad61e4a6bfea963d6,5267.51904296875
282,4248.81787109375,0.9033203125,854.118799725461,612,6,46.98431371143703,17.33468350242299,13.432293883677124,3fd37217a8d3d362180c8f8c920f022d93b21cb5746189e932d39c188618839e,8e8eff1f638c128519a60b44743b932ca6b510094840defab3977513d9031222,5325.72265625
283,4263.03955078125,0.88671875,866.885122966655,597,8,45.720841875791336,17.27330702494353,13.325795484218624,ec9071cb1c254686d8c3907d32adad39238033916658bf8d3215ff5873c42341,07a9a327f85483fa6df489c904678cd3a0190c95179d04ad18d1488d17547782,5315.30126953125
284,4248.150390625,0.8955078125,848.9223167691049,606,6,47.13268495045944,17.288998057240207,13.452229935042455,24479919eca5eb454a27362d4758da7e7ec7224a5093f8811215f4ad2a464c07,51c599f4dd77103113428100e3bd7b5c91f25ee156721e53ad92c0af754a21a9,5296.359375
285,4243.58056640625,0.8720703125,842.9372768325229,618,8,46.62833015040806,17.15865551023998,13.608351923739466,82c7ea0de808927134a046c2b40c2741a531171f964cebbe636184359db44224,4428ccc39b9d4e2876b78f7d2c431f25d68066f7b16cf12978afd0b9f4fd1d40,5322.35986328125
286,4238.38671875,0.8740234375,862.9050422906765,617,6,46.39206330717664,16.99220327120591,13.385602715644302,17168677133e2db28c12ab158941b0b5e56c367d3ff1dd1408f747b708049005,0f25798115d4829b36bc1de858d1c4ecadfb5761e9bc10fe515015e356954fe8,5367.56298828125
287,4239.77783203125,0.8642578125,857.4961810532792,606,7,45.42394961051584,17.123608658262224,13.290111546934694,287881efb01cdfd29701320e10356d18033a8dea940b8d5a5b3e604e242815d8,6be3d4a55dc385f9e42bb932ab6e464ead73c2ba9037c50ce681728fd6bb9f2b,5329.73388671875
288,4232.3994140625,0.8896484375,856.6464977009566,633,6,45.9489425904182,17.461946854498755,13.61229771865776,f71ea734787a328b946ed537e5449c3015ccc91c5eaa8ff7303d6b28de649710,e086f4c29139de8901b1019f289ba51ba996114e0814ae13872a7865369f92dd,5293.521484375
289,4230.775390625,0.8955078125,865.3216107153291,620,7,46.55947347898081,17.72928066306497,13.815883260708615,e31676e7b1b10d3a0133f7d2b3a03fc01c7db9cffb2ae8d03a9db8660a8d62c6,829b1f5d188233b48877466e574a65c501dec116af72f7727ec325cbcae18bdc,5292.38916015625
290,4231.90771484375,0.892578125,858.6796069030979,613,7,46.84494826858332,17.547306721018057,13.562165329731862,63f3f3859ec70cde1d2b8741d28b1a9f9775add86f919d24a127a19a8c1dac84,ce564755855a353b72d33483572f65b1d1e43545cd750ab4e9a8c8fabfb3c4c1,5275.04150390625
291,4216.7490234375,0.8916015625,855.0983561797533,632,8,47.146970677993714,17.55861991782057,13.67817673690362,0da83a425fc89ef67e17e9831b3b6fb4c060b16f066de2a50bc2930d03f7cffa,9857b77c4cfc897f5b2c3094a4e4755fde6b6b106e179dc2f3de398a86266efb,5347.58447265625
292,4230.408203125,0.8837890625,860.9772972379244,619,7,46.72450304075778,17.551897509484725,13.780308688118218,7114dd16344195edfa1142f1a32baa818b280801300e2267425b5bdc41d7596e,a079a4f5c822f90df7c96d69b0b3ac84acd382a6f07d7acb7719c2e01ffaa55d,5342.6533203125
293,4227.64404296875,0.8818359375,859.8076476427769,598,6,46.7017769605124,17.39621970203988,13.643168300734589,a187adaf09fd4ae0ec9195419af3695cf1022861d122ab73d4ae825f1de2f057,818a7301de478715aa7e57e7e36428fe24d49e50e7af8746bdb9602c9eb5d3e7,5361.09619140625
294,4227.21337890625,0.8994140625,869.2900130516699,617,7,47.51545643186509,17.733793764576646,13.800319051495139,b9e350c7664bbb2be14264b4171889e882737d5489d07333c2db7dc3cfd199d6,a2475d0eacacc77b33e8a8e46b10b5150a8f4ea55a739ae5481b6cd051a5bbf1,5349.05126953125
295,4220.46142578125,0.88671875,850.6225734191028,619,6,47.28721976370477,17.97575460857265,13.991200146836189,97b5c41ca091a404f940456316a79a1e27d1a910c1a6d4f5768b3a14d956cb8e,9d3648c0dd847159e44c8b2a118cd8f42d00c8c435a428839668eba591279ddd,5331.94873046875
296,4234.99755859375,0.8818359375,857.7238127553723,622,6,46.4000000921445,17.73897660701706,13.691511204709542,49d86b350918d24c4576242afc3bd085db4eac14812adc4bf83fe5dbb80c9e38,2b374f46daaa6a340ec5e7eda389cc89cc6395beadad491f0a18b2aa8f612b5c,5283.1748046875
297,4232.4609375,0.884765625,854.479838598131,614,6,46.48089474512809,17.912469345882737,13.906743291161424,db089c5404a790fd3f53b19c4eaac125f2b5d80114d671f681e4be19e2b738d4,3869928b902ae07ff94b3d8c5fdba7ad25a5af090038627d9c1213050d0b27cb,5282.56591796875
298,4234.24462890625,0.8974609375,856.332487527667,611,7,47.04983571373045,17.90139502295289,13.895068093847023,3a92de883696c38881902b75a74edf5582a85361ade63fcccd0803cf91ae02a0,bdcbb29fd8e3d4af89cc972fa15123ce4bb93b38ac3a048ba71e1dd490c32ac3,5363.44091796875
299,4237.212890625,0.8828125,851.2919681747815,614,5,46.313990342219704,18.027510077587188,13.96314274576288,e9ccc6490f8a2428be8a32cafe1eccbedf378d53b6c3fb40acf712f7e91bbba4,24dbc2dbb0045d2086beca0ba19a77f21d814c24a1c0855c6b1d7a4abaa409c4,5363.21142578125
300,4234.45849609375,0.890625,853.3398688356745,620,6,46.86721781462957,18.106792053743504,13.93825666748857,82cb0c60a3d39a0e47740d336bed611a74108cdb7425e5bd3ecb97577a51c7ee,c051735a5f454b9bc590038186bb978d4c3a1ffd17fae04efedc7ac9f886acb9,5326.26904296875
