seed,floor,combination,projected_covariance_rmse,quadratic,logdet,constant,nll
0,1e-08,true_drift_arff_covariance,0.11200276952763989,28338.088955368854,-14.298238185521608,1.8378770664093453,28325.62859424975
0,1e-08,hybrid,0.11200276952763989,28360.09796942594,-14.298238185521608,1.8378770664093453,28347.63760830683
0,1e-08,arff_original,0.11200276952763989,29764.21351118043,-14.298238185521608,1.8378770664093453,29751.753150061322
0,1e-06,true_drift_arff_covariance,0.1120027683750724,284.0283093208706,-13.232601804483965,1.8378770664093453,272.63358458279606
0,1e-06,hybrid,0.1120027683750724,284.24704908532976,-13.232601804483965,1.8378770664093453,272.85232434725515
0,1e-06,arff_original,0.1120027683750724,298.2933339493446,-13.232601804483965,1.8378770664093453,286.89860921126996
0,0.0001,true_drift_arff_covariance,0.11200265803647946,3.412870638206061,-12.166637258866457,1.8378770664093453,-6.9158895542510495
0,0.0001,hybrid,0.11200265803647946,3.4148995046507467,-12.166637258866457,1.8378770664093453,-6.913860687806365
0,0.0001,arff_original,0.11200265803647946,3.5568832779601873,-12.166637258866457,1.8378770664093453,-6.771876914496923
0,0.001,true_drift_arff_covariance,0.11200211438608396,0.8343684711767188,-11.630660562001594,1.8378770664093453,-8.95841502441553
0,0.001,hybrid,0.11200211438608396,0.8345143909030199,-11.630660562001594,1.8378770664093453,-8.95826910468923
0,0.001,arff_original,0.11200211438608396,0.8498013282715571,-11.630660562001594,1.8378770664093453,-8.94298216732069
1,1e-08,true_drift_arff_covariance,0.11638469787901977,29871.027369789816,-14.200361089511699,1.8378770664093453,29858.66488576671
1,1e-08,hybrid,0.11638469787901977,29880.092315215392,-14.200361089511699,1.8378770664093453,29867.729831192297
1,1e-08,arff_original,0.11638469787901977,32012.63319967566,-14.200361089511699,1.8378770664093453,32000.270715652554
1,1e-06,true_drift_arff_covariance,0.11638469666904738,299.27688088502737,-13.170875294434062,1.8378770664093453,287.94388265700263
1,1e-06,hybrid,0.11638469666904738,299.3677428531034,-13.170875294434062,1.8378770664093453,288.0347446250787
1,1e-06,arff_original,0.11638469666904738,320.695962671676,-13.170875294434062,1.8378770664093453,309.36296444365126
1,0.0001,true_drift_arff_covariance,0.11638458036730782,3.554356662402794,-12.141086132962707,1.8378770664093453,-6.7488524041505675
1,0.0001,hybrid,0.11638458036730782,3.5554913976318274,-12.141086132962707,1.8378770664093453,-6.747717668921536
1,0.0001,arff_original,0.11638458036730782,3.77156241853805,-12.141086132962707,1.8378770664093453,-6.531646648015314
1,0.001,true_drift_arff_covariance,0.11638395218721058,0.8558994284280041,-11.622606388049933,1.8378770664093453,-8.928829893212582
1,0.001,hybrid,0.11638395218721058,0.8559958941844761,-11.622606388049933,1.8378770664093453,-8.92873342745611
1,0.001,arff_original,0.11638395218721058,0.8792607568018357,-11.622606388049933,1.8378770664093453,-8.90546856483875
2,1e-08,true_drift_arff_covariance,0.11600724275943408,36894.9415592794,-14.15339224190471,1.8378770664093453,36882.62604410391
2,1e-08,hybrid,0.11600724275943408,36978.13047236476,-14.15339224190471,1.8378770664093453,36965.814957189265
2,1e-08,arff_original,0.11600724275943408,37848.39104159228,-14.15339224190471,1.8378770664093453,37836.07552641678
2,1e-06,true_drift_arff_covariance,0.11600724125544207,369.5378945347111,-13.142557386080322,1.8378770664093453,358.2332142150401
2,1e-06,hybrid,0.11600724125544207,370.36972439222836,-13.142557386080322,1.8378770664093453,359.0650440725574
2,1e-06,arff_original,0.11600724125544207,379.07590230044656,-13.142557386080322,1.8378770664093453,367.77122198077564
2,0.0001,true_drift_arff_covariance,0.11600709540606097,4.26976693591814,-12.131450270880734,1.8378770664093453,-6.0238062685532485
2,0.0001,hybrid,0.11600709540606097,4.278024304752748,-12.131450270880734,1.8378770664093453,-6.015548899718641
2,0.0001,arff_original,0.11600709540606097,4.367147968782809,-12.131450270880734,1.8378770664093453,-5.926425235688581
2,0.001,true_drift_arff_covariance,0.11600618555755927,0.9312986736262421,-11.621477590580307,1.8378770664093453,-8.85230185054472
2,0.001,hybrid,0.11600618555755927,0.9321695419415555,-11.621477590580307,1.8378770664093453,-8.851430982229406
2,0.001,arff_original,0.11600618555755927,0.9423299710713898,-11.621477590580307,1.8378770664093453,-8.841270553099571
3,1e-08,true_drift_arff_covariance,0.1127183921486273,27333.0277827259,-14.344995725431904,1.8378770664093453,27320.520664066877
3,1e-08,hybrid,0.1127183921486273,27336.650421019887,-14.344995725431904,1.8378770664093453,27324.14330236087
3,1e-08,arff_original,0.1127183921486273,28835.13513271017,-14.344995725431904,1.8378770664093453,28822.62801405115
3,1e-06,true_drift_arff_covariance,0.11271839099830411,273.9290246017082,-13.269688487003686,1.8378770664093453,262.4972131811138
3,1e-06,hybrid,0.11271839099830411,273.9646535759291,-13.269688487003686,1.8378770664093453,262.5328421553348
3,1e-06,arff_original,0.11271839099830411,288.9610359485125,-13.269688487003686,1.8378770664093453,277.5292245279182
3,0.0001,true_drift_arff_covariance,0.1127182808519485,3.2905957067035634,-12.19386971402287,1.8378770664093453,-7.06539694090996
3,0.0001,hybrid,0.1127182808519485,3.290625209221075,-12.19386971402287,1.8378770664093453,-7.065367438392449
3,0.0001,arff_original,0.1127182808519485,3.442018163980968,-12.19386971402287,1.8378770664093453,-6.913974483632555
3,0.001,true_drift_arff_covariance,0.11271773918950218,0.8234058462766638,-11.652320120532368,1.8378770664093453,-8.99103720784636
3,0.001,hybrid,0.11271773918950218,0.8234014492743496,-11.652320120532368,1.8378770664093453,-8.991041604848675
3,0.001,arff_original,0.11271773918950218,0.8395260789687716,-11.652320120532368,1.8378770664093453,-8.974916975154253
4,1e-08,true_drift_arff_covariance,0.11586471572335828,41083.7496723367,-14.301054228751134,1.8378770664093453,41071.28649517436
4,1e-08,hybrid,0.11586471572335828,41086.230311862535,-14.301054228751134,1.8378770664093453,41073.767134700196
4,1e-08,arff_original,0.11586471572335828,42025.24020707008,-14.301054228751134,1.8378770664093453,42012.77702990774
4,1e-06,true_drift_arff_covariance,0.11586471405505339,411.42392777486833,-13.243937412557568,1.8378770664093453,400.0178674287202
4,1e-06,hybrid,0.11586471405505339,411.4489374446251,-13.243937412557568,1.8378770664093453,400.04287709847677
4,1e-06,arff_original,0.11586471405505339,420.8415634943828,-13.243937412557568,1.8378770664093453,409.43550314823455
4,0.0001,true_drift_arff_covariance,0.1158645520511214,4.69457079868324,-12.186719999529942,1.8378770664093453,-5.654272134437358
4,0.0001,hybrid,0.1158645520511214,4.6950072479682055,-12.186719999529942,1.8378770664093453,-5.653835685152391
4,0.0001,arff_original,0.1158645520511214,4.791418936447373,-12.186719999529942,1.8378770664093453,-5.557423996673223
4,0.001,true_drift_arff_covariance,0.11586351939665479,0.9822372571230011,-11.654672180546825,1.8378770664093453,-8.834557857014481
4,0.001,hybrid,0.11586351939665479,0.9823329830673027,-11.654672180546825,1.8378770664093453,-8.834462131070179
4,0.001,arff_original,0.11586351939665479,0.9929276835939298,-11.654672180546825,1.8378770664093453,-8.823867430543551
5,1e-08,true_drift_arff_covariance,0.10989774944402697,26983.689983160544,-14.235305986036838,1.8378770664093453,26971.292554240918
5,1e-08,hybrid,0.10989774944402697,27004.48327420878,-14.235305986036838,1.8378770664093453,26992.08584528915
5,1e-08,arff_original,0.10989774944402697,28026.58546521864,-14.235305986036838,1.8378770664093453,28014.188036299012
5,1e-06,true_drift_arff_covariance,0.10989774828418869,270.39460626743875,-13.208122776052193,1.8378770664093453,259.0243605577959
5,1e-06,hybrid,0.10989774828418869,270.6031274615244,-13.208122776052193,1.8378770664093453,259.23288175188156
5,1e-06,arff_original,0.10989774828418869,280.82190646216395,-13.208122776052193,1.8378770664093453,269.4516607525211
5,0.0001,true_drift_arff_covariance,0.10989763716236826,3.2545291374704735,-12.180483690627232,1.8378770664093453,-7.088077486747413
5,0.0001,hybrid,0.10989763716236826,3.2568109438018036,-12.180483690627232,1.8378770664093453,-7.085795680416084
5,0.0001,arff_original,0.10989763716236826,3.3586974838838977,-12.180483690627232,1.8378770664093453,-6.98390914033399
5,0.001,true_drift_arff_covariance,0.10989708217993907,0.8160962737661875,-11.662437929726698,1.8378770664093453,-9.008464589551163
5,0.001,hybrid,0.10989708217993907,0.816306285351686,-11.662437929726698,1.8378770664093453,-9.008254577965666
5,0.001,arff_original,0.10989708217993907,0.8274309587860965,-11.662437929726698,1.8378770664093453,-8.997129904531254
6,1e-08,true_drift_arff_covariance,0.11538586499787917,28923.681484264373,-14.362704757471741,1.8378770664093453,28911.156656573312
6,1e-08,hybrid,0.11538586499787917,28890.949782496493,-14.362704757471741,1.8378770664093453,28878.424954805432
6,1e-08,arff_original,0.11538586499787917,31395.419182193524,-14.362704757471741,1.8378770664093453,31382.894354502463
6,1e-06,true_drift_arff_covariance,0.11538586379004107,289.8013287570262,-13.28002924674594,1.8378770664093453,278.3591765766896
6,1e-06,hybrid,0.11538586379004107,289.47387461902576,-13.28002924674594,1.8378770664093453,278.0317224386892
6,1e-06,arff_original,0.11538586379004107,314.5195092792084,-13.28002924674594,1.8378770664093453,303.07735709887186
6,0.0001,true_drift_arff_covariance,0.11538574787542592,3.4563377025727227,-12.196974780233283,1.8378770664093453,-6.902760011251216
6,0.0001,hybrid,0.11538574787542592,3.453049426466846,-12.196974780233283,1.8378770664093453,-6.906048287357093
6,0.0001,arff_original,0.11538574787542592,3.7052931347909084,-12.196974780233283,1.8378770664093453,-6.6538045790330305
6,0.001,true_drift_arff_covariance,0.11538515003864273,0.8423227558669915,-11.65235604644498,1.8378770664093453,-8.972156224168643
6,0.001,hybrid,0.11538515003864273,0.8420216275980048,-11.65235604644498,1.8378770664093453,-8.97245735243763
6,0.001,arff_original,0.11538515003864273,0.8691558236270653,-11.65235604644498,1.8378770664093453,-8.945323156408568
7,1e-08,true_drift_arff_covariance,0.10951689306836494,41973.39097216216,-14.336225480466167,1.8378770664093453,41960.89262374811
7,1e-08,hybrid,0.10951689306836494,41987.46616133543,-14.336225480466167,1.8378770664093453,41974.96781292138
7,1e-08,arff_original,0.10951689306836494,44790.98880765147,-14.336225480466167,1.8378770664093453,44778.490459237415
7,1e-06,true_drift_arff_covariance,0.10951689126218238,420.31669238169377,-13.278878405763304,1.8378770664093453,408.8756910423398
7,1e-06,hybrid,0.10951689126218238,420.45755369618246,-13.278878405763304,1.8378770664093453,409.01655235682847
7,1e-06,arff_original,0.10951689126218238,448.49811951955854,-13.278878405763304,1.8378770664093453,437.05711818020455
7,0.0001,true_drift_arff_covariance,0.10951671571714394,4.780161781051867,-12.221289696512253,1.8378770664093453,-5.603250849051041
7,0.0001,hybrid,0.10951671571714394,4.78162229270102,-12.221289696512253,1.8378770664093453,-5.601790337401887
7,0.0001,arff_original,0.10951671571714394,5.066740524797642,-12.221289696512253,1.8378770664093453,-5.316672105305266
7,0.001,true_drift_arff_covariance,0.10951558208257728,0.985906092975132,-11.68886429504212,1.8378770664093453,-8.865081135657642
7,0.001,hybrid,0.10951558208257728,0.9860909948653589,-11.68886429504212,1.8378770664093453,-8.864896233767414
7,0.001,arff_original,0.10951558208257728,1.0171171801333831,-11.68886429504212,1.8378770664093453,-8.83387004849939
8,1e-08,true_drift_arff_covariance,0.11051221681705224,36276.59335448563,-14.142109742181958,1.8378770664093453,36264.28912180985
8,1e-08,hybrid,0.11051221681705224,36274.835437116824,-14.142109742181958,1.8378770664093453,36262.53120444106
8,1e-08,arff_original,0.11051221681705224,37160.004523849595,-14.142109742181958,1.8378770664093453,37147.70029117382
8,1e-06,true_drift_arff_covariance,0.110512215219198,363.3550612141899,-13.135880056543561,1.8378770664093453,352.05705822405565
8,1e-06,hybrid,0.110512215219198,363.3376506339259,-13.135880056543561,1.8378770664093453,352.0396476437916
8,1e-06,arff_original,0.110512215219198,372.18803342695196,-13.135880056543561,1.8378770664093453,360.89003043681777
8,0.0001,true_drift_arff_covariance,0.11051206017277188,4.199846051530273,-12.129031702244934,1.8378770664093453,-6.091308584305315
8,0.0001,hybrid,0.11051206017277188,4.199661684335009,-12.129031702244934,1.8378770664093453,-6.09149295150058
8,0.0001,arff_original,0.11051206017277188,4.2886223077171755,-12.129031702244934,1.8378770664093453,-6.002532328118413
8,0.001,true_drift_arff_covariance,0.11051108958580984,0.9204864362396191,-11.622899090657587,1.8378770664093453,-8.864535588008621
8,0.001,hybrid,0.11051108958580984,0.9204644439066786,-11.622899090657587,1.8378770664093453,-8.864557580341561
8,0.001,arff_original,0.11051108958580984,0.9302651680978834,-11.622899090657587,1.8378770664093453,-8.854756856150358
9,1e-08,true_drift_arff_covariance,0.11362735226124787,26235.856726370865,-14.253408993353275,1.8378770664093453,26223.441194443923
9,1e-08,hybrid,0.11362735226124787,26235.970281392765,-14.253408993353275,1.8378770664093453,26223.554749465824
9,1e-08,arff_original,0.11362735226124787,28323.663827319084,-14.253408993353275,1.8378770664093453,28311.248295392143
9,1e-06,true_drift_arff_covariance,0.11362735120041968,262.9258968674395,-13.204351224985187,1.8378770664093453,251.5594227088637
9,1e-06,hybrid,0.11362735120041968,262.9266271898936,-13.204351224985187,1.8378770664093453,251.5601530313178
9,1e-06,arff_original,0.11362735120041968,283.81301450746963,-13.204351224985187,1.8378770664093453,272.4465403488938
9,0.0001,true_drift_arff_covariance,0.11362724991995109,3.1845358858890633,-12.154690617022283,1.8378770664093453,-7.132277664723872
9,0.0001,hybrid,0.11362724991995109,3.1844909802373973,-12.154690617022283,1.8378770664093453,-7.132322570375539
9,0.0001,arff_original,0.11362724991995109,3.396995964654669,-12.154690617022283,1.8378770664093453,-6.919817585958267
9,0.001,true_drift_arff_covariance,0.11362677579983933,0.8135880431616953,-11.626567693997703,1.8378770664093453,-8.975102584426663
9,0.001,hybrid,0.11362677579983933,0.8136032259607913,-11.626567693997703,1.8378770664093453,-8.975087401627567
9,0.001,arff_original,0.11362677579983933,0.8362330414988454,-11.626567693997703,1.8378770664093453,-8.952457586089514
10,1e-08,true_drift_arff_covariance,0.11361306816457863,37964.33601623871,-14.376353215992276,1.8378770664093453,37951.79754008913
10,1e-08,hybrid,0.11361306816457863,37935.204947880295,-14.376353215992276,1.8378770664093453,37922.66647173071
10,1e-08,arff_original,0.11361306816457863,39256.28229991048,-14.376353215992276,1.8378770664093453,39243.7438237609
10,1e-06,true_drift_arff_covariance,0.11361306663774298,380.20136354322545,-13.285388398931694,1.8378770664093453,368.75385221070314
10,1e-06,hybrid,0.11361306663774298,379.91012522697116,-13.285388398931694,1.8378770664093453,368.4626138944488
10,1e-06,arff_original,0.11361306663774298,393.1215758142516,-13.285388398931694,1.8378770664093453,381.67406448172926
10,0.0001,true_drift_arff_covariance,0.11361291905563287,4.357529108675428,-12.194203675207204,1.8378770664093453,-5.998797500122432
10,0.0001,hybrid,0.11361291905563287,4.3547434124451145,-12.194203675207204,1.8378770664093453,-6.001583196352745
10,0.0001,arff_original,0.11361291905563287,4.487466156998396,-12.194203675207204,1.8378770664093453,-5.8688604517994625
10,0.001,true_drift_arff_covariance,0.11361204247200814,0.9339879653657576,-11.645516069267932,1.8378770664093453,-8.87365103749283
10,0.001,hybrid,0.11361204247200814,0.9337810112284407,-11.645516069267932,1.8378770664093453,-8.873857991630146
10,0.001,arff_original,0.11361204247200814,0.947500469951742,-11.645516069267932,1.8378770664093453,-8.860138532906847
11,1e-08,true_drift_arff_covariance,0.11001439023395156,30181.753957506466,-14.307186322607112,1.8378770664093453,30169.28464825027
11,1e-08,hybrid,0.11001439023395156,30277.233749776828,-14.307186322607112,1.8378770664093453,30264.764440520634
11,1e-08,arff_original,0.11001439023395156,31383.054292509383,-14.307186322607112,1.8378770664093453,31370.584983253186
11,1e-06,true_drift_arff_covariance,0.1100143889845033,302.3774393406725,-13.250760281941442,1.8378770664093453,290.9645561251404
11,1e-06,hybrid,0.1100143889845033,303.3325894373457,-13.250760281941442,1.8378770664093453,291.9197062218136
11,1e-06,arff_original,0.1100143889845033,314.39211985231907,-13.250760281941442,1.8378770664093453,302.979236636787
11,0.0001,true_drift_arff_covariance,0.11001426915332886,3.5817051551465906,-12.194082085633415,1.8378770664093453,-6.774499864077479
11,0.0001,hybrid,0.11001426915332886,3.591541387995344,-12.194082085633415,1.8378770664093453,-6.764663631228724
11,0.0001,arff_original,0.11001426915332886,3.7033320801027623,-12.194082085633415,1.8378770664093453,-6.652872939121307
11,0.001,true_drift_arff_covariance,0.11001364214237405,0.8551092378291294,-11.662134498330646,1.8378770664093453,-8.969148194092172
11,0.001,hybrid,0.11001364214237405,0.8561785187488922,-11.662134498330646,1.8378770664093453,-8.968078913172409
11,0.001,arff_original,0.11001364214237405,0.8681603790870942,-11.662134498330646,1.8378770664093453,-8.956097052834206
12,1e-08,true_drift_arff_covariance,0.11359648670022467,30987.371857246846,-14.224714048419695,1.8378770664093453,30974.985020264834
12,1e-08,hybrid,0.11359648670022467,31031.134201200606,-14.224714048419695,1.8378770664093453,31018.747364218594
12,1e-08,arff_original,0.11359648670022467,33094.01852479074,-14.224714048419695,1.8378770664093453,33081.63168780873
12,1e-06,true_drift_arff_covariance,0.11359648545140733,310.4342559966489,-13.192465151230467,1.8378770664093453,299.07966791182787
12,1e-06,hybrid,0.11359648545140733,310.8721000443727,-13.192465151230467,1.8378770664093453,299.5175119595516
12,1e-06,arff_original,0.11359648545140733,331.502276938071,-13.192465151230467,1.8378770664093453,320.14768885324986
12,0.0001,true_drift_arff_covariance,0.11359636543865599,3.6647794144251726,-12.160172616857038,1.8378770664093453,-6.657516136022521
12,0.0001,hybrid,0.11359636543865599,3.669398601898612,-12.160172616857038,1.8378770664093453,-6.652896948549081
12,0.0001,arff_original,0.11359636543865599,3.8770578301000396,-12.160172616857038,1.8378770664093453,-6.445237720347654
12,0.001,true_drift_arff_covariance,0.11359571233466947,0.8703951708594457,-11.640767598421686,1.8378770664093453,-8.932495361152895
12,0.001,hybrid,0.11359571233466947,0.8709872122087461,-11.640767598421686,1.8378770664093453,-8.931903319803595
12,0.001,arff_original,0.11359571233466947,0.8931627314182209,-11.640767598421686,1.8378770664093453,-8.90972780059412
13,1e-08,true_drift_arff_covariance,0.11256523346370806,38769.54842620701,-14.21933250933606,1.8378770664093453,38757.166970764076
13,1e-08,hybrid,0.11256523346370806,38798.934288681034,-14.21933250933606,1.8378770664093453,38786.55283323811
13,1e-08,arff_original,0.11256523346370806,41414.76737835214,-14.21933250933606,1.8378770664093453,41402.38592290923
13,1e-06,true_drift_arff_covariance,0.11256523178943045,388.27735242139437,-13.182708700470137,1.8378770664093453,376.9325207873336
13,1e-06,hybrid,0.11256523178943045,388.57064494732646,-13.182708700470137,1.8378770664093453,377.22581331326563
13,1e-06,arff_original,0.11256523178943045,414.73495783973243,-13.182708700470137,1.8378770664093453,403.39012620567166
13,0.0001,true_drift_arff_covariance,0.11256506921723541,4.443046691577966,-12.145663603779111,1.8378770664093453,-5.864739845791801
13,0.0001,hybrid,0.11256506921723541,4.4460648695684055,-12.145663603779111,1.8378770664093453,-5.861721667801363
13,0.0001,arff_original,0.11256506921723541,4.709713764975794,-12.145663603779111,1.8378770664093453,-5.598072772393976
13,0.001,true_drift_arff_covariance,0.11256403620195739,0.9406643809221281,-11.623980235929167,1.8378770664093453,-8.845438788597694
13,0.001,hybrid,0.11256403620195739,0.9410814779741068,-11.623980235929167,1.8378770664093453,-8.845021691545716
13,0.001,arff_original,0.11256403620195739,0.9682393205648646,-11.623980235929167,1.8378770664093453,-8.817863848954957
14,1e-08,true_drift_arff_covariance,0.1150569199390699,38076.31566628972,-14.25842589094801,1.8378770664093453,38063.89511746519
14,1e-08,hybrid,0.1150569199390699,38106.039198718885,-14.25842589094801,1.8378770664093453,38093.61864989434
14,1e-08,arff_original,0.1150569199390699,39546.88831045894,-14.25842589094801,1.8378770664093453,39534.4677616344
14,1e-06,true_drift_arff_covariance,0.11505691834447469,381.32411919745954,-13.20959838108922,1.8378770664093453,369.9523978827797
14,1e-06,hybrid,0.11505691834447469,381.6213730172978,-13.20959838108922,1.8378770664093453,370.24965170261794
14,1e-06,arff_original,0.11505691834447469,396.03128886616156,-13.20959838108922,1.8378770664093453,384.65956755148164
14,0.0001,true_drift_arff_covariance,0.11505676374550262,4.373064149169031,-12.160377231907342,1.8378770664093453,-5.949436016328964
14,0.0001,hybrid,0.11505676374550262,4.376031737113809,-12.160377231907342,1.8378770664093453,-5.946468428384187
14,0.0001,arff_original,0.11505676374550262,4.5208865611031825,-12.160377231907342,1.8378770664093453,-5.801613604394814
14,0.001,true_drift_arff_covariance,0.1150557999101076,0.9349009920418051,-11.632747037513857,1.8378770664093453,-8.859968979062705
14,0.001,hybrid,0.1150557999101076,0.9352224711341487,-11.632747037513857,1.8378770664093453,-8.859647499970361
14,0.001,arff_original,0.1150557999101076,0.9505123768751721,-11.632747037513857,1.8378770664093453,-8.844357594229338
15,1e-08,true_drift_arff_covariance,0.11571652406372843,32877.135577890476,-14.286740473467473,1.8378770664093453,32864.686714483425
15,1e-08,hybrid,0.11571652406372843,32907.34458511963,-14.286740473467473,1.8378770664093453,32894.89572171257
15,1e-08,arff_original,0.11571652406372843,34097.47388823198,-14.286740473467473,1.8378770664093453,34085.02502482492
15,1e-06,true_drift_arff_covariance,0.11571652271740761,329.3466070902041,-13.233998568950593,1.8378770664093453,317.95048558766285
15,1e-06,hybrid,0.11571652271740761,329.64937529881604,-13.233998568950593,1.8378770664093453,318.2532537962748
15,1e-06,arff_original,0.11571652271740761,341.55257623983744,-13.233998568950593,1.8378770664093453,330.15645473729614
15,0.0001,true_drift_arff_covariance,0.11571639293042309,3.8505942133917155,-12.180680912488246,1.8378770664093453,-6.492209632687183
15,0.0001,hybrid,0.11571639293042309,3.853750236185124,-12.180680912488246,1.8378770664093453,-6.489053609893775
15,0.0001,arff_original,0.11571639293042309,3.973629296305449,-12.180680912488246,1.8378770664093453,-6.36917454977345
15,0.001,true_drift_arff_covariance,0.11571565333486081,0.8855488302931038,-11.650639785580235,1.8378770664093453,-8.927213888877786
15,0.001,hybrid,0.11571565333486081,0.8860034243775626,-11.650639785580235,1.8378770664093453,-8.926759294793326
15,0.001,arff_original,0.11571565333486081,0.8985814447003401,-11.650639785580235,1.8378770664093453,-8.91418127447055
16,1e-08,true_drift_arff_covariance,0.1168968666408991,45864.06695333742,-14.122172049154376,1.8378770664093453,45851.78265835468
16,1e-08,hybrid,0.1168968666408991,45910.4557231503,-14.122172049154376,1.8378770664093453,45898.17142816756
16,1e-08,arff_original,0.1168968666408991,47445.81920718452,-14.122172049154376,1.8378770664093453,47433.53491220177
16,1e-06,true_drift_arff_covariance,0.11689686470692712,459.2367934845163,-13.105350472088206,1.8378770664093453,447.9693200788375
16,1e-06,hybrid,0.11689686470692712,459.7012326786642,-13.105350472088206,1.8378770664093453,448.43375927298536
16,1e-06,arff_original,0.11689686470692712,475.0562493634482,-13.105350472088206,1.8378770664093453,463.78877595776936
16,0.0001,true_drift_arff_covariance,0.11689667556647047,5.169839830596607,-12.0881552861323,1.8378770664093453,-5.080438389126347
16,0.0001,hybrid,0.11689667556647047,5.174758346320699,-12.0881552861323,1.8378770664093453,-5.075519873402256
16,0.0001,arff_original,0.11689667556647047,5.329369125166937,-12.0881552861323,1.8378770664093453,-4.920909094556018
16,0.001,true_drift_arff_covariance,0.11689537140552225,1.0249361278618907,-11.576203149838308,1.8378770664093453,-8.71338995556707
16,0.001,hybrid,0.11689537140552225,1.0254469446990297,-11.576203149838308,1.8378770664093453,-8.712879138729932
16,0.001,arff_original,0.11689537140552225,1.0418981665826221,-11.576203149838308,1.8378770664093453,-8.69642791684634
17,1e-08,true_drift_arff_covariance,0.11246955944245585,40379.81564703684,-14.310592854865114,1.8378770664093453,40367.34293124838
17,1e-08,hybrid,0.11246955944245585,40362.719773463854,-14.310592854865114,1.8378770664093453,40350.2470576754
17,1e-08,arff_original,0.11246955944245585,41455.04339273055,-14.310592854865114,1.8378770664093453,41442.570676942094
17,1e-06,true_drift_arff_covariance,0.11246955778008119,404.3937336098911,-13.257160174820338,1.8378770664093453,392.9744505014801
17,1e-06,hybrid,0.11246955778008119,404.2223679089783,-13.257160174820338,1.8378770664093453,392.8030848005673
17,1e-06,arff_original,0.11246955778008119,415.14737575848403,-13.257160174820338,1.8378770664093453,403.728092650073
17,0.0001,true_drift_arff_covariance,0.11246939620882795,4.617755935894245,-12.202988679301857,1.8378770664093453,-5.747355676998266
17,0.0001,hybrid,0.11246939620882795,4.61581463723013,-12.202988679301857,1.8378770664093453,-5.749296975662382
17,0.0001,arff_original,0.11246939620882795,4.727202100849114,-12.202988679301857,1.8378770664093453,-5.637909512043397
17,0.001,true_drift_arff_covariance,0.11246837589667935,0.962799057344568,-11.671078587660896,1.8378770664093453,-8.87040246390698
17,0.001,hybrid,0.11246837589667935,0.9625437901127445,-11.671078587660896,1.8378770664093453,-8.870657731138808
17,0.001,arff_original,0.11246837589667935,0.9749756588038454,-11.671078587660896,1.8378770664093453,-8.858225862447705
18,1e-08,true_drift_arff_covariance,0.11304419826869451,41138.70958326583,-14.27574142503424,1.8378770664093453,41126.27171890721
18,1e-08,hybrid,0.11304419826869451,41123.764147964415,-14.27574142503424,1.8378770664093453,41111.32628360579
18,1e-08,arff_original,0.11304419826869451,42593.879457538605,-14.27574142503424,1.8378770664093453,42581.44159317998
18,1e-06,true_drift_arff_covariance,0.1130441965975791,411.95416343221945,-13.228295466231247,1.8378770664093453,400.56374503239755
18,1e-06,hybrid,0.1130441965975791,411.8046684812083,-13.228295466231247,1.8378770664093453,400.41425008138634
18,1e-06,arff_original,0.1130441965975791,426.5084534992492,-13.228295466231247,1.8378770664093453,415.11803509942723
18,0.0001,true_drift_arff_covariance,0.11304403443722752,4.686065963140973,-12.180477926204421,1.8378770664093453,-5.656534896654102
18,0.0001,hybrid,0.11304403443722752,4.684570519117208,-12.180477926204421,1.8378770664093453,-5.658030340677868
18,0.0001,arff_original,0.11304403443722752,4.834076357506257,-12.180477926204421,1.8378770664093453,-5.508524502288819
18,0.001,true_drift_arff_covariance,0.113043005787748,0.9691860166484828,-11.652884688715657,1.8378770664093453,-8.845821605657829
18,0.001,hybrid,0.113043005787748,0.9690487957536396,-11.652884688715657,1.8378770664093453,-8.845958826552671
18,0.001,arff_original,0.113043005787748,0.9851948688561791,-11.652884688715657,1.8378770664093453,-8.829812753450133
19,1e-08,true_drift_arff_covariance,0.11125986539249462,20485.567201301645,-14.270329852413642,1.8378770664093453,20473.13474851564
19,1e-08,hybrid,0.11125986539249462,20492.599529681203,-14.270329852413642,1.8378770664093453,20480.1670768952
19,1e-08,arff_original,0.11125986539249462,21791.642852018857,-14.270329852413642,1.8378770664093453,21779.210399232852
19,1e-06,true_drift_arff_covariance,0.111259864556542,205.44603722055825,-13.218739240443258,1.8378770664093453,194.06517504652433
19,1e-06,hybrid,0.111259864556542,205.51574514946117,-13.218739240443258,1.8378770664093453,194.13488297542727
19,1e-06,arff_original,0.111259864556542,218.50228013217404,-13.218739240443258,1.8378770664093453,207.1214179581401
19,0.0001,true_drift_arff_covariance,0.1112597859376183,2.6030282752433354,-12.166823776111832,1.8378770664093453,-7.725918434459151
19,0.0001,hybrid,0.1112597859376183,2.603670930786775,-12.166823776111832,1.8378770664093453,-7.72527577891571
19,0.0001,arff_original,0.1112597859376183,2.734230735529734,-12.166823776111832,1.8378770664093453,-7.59471597417275
19,0.001,true_drift_arff_covariance,0.11125953013829443,0.7503881334736451,-11.637276843031865,1.8378770664093453,-9.049011643148875
19,0.001,hybrid,0.11125953013829443,0.750469210698532,-11.637276843031865,1.8378770664093453,-9.048930565923987
19,0.001,arff_original,0.11125953013829443,0.7643486976362763,-11.637276843031865,1.8378770664093453,-9.035051078986244
20,1e-08,true_drift_arff_covariance,0.11335689369678138,21792.012488917975,-14.221929663862253,1.8378770664093453,21779.628436320523
20,1e-08,hybrid,0.11335689369678138,21807.309835253844,-14.221929663862253,1.8378770664093453,21794.92578265639
20,1e-08,arff_original,0.11335689369678138,24706.141972945636,-14.221929663862253,1.8378770664093453,24693.757920348184
20,1e-06,true_drift_arff_covariance,0.11335689279325466,218.46887024895003,-13.183463786921935,1.8378770664093453,207.12328352843738
20,1e-06,hybrid,0.11335689279325466,218.62190485396698,-13.183463786921935,1.8378770664093453,207.27631813345434
20,1e-06,arff_original,0.11335689279325466,247.6134540933553,-13.183463786921935,1.8378770664093453,236.2678673728427
20,0.0001,true_drift_arff_covariance,0.11335680732306497,2.732234689933694,-12.144674191016605,1.8378770664093453,-7.574562434673567
20,0.0001,hybrid,0.11335680732306497,2.7337935558567072,-12.144674191016605,1.8378770664093453,-7.573003568750553
20,0.0001,arff_original,0.11335680732306497,3.0263450436732686,-12.144674191016605,1.8378770664093453,-7.280452080933991
20,0.001,true_drift_arff_covariance,0.11335647669336933,0.7665776940271388,-11.62190524363406,1.8378770664093453,-9.017450483197576
20,0.001,hybrid,0.11335647669336933,0.7667478544369244,-11.62190524363406,1.8378770664093453,-9.01728032278779
20,0.001,arff_original,0.11335647669336933,0.7971232212855901,-11.62190524363406,1.8378770664093453,-8.986904955939124
21,1e-08,true_drift_arff_covariance,0.11409139496084322,30999.881481995344,-14.07521397398584,1.8378770664093453,30987.64414508777
21,1e-08,hybrid,0.11409139496084322,31039.463754741417,-14.07521397398584,1.8378770664093453,31027.22641783384
21,1e-08,arff_original,0.11409139496084322,34676.60650228086,-14.07521397398584,1.8378770664093453,34664.36916537329
21,1e-06,true_drift_arff_covariance,0.11409139364902283,310.5868155223296,-13.094773241388975,1.8378770664093453,299.32991934734986
21,1e-06,hybrid,0.11409139364902283,310.9826387234234,-13.094773241388975,1.8378770664093453,299.72574254844386
21,1e-06,arff_original,0.11409139364902283,347.3743663237405,-13.094773241388975,1.8378770664093453,336.1174701487609
21,0.0001,true_drift_arff_covariance,0.11409126699973704,3.6671068288804536,-12.113969530777391,1.8378770664093453,-6.608985635487593
21,0.0001,hybrid,0.11409126699973704,3.6710784685986875,-12.113969530777391,1.8378770664093453,-6.60501399576936
21,0.0001,arff_original,0.11409126699973704,4.04431949719245,-12.113969530777391,1.8378770664093453,-6.231772967175597
21,0.001,true_drift_arff_covariance,0.11409053197265007,0.8646861427834079,-11.619788912310048,1.8378770664093453,-8.917225703117294
21,0.001,hybrid,0.11409053197265007,0.865055548328692,-11.619788912310048,1.8378770664093453,-8.91685629757201
21,0.001,arff_original,0.11409053197265007,0.905361385705908,-11.619788912310048,1.8378770664093453,-8.876550460194794
22,1e-08,true_drift_arff_covariance,0.11126543790005121,33287.47735864255,-14.204166576675972,1.8378770664093453,33275.11106913228
22,1e-08,hybrid,0.11126543790005121,33281.85629525708,-14.204166576675972,1.8378770664093453,33269.49000574681
22,1e-08,arff_original,0.11126543790005121,34314.65775508983,-14.204166576675972,1.8378770664093453,34302.29146557956
22,1e-06,true_drift_arff_covariance,0.11126543655698164,333.43001845824557,-13.183660863461014,1.8378770664093453,322.0842346611939
22,1e-06,hybrid,0.11126543655698164,333.3737994419776,-13.183660863461014,1.8378770664093453,322.02801564492586
22,1e-06,arff_original,0.11126543655698164,343.7035181456204,-13.183660863461014,1.8378770664093453,332.3577343485687
22,0.0001,true_drift_arff_covariance,0.1112653071602672,3.8891227723314645,-12.162890525807965,1.8378770664093453,-6.435890687067157
22,0.0001,hybrid,0.1112653071602672,3.888573320063607,-12.162890525807965,1.8378770664093453,-6.436440139335014
22,0.0001,arff_original,0.1112653071602672,3.9929906385708236,-12.162890525807965,1.8378770664093453,-6.332022820827796
22,0.001,true_drift_arff_covariance,0.11126457633312391,0.8892755908148178,-11.649436984786693,1.8378770664093453,-8.92228432756253
22,0.001,hybrid,0.11126457633312391,0.8892315384612927,-11.649436984786693,1.8378770664093453,-8.922328379916054
22,0.001,arff_original,0.11126457633312391,0.9002858554544757,-11.649436984786693,1.8378770664093453,-8.911274062922871
23,1e-08,true_drift_arff_covariance,0.112466787885736,22614.141458329745,-14.243078243349222,1.8378770664093453,22601.736257152803
23,1e-08,hybrid,0.112466787885736,22616.15953157731,-14.243078243349222,1.8378770664093453,22603.75433040037
23,1e-08,arff_original,0.112466787885736,26162.716729087275,-14.243078243349222,1.8378770664093453,26150.311527910333
23,1e-06,true_drift_arff_covariance,0.1124667868769863,226.68944017206505,-13.195171767527631,1.8378770664093453,215.33214547094676
23,1e-06,hybrid,0.1124667868769863,226.709306994058,-13.195171767527631,1.8378770664093453,215.3520122929397
23,1e-06,arff_original,0.1124667868769863,262.17597533898265,-13.195171767527631,1.8378770664093453,250.81868063786436
23,0.0001,true_drift_arff_covariance,0.11246669093285323,2.8093509635654392,-12.146716670783345,1.8378770664093453,-7.49948864080856
23,0.0001,hybrid,0.11246669093285323,2.809507868362008,-12.146716670783345,1.8378770664093453,-7.499331736011992
23,0.0001,arff_original,0.11246669093285323,3.167144576978748,-12.146716670783345,1.8378770664093453,-7.141695027395251
23,0.001,true_drift_arff_covariance,0.11246627332047775,0.7695265918711316,-11.61934177872739,1.8378770664093453,-9.011938120446914
23,0.001,hybrid,0.11246627332047775,0.7695447250253761,-11.61934177872739,1.8378770664093453,-9.01191998729267
23,0.001,arff_original,0.11246627332047775,0.8073615655714803,-11.61934177872739,1.8378770664093453,-8.974103146746565
24,1e-08,true_drift_arff_covariance,0.10980409499721343,34195.706288557194,-14.366972896890196,1.8378770664093453,34183.17719272671
24,1e-08,hybrid,0.10980409499721343,34195.340411972415,-14.366972896890196,1.8378770664093453,34182.81131614194
24,1e-08,arff_original,0.10980409499721343,35323.61053040984,-14.366972896890196,1.8378770664093453,35311.081434579355
24,1e-06,true_drift_arff_covariance,0.10980409355311256,342.54762043443253,-13.296270828647966,1.8378770664093453,331.08922667219394
24,1e-06,hybrid,0.10980409355311256,342.54515165430394,-13.296270828647966,1.8378770664093453,331.0867578920653
24,1e-06,arff_original,0.10980409355311256,353.8359479881583,-13.296270828647966,1.8378770664093453,342.37755422591965
24,0.0001,true_drift_arff_covariance,0.10980395415901323,3.9826189212176817,-12.224974908292632,1.8378770664093453,-6.404478920665603
24,0.0001,hybrid,0.10980395415901323,3.9828643949708633,-12.224974908292632,1.8378770664093453,-6.404233446912421
24,0.0001,arff_original,0.10980395415901323,4.097761883830088,-12.224974908292632,1.8378770664093453,-6.289335958053198
24,0.001,true_drift_arff_covariance,0.10980315528019427,0.8913568147270909,-11.684915017046777,1.8378770664093453,-8.955681135910343
24,0.001,hybrid,0.10980315528019427,0.8914005268074657,-11.684915017046777,1.8378770664093453,-8.955637423829964
24,0.001,arff_original,0.10980315528019427,0.9033405859644851,-11.684915017046777,1.8378770664093453,-8.943697364672946
25,1e-08,true_drift_arff_covariance,0.11180818285468984,31610.732242153823,-14.358054182804876,1.8378770664093453,31598.21206503743
25,1e-08,hybrid,0.11180818285468984,31645.928468655384,-14.358054182804876,1.8378770664093453,31633.408291538984
25,1e-08,arff_original,0.11180818285468984,33248.817334884385,-14.358054182804876,1.8378770664093453,33236.29715776799
25,1e-06,true_drift_arff_covariance,0.11180818152809975,316.664684501682,-13.281365393320858,1.8378770664093453,305.2211961747705
25,1e-06,hybrid,0.11180818152809975,317.01652860106446,-13.281365393320858,1.8378770664093453,305.573040274153
25,1e-06,arff_original,0.11180818152809975,333.04814603075295,-13.281365393320858,1.8378770664093453,321.6046577038414
25,0.0001,true_drift_arff_covariance,0.11180805398089182,3.7224485610641067,-12.204330226660002,1.8378770664093453,-6.644004599186548
25,0.0001,hybrid,0.11180805398089182,3.726033334385793,-12.204330226660002,1.8378770664093453,-6.640419825864862
25,0.0001,arff_original,0.11180805398089182,3.8875108137738286,-12.204330226660002,1.8378770664093453,-6.478942346476828
25,0.001,true_drift_arff_covariance,0.11180735891876863,0.8716525527544167,-11.661790470928905,1.8378770664093453,-8.952260851765141
25,0.001,hybrid,0.11180735891876863,0.8721068266130017,-11.661790470928905,1.8378770664093453,-8.951806577906558
25,0.001,arff_original,0.11180735891876863,0.8888073649927566,-11.661790470928905,1.8378770664093453,-8.935106039526802
26,1e-08,true_drift_arff_covariance,0.11202692482968124,41157.157644512656,-14.320272890060444,1.8378770664093453,41144.675248689004
26,1e-08,hybrid,0.11202692482968124,41213.48689392927,-14.320272890060444,1.8378770664093453,41201.00449810562
26,1e-08,arff_original,0.11202692482968124,42562.539128853605,-14.320272890060444,1.8378770664093453,42550.05673302995
26,1e-06,true_drift_arff_covariance,0.11202692297898667,412.1546605166888,-13.258550903680892,1.8378770664093453,400.7339866794173
26,1e-06,hybrid,0.11202692297898667,412.7181774686936,-13.258550903680892,1.8378770664093453,401.29750363142205
26,1e-06,arff_original,0.11202692297898667,426.21547049686063,-13.258550903680892,1.8378770664093453,414.7947966595891
26,0.0001,true_drift_arff_covariance,0.11202674296982287,4.701249919828002,-12.196102918479435,1.8378770664093453,-5.656975932242087
26,0.0001,hybrid,0.11202674296982287,4.706952669977043,-12.196102918479435,1.8378770664093453,-5.651273182093046
26,0.0001,arff_original,0.11202674296982287,4.842845354523081,-12.196102918479435,1.8378770664093453,-5.515380497547009
26,0.001,true_drift_arff_covariance,0.1120255646645897,0.97503639672305,-11.66123505686888,1.8378770664093453,-8.848321593736486
26,0.001,hybrid,0.1120255646645897,0.975529370841848,-11.66123505686888,1.8378770664093453,-8.847828619617689
26,0.001,arff_original,0.1120255646645897,0.9902572755105633,-11.66123505686888,1.8378770664093453,-8.833100714948971
27,1e-08,true_drift_arff_covariance,0.11459714164288842,26379.215600572592,-14.283556564414868,1.8378770664093453,26366.769921074585
27,1e-08,hybrid,0.11459714164288842,26425.854013001655,-14.283556564414868,1.8378770664093453,26413.408333503652
27,1e-08,arff_original,0.11459714164288842,28658.559831986302,-14.283556564414868,1.8378770664093453,28646.11415248829
27,1e-06,true_drift_arff_covariance,0.11459714052906089,264.34661826796605,-13.225518714184105,1.8378770664093453,252.95897662019132
27,1e-06,hybrid,0.11459714052906089,264.8135711921254,-13.225518714184105,1.8378770664093453,253.4259295443506
27,1e-06,arff_original,0.11459714052906089,287.14410522227996,-13.225518714184105,1.8378770664093453,275.7564635745051
27,0.0001,true_drift_arff_covariance,0.11459703400545979,3.194233237375316,-12.167033280332463,1.8378770664093453,-7.1349229765477995
27,0.0001,hybrid,0.11459703400545979,3.1990992293243514,-12.167033280332463,1.8378770664093453,-7.130056984598764
27,0.0001,arff_original,0.11459703400545979,3.4238830752452385,-12.167033280332463,1.8378770664093453,-6.905273138677879
27,0.001,true_drift_arff_covariance,0.114596517064002,0.8127406502777611,-11.634651072448383,1.8378770664093453,-8.984033355761277
27,0.001,hybrid,0.114596517064002,0.8132761274273426,-11.634651072448383,1.8378770664093453,-8.983497878611695
27,0.001,arff_original,0.114596517064002,0.8373266005163518,-11.634651072448383,1.8378770664093453,-8.959447405522686
28,1e-08,true_drift_arff_covariance,0.10801445986964933,34501.86491740997,-14.293265450772166,1.8378770664093453,34489.4095290256
28,1e-08,hybrid,0.10801445986964933,34523.63474473105,-14.293265450772166,1.8378770664093453,34511.17935634668
28,1e-08,arff_original,0.10801445986964933,36108.09778483028,-14.293265450772166,1.8378770664093453,36095.64239644591
28,1e-06,true_drift_arff_covariance,0.10801445835059847,345.59210669288046,-13.246280008987775,1.8378770664093453,334.183703750302
28,1e-06,hybrid,0.10801445835059847,345.81002035002876,-13.246280008987775,1.8378770664093453,334.40161740745026
28,1e-06,arff_original,0.10801445835059847,361.65976404840546,-13.246280008987775,1.8378770664093453,350.251361105827
28,0.0001,true_drift_arff_covariance,0.1080143115932295,4.026263774619428,-12.19907806792846,1.8378770664093453,-6.334937226899684
28,0.0001,hybrid,0.1080143115932295,4.028570977395533,-12.19907806792846,1.8378770664093453,-6.3326300241235804
28,0.0001,arff_original,0.1080143115932295,4.191730634343239,-12.19907806792846,1.8378770664093453,-6.169470367175875
28,0.001,true_drift_arff_covariance,0.10801344585662864,0.903825192249714,-11.671748502715113,1.8378770664093453,-8.930046244056054
28,0.001,hybrid,0.10801344585662864,0.9040535074100051,-11.671748502715113,1.8378770664093453,-8.929817928895764
28,0.001,arff_original,0.10801344585662864,0.9220494888561738,-11.671748502715113,1.8378770664093453,-8.911821947449594
29,1e-08,true_drift_arff_covariance,0.11408979224622676,41192.75823165897,-14.1750051471571,1.8378770664093453,41180.42110357822
29,1e-08,hybrid,0.11408979224622676,41208.677943688665,-14.1750051471571,1.8378770664093453,41196.340815607924
29,1e-08,arff_original,0.11408979224622676,43066.484302033256,-14.1750051471571,1.8378770664093453,43054.14717395251
29,1e-06,true_drift_arff_covariance,0.11408979056438957,412.5039456796041,-13.156341502016533,1.8378770664093453,401.1854812439969
29,1e-06,hybrid,0.11408979056438957,412.66365135626705,-13.156341502016533,1.8378770664093453,401.3451869206599
29,1e-06,arff_original,0.11408979056438957,431.241056269365,-13.156341502016533,1.8378770664093453,419.9225918337577
29,0.0001,true_drift_arff_covariance,0.1140896270225016,4.689849945492239,-12.137019906654505,1.8378770664093453,-5.609292894752921
29,0.0001,hybrid,0.1140896270225016,4.691516801585269,-12.137019906654505,1.8378770664093453,-5.60762603865989
29,0.0001,arff_original,0.1140896270225016,4.879959128182312,-12.137019906654505,1.8378770664093453,-5.419183712062848
29,0.001,true_drift_arff_covariance,0.11408856992015604,0.9739065532862891,-11.623721059096312,1.8378770664093453,-8.811937439400678
29,0.001,hybrid,0.11408856992015604,0.9741205075580325,-11.623721059096312,1.8378770664093453,-8.811723485128933
29,0.001,arff_original,0.11408856992015604,0.994690508017897,-11.623721059096312,1.8378770664093453,-8.79115348466907
